ts,event_slug,check,strong_slug,weak_slug,bid_strong,ask_weak,gross_gap,net_gap,exec_size,verified_gross_gap,still_violated,accepting_both
2026-07-08T14:12:38+00:00,mlb-atl-cws-2026-06-11,cover_ladder,mlb-atl-cws-2026-06-11-spread-away-2pt5,mlb-atl-cws-2026-06-11-spread-away-1pt5,0.31,0.3,0.01,-0.005,14.3,,,
2026-07-08T14:17:16+00:00,mlb-atl-cws-2026-06-11,cover_ladder,mlb-atl-cws-2026-06-11-spread-away-2pt5,mlb-atl-cws-2026-06-11-spread-away-1pt5,0.31,0.3,0.01,-0.005,14.3,,,
2026-07-08T18:38:24+00:00,atp-vukic-broady-2026-07-06,over_ladder,atp-vukic-broady-2026-07-06-match-total-23pt5,atp-vukic-broady-2026-07-06-match-total-22pt5,0.02,0.01,0.01,0.007,250.0,,,
2026-07-09T16:56:41+00:00,atp-johns-maloney-2026-07-08,over_ladder,atp-johns-maloney-2026-07-08-first-set-total-10pt5,atp-johns-maloney-2026-07-08-first-set-total-9pt5,0.002,0.001,0.001,0.0007,100.0,,,
2026-07-09T19:55:27+00:00,mlb-nyy-tb-2026-07-09,spread_implies_ml,mlb-nyy-tb-2026-07-09-spread-home-1pt5,mlb-nyy-tb-2026-07-09,0.01,0.001,0.009,0.0079,5.0,,,
2026-07-09T19:56:32+00:00,mlb-nyy-tb-2026-07-09,spread_implies_ml,mlb-nyy-tb-2026-07-09-spread-home-1pt5,mlb-nyy-tb-2026-07-09,0.01,0.001,0.009,0.0079,5.0,,,
2026-07-09T19:57:38+00:00,mlb-nyy-tb-2026-07-09,spread_implies_ml,mlb-nyy-tb-2026-07-09-spread-home-1pt5,mlb-nyy-tb-2026-07-09,0.01,0.001,0.009,0.0079,5.0,,,
2026-07-09T22:00:43+00:00,fifwc-fra-mar-2026-07-09-total-corners,over_ladder,fifwc-fra-mar-2026-07-09-corners-total-11pt5,fifwc-fra-mar-2026-07-09-corners-total-10pt5,0.011,0.01,0.001,-0.0011,5.0,,,
2026-07-10T00:51:39+00:00,mlb-laa-tex-2026-07-09,over_ladder,mlb-laa-tex-2026-07-09-total-8pt5,mlb-laa-tex-2026-07-09-total-7pt5,0.58,0.56,0.02,0.005,5.0,,,
2026-07-10T00:57:02+00:00,mlb-sea-mia-2026-07-09,spread_implies_ml,mlb-sea-mia-2026-07-09-spread-away-1pt5,mlb-sea-mia-2026-07-09,0.01,0.009,0.001,-0.0009,10.0,,,
2026-07-10T00:58:05+00:00,mlb-sea-mia-2026-07-09,spread_implies_ml,mlb-sea-mia-2026-07-09-spread-away-1pt5,mlb-sea-mia-2026-07-09,0.01,0.009,0.001,-0.0009,10.0,,,
2026-07-10T00:59:08+00:00,mlb-sea-mia-2026-07-09,spread_implies_ml,mlb-sea-mia-2026-07-09-spread-away-1pt5,mlb-sea-mia-2026-07-09,0.01,0.002,0.008,0.0068,5.5,,,
2026-07-10T01:00:11+00:00,mlb-sea-mia-2026-07-09,spread_implies_ml,mlb-sea-mia-2026-07-09-spread-away-1pt5,mlb-sea-mia-2026-07-09,0.01,0.009,0.001,-0.0009,10.0,,,
2026-07-10T01:01:15+00:00,mlb-sea-mia-2026-07-09,spread_implies_ml,mlb-sea-mia-2026-07-09-spread-away-1pt5,mlb-sea-mia-2026-07-09,0.01,0.005,0.005,0.0035,20.5,,,
2026-07-10T01:02:18+00:00,mlb-sea-mia-2026-07-09,spread_implies_ml,mlb-sea-mia-2026-07-09-spread-away-1pt5,mlb-sea-mia-2026-07-09,0.01,0.008,0.002,0.0002,4.7,,,
2026-07-10T01:10:49+00:00,mlb-oak-det-2026-07-09,spread_implies_ml,mlb-oak-det-2026-07-09-spread-away-1pt5,mlb-oak-det-2026-07-09,0.01,0.009,0.001,-0.0009,5.0,,,
2026-07-10T04:13:11+00:00,mlb-col-sf-2026-07-09,over_ladder,mlb-col-sf-2026-07-09-total-9pt5,mlb-col-sf-2026-07-09-total-8pt5,0.57,0.38,0.19,0.175,10.0,,,
2026-07-10T08:48:44+00:00,val-fpx-te-2026-07-10,over_ladder,val-fpx-te-2026-07-10-game1-round-total-21pt5,val-fpx-te-2026-07-10-game1-round-total-19pt5,0.02,0.01,0.01,0.007,10.1,,,
2026-07-10T08:48:44+00:00,val-fpx-te-2026-07-10,over_ladder,val-fpx-te-2026-07-10-game1-round-total-21pt5,val-fpx-te-2026-07-10-game1-round-total-20pt5,0.02,0.01,0.01,0.007,10.1,,,
2026-07-10T08:49:49+00:00,val-fpx-te-2026-07-10,over_ladder,val-fpx-te-2026-07-10-game1-round-total-21pt5,val-fpx-te-2026-07-10-game1-round-total-19pt5,0.02,0.01,0.01,0.007,10.1,,,
2026-07-10T08:49:49+00:00,val-fpx-te-2026-07-10,over_ladder,val-fpx-te-2026-07-10-game1-round-total-21pt5,val-fpx-te-2026-07-10-game1-round-total-20pt5,0.02,0.01,0.01,0.007,10.1,,,
2026-07-10T08:50:53+00:00,val-fpx-te-2026-07-10,over_ladder,val-fpx-te-2026-07-10-game1-round-total-21pt5,val-fpx-te-2026-07-10-game1-round-total-19pt5,0.02,0.01,0.01,0.007,10.1,,,
2026-07-10T08:50:53+00:00,val-fpx-te-2026-07-10,over_ladder,val-fpx-te-2026-07-10-game1-round-total-21pt5,val-fpx-te-2026-07-10-game1-round-total-20pt5,0.02,0.01,0.01,0.007,10.1,,,
2026-07-10T13:12:42+00:00,chi-sha-yun-2026-07-10-more-markets,over_ladder,chi-sha-yun-2026-07-10-total-1pt5,chi-sha-yun-2026-07-10-total-0pt5,0.999,0.995,0.004,0.0034,200.0,,,
2026-07-10T13:12:42+00:00,chi-sha-yun-2026-07-10-more-markets,over_ladder,chi-sha-yun-2026-07-10-total-2pt5,chi-sha-yun-2026-07-10-total-0pt5,0.999,0.995,0.004,0.0034,200.0,,,
2026-07-10T13:12:42+00:00,chi-sha-yun-2026-07-10-more-markets,over_ladder,chi-sha-yun-2026-07-10-total-3pt5,chi-sha-yun-2026-07-10-total-0pt5,0.999,0.995,0.004,0.0034,200.0,,,
2026-07-10T13:12:42+00:00,chi-sha-yun-2026-07-10-more-markets,over_ladder,chi-sha-yun-2026-07-10-total-4pt5,chi-sha-yun-2026-07-10-total-0pt5,0.999,0.995,0.004,0.0034,200.0,,,
2026-07-10T14:46:11+00:00,atp-fery-zverev-2026-07-10,over_ladder,atp-fery-zverev-2026-07-10-match-total-38pt5,atp-fery-zverev-2026-07-10-match-total-36pt5,0.04,0.03,0.01,0.0032,132.6,,,
2026-07-10T14:47:15+00:00,atp-fery-zverev-2026-07-10,over_ladder,atp-fery-zverev-2026-07-10-match-total-38pt5,atp-fery-zverev-2026-07-10-match-total-36pt5,0.04,0.03,0.01,0.0032,0.3,,,
2026-07-10T14:50:28+00:00,atp-gaston-moelle-2026-07-10,over_ladder,atp-gaston-moelle-2026-07-10-match-total-22pt5,atp-gaston-moelle-2026-07-10-match-total-21pt5,0.49,0.45,0.04,0.025,4194.6,,,
2026-07-10T15:04:46+00:00,cs2-b8-vp-2026-07-10,over_ladder,cs2-b8-vp-2026-07-10-game2-round-total-27pt5,cs2-b8-vp-2026-07-10-game2-round-total-21pt5,0.01,0.001,0.009,0.0079,5.0,,,
2026-07-10T20:55:30+00:00,fifwc-esp-bel-2026-07-10-total-corners,over_ladder,fifwc-esp-bel-2026-07-10-corners-total-10pt5,fifwc-esp-bel-2026-07-10-corners-total-9pt5,0.01,0.009,0.001,-0.0009,100.0,,,
2026-07-10T21:29:48+00:00,atp-galarne-milavsk-2026-07-10,over_ladder,atp-galarne-milavsk-2026-07-10-match-total-22pt5,atp-galarne-milavsk-2026-07-10-match-total-21pt5,0.06,0.01,0.05,0.0434,4.1,,,
2026-07-11T00:48:58+00:00,mlb-phi-det-2026-07-10,spread_implies_ml,mlb-phi-det-2026-07-10-spread-away-1pt5,mlb-phi-det-2026-07-10,0.01,0.009,0.001,-0.0009,15.0,,,
2026-07-11T00:50:02+00:00,mlb-phi-det-2026-07-10,spread_implies_ml,mlb-phi-det-2026-07-10-spread-away-1pt5,mlb-phi-det-2026-07-10,0.01,0.007,0.003,0.0013,15.0,,,
2026-07-11T00:51:06+00:00,mlb-phi-det-2026-07-10,spread_implies_ml,mlb-phi-det-2026-07-10-spread-away-1pt5,mlb-phi-det-2026-07-10,0.01,0.009,0.001,-0.0009,15.0,,,
2026-07-11T00:52:16+00:00,mlb-phi-det-2026-07-10,spread_implies_ml,mlb-phi-det-2026-07-10-spread-away-1pt5,mlb-phi-det-2026-07-10,0.01,0.002,0.008,0.0068,15.0,,,
2026-07-11T00:53:19+00:00,mlb-phi-det-2026-07-10,spread_implies_ml,mlb-phi-det-2026-07-10-spread-away-1pt5,mlb-phi-det-2026-07-10,0.01,0.002,0.008,0.0068,15.0,,,
2026-07-11T00:54:23+00:00,mlb-phi-det-2026-07-10,spread_implies_ml,mlb-phi-det-2026-07-10-spread-away-1pt5,mlb-phi-det-2026-07-10,0.01,0.002,0.008,0.0068,15.0,,,
2026-07-11T00:55:26+00:00,mlb-phi-det-2026-07-10,spread_implies_ml,mlb-phi-det-2026-07-10-spread-away-1pt5,mlb-phi-det-2026-07-10,0.01,0.005,0.005,0.0035,10.0,,,
2026-07-11T00:56:30+00:00,mlb-phi-det-2026-07-10,spread_implies_ml,mlb-phi-det-2026-07-10-spread-away-1pt5,mlb-phi-det-2026-07-10,0.01,0.002,0.008,0.0068,10.0,,,
2026-07-11T00:57:33+00:00,mlb-phi-det-2026-07-10,spread_implies_ml,mlb-phi-det-2026-07-10-spread-away-1pt5,mlb-phi-det-2026-07-10,0.01,0.002,0.008,0.0068,10.0,,,
2026-07-11T00:58:37+00:00,mlb-phi-det-2026-07-10,spread_implies_ml,mlb-phi-det-2026-07-10-spread-away-1pt5,mlb-phi-det-2026-07-10,0.01,0.001,0.009,0.0079,10.0,,,
2026-07-11T00:59:41+00:00,mlb-phi-det-2026-07-10,spread_implies_ml,mlb-phi-det-2026-07-10-spread-away-1pt5,mlb-phi-det-2026-07-10,0.01,0.001,0.009,0.0079,10.0,,,
2026-07-11T01:00:45+00:00,mlb-phi-det-2026-07-10,spread_implies_ml,mlb-phi-det-2026-07-10-spread-away-1pt5,mlb-phi-det-2026-07-10,0.01,0.001,0.009,0.0079,10.0,,,
2026-07-11T04:20:36+00:00,mlb-tor-sd-2026-07-10,spread_implies_ml,mlb-tor-sd-2026-07-10-spread-home-1pt5,mlb-tor-sd-2026-07-10,0.01,0.006,0.004,0.0024,1340.0,,,
2026-07-11T04:22:43+00:00,mlb-tor-sd-2026-07-10,spread_implies_ml,mlb-tor-sd-2026-07-10-spread-home-1pt5,mlb-tor-sd-2026-07-10,0.01,0.008,0.002,0.0002,580.0,,,
2026-07-11T04:24:57+00:00,mlb-ari-lad-2026-07-10,spread_implies_ml,mlb-ari-lad-2026-07-10-spread-home-1pt5,mlb-ari-lad-2026-07-10,0.01,0.009,0.001,-0.0009,10.0,,,
2026-07-11T04:24:57+00:00,mlb-tor-sd-2026-07-10,spread_implies_ml,mlb-tor-sd-2026-07-10-spread-home-1pt5,mlb-tor-sd-2026-07-10,0.01,0.009,0.001,-0.0009,155.9,,,
2026-07-11T04:29:11+00:00,mlb-ari-lad-2026-07-10,spread_implies_ml,mlb-ari-lad-2026-07-10-spread-home-1pt5,mlb-ari-lad-2026-07-10,0.01,0.008,0.002,0.0002,5.0,,,
2026-07-11T04:30:15+00:00,mlb-ari-lad-2026-07-10,spread_implies_ml,mlb-ari-lad-2026-07-10-spread-home-1pt5,mlb-ari-lad-2026-07-10,0.01,0.008,0.002,0.0002,5.0,,,
2026-07-11T04:30:15+00:00,mlb-tor-sd-2026-07-10,over_ladder,mlb-tor-sd-2026-07-10-total-11pt5,mlb-tor-sd-2026-07-10-total-8pt5,0.01,0.001,0.009,0.0079,0.9,,,
2026-07-11T04:30:15+00:00,mlb-tor-sd-2026-07-10,spread_implies_ml,mlb-tor-sd-2026-07-10-spread-home-1pt5,mlb-tor-sd-2026-07-10,0.01,0.001,0.009,0.0079,10588.6,,,
2026-07-11T04:31:18+00:00,mlb-ari-lad-2026-07-10,spread_implies_ml,mlb-ari-lad-2026-07-10-spread-home-1pt5,mlb-ari-lad-2026-07-10,0.01,0.008,0.002,0.0002,5.0,,,
2026-07-11T04:32:22+00:00,mlb-ari-lad-2026-07-10,spread_implies_ml,mlb-ari-lad-2026-07-10-spread-home-1pt5,mlb-ari-lad-2026-07-10,0.01,0.008,0.002,0.0002,5.0,,,
2026-07-11T04:33:25+00:00,mlb-ari-lad-2026-07-10,spread_implies_ml,mlb-ari-lad-2026-07-10-spread-home-1pt5,mlb-ari-lad-2026-07-10,0.01,0.008,0.002,0.0002,5.0,,,
2026-07-11T04:34:28+00:00,mlb-ari-lad-2026-07-10,spread_implies_ml,mlb-ari-lad-2026-07-10-spread-home-1pt5,mlb-ari-lad-2026-07-10,0.01,0.008,0.002,0.0002,5.0,,,
2026-07-11T04:35:39+00:00,mlb-ari-lad-2026-07-10,spread_implies_ml,mlb-ari-lad-2026-07-10-spread-home-1pt5,mlb-ari-lad-2026-07-10,0.01,0.006,0.004,0.0024,5.0,,,
2026-07-11T04:36:42+00:00,mlb-ari-lad-2026-07-10,spread_implies_ml,mlb-ari-lad-2026-07-10-spread-home-1pt5,mlb-ari-lad-2026-07-10,0.01,0.006,0.004,0.0024,5.0,,,
2026-07-11T04:37:46+00:00,mlb-ari-lad-2026-07-10,spread_implies_ml,mlb-ari-lad-2026-07-10-spread-home-1pt5,mlb-ari-lad-2026-07-10,0.01,0.007,0.003,0.0013,5.0,,,
2026-07-11T13:43:48+00:00,atp-chidekh-gray-2026-07-11,over_ladder,atp-chidekh-gray-2026-07-11-match-total-23pt5,atp-chidekh-gray-2026-07-11-match-total-22pt5,0.52,0.39,0.13,0.115,1562.3,,,
2026-07-11T13:44:52+00:00,atp-chidekh-gray-2026-07-11,over_ladder,atp-chidekh-gray-2026-07-11-match-total-23pt5,atp-chidekh-gray-2026-07-11-match-total-22pt5,0.52,0.39,0.13,0.115,1562.3,,,
2026-07-11T13:45:56+00:00,atp-chidekh-gray-2026-07-11,over_ladder,atp-chidekh-gray-2026-07-11-match-total-23pt5,atp-chidekh-gray-2026-07-11-match-total-22pt5,0.52,0.41,0.11,0.095,1517.0,,,
2026-07-11T13:47:00+00:00,atp-chidekh-gray-2026-07-11,over_ladder,atp-chidekh-gray-2026-07-11-match-total-23pt5,atp-chidekh-gray-2026-07-11-match-total-22pt5,0.52,0.35,0.17,0.155,1229.2,,,
2026-07-11T13:53:31+00:00,atp-virtane-dietric-2026-07-11,over_ladder,atp-virtane-dietric-2026-07-11-match-total-22pt5,atp-virtane-dietric-2026-07-11-match-total-21pt5,0.64,0.61,0.03,0.015,400.0,,,
2026-07-11T15:41:02+00:00,wta-muchova-noskova-2026-07-11,over_ladder,wta-muchova-noskova-2026-07-11-match-total-22pt5,wta-muchova-noskova-2026-07-11-match-total-21pt5,0.45,0.44,0.01,-0.005,20.0,,,
2026-07-11T15:42:06+00:00,wta-muchova-noskova-2026-07-11,over_ladder,wta-muchova-noskova-2026-07-11-match-total-22pt5,wta-muchova-noskova-2026-07-11-match-total-21pt5,0.45,0.44,0.01,-0.005,17.7,,,
2026-07-11T15:43:09+00:00,wta-muchova-noskova-2026-07-11,over_ladder,wta-muchova-noskova-2026-07-11-match-total-22pt5,wta-muchova-noskova-2026-07-11-match-total-21pt5,0.45,0.44,0.01,-0.005,17.7,,,
2026-07-11T15:44:13+00:00,wta-muchova-noskova-2026-07-11,over_ladder,wta-muchova-noskova-2026-07-11-match-total-22pt5,wta-muchova-noskova-2026-07-11-match-total-21pt5,0.45,0.44,0.01,-0.005,17.7,,,
2026-07-11T15:45:17+00:00,wta-muchova-noskova-2026-07-11,over_ladder,wta-muchova-noskova-2026-07-11-match-total-22pt5,wta-muchova-noskova-2026-07-11-match-total-21pt5,0.45,0.44,0.01,-0.005,17.7,,,
2026-07-11T15:53:56+00:00,wta-muchova-noskova-2026-07-11,over_ladder,wta-muchova-noskova-2026-07-11-match-total-23pt5,wta-muchova-noskova-2026-07-11-match-total-21pt5,0.59,0.5,0.09,0.075,417.6,,,
2026-07-11T18:15:35+00:00,mlb-mil-pit-2026-07-10,over_ladder,mlb-mil-pit-2026-07-10-total-8pt5,mlb-mil-pit-2026-07-10-total-7pt5,0.999,0.99,0.009,0.0079,5.0,,,
2026-07-11T18:16:39+00:00,mlb-mil-pit-2026-07-10,over_ladder,mlb-mil-pit-2026-07-10-total-8pt5,mlb-mil-pit-2026-07-10-total-7pt5,0.999,0.99,0.009,0.0079,5.0,,,
2026-07-11T18:17:43+00:00,mlb-mil-pit-2026-07-10,over_ladder,mlb-mil-pit-2026-07-10-total-8pt5,mlb-mil-pit-2026-07-10-total-7pt5,0.999,0.99,0.009,0.0079,5.0,,,
2026-07-11T18:18:47+00:00,mlb-mil-pit-2026-07-10,over_ladder,mlb-mil-pit-2026-07-10-total-8pt5,mlb-mil-pit-2026-07-10-total-7pt5,0.999,0.99,0.009,0.0079,5.0,,,
2026-07-11T18:19:57+00:00,mlb-mil-pit-2026-07-10,over_ladder,mlb-mil-pit-2026-07-10-total-8pt5,mlb-mil-pit-2026-07-10-total-7pt5,0.999,0.99,0.009,0.0079,5.0,,,
2026-07-11T18:21:00+00:00,mlb-mil-pit-2026-07-10,over_ladder,mlb-mil-pit-2026-07-10-total-8pt5,mlb-mil-pit-2026-07-10-total-7pt5,0.999,0.99,0.009,0.0079,5.0,,,
2026-07-11T18:22:03+00:00,mlb-mil-pit-2026-07-10,over_ladder,mlb-mil-pit-2026-07-10-total-8pt5,mlb-mil-pit-2026-07-10-total-7pt5,0.999,0.99,0.009,0.0079,5.0,,,
2026-07-11T18:23:07+00:00,mlb-mil-pit-2026-07-10,over_ladder,mlb-mil-pit-2026-07-10-total-8pt5,mlb-mil-pit-2026-07-10-total-7pt5,0.999,0.99,0.009,0.0079,5.0,,,
2026-07-11T18:24:10+00:00,mlb-mil-pit-2026-07-10,over_ladder,mlb-mil-pit-2026-07-10-total-8pt5,mlb-mil-pit-2026-07-10-total-7pt5,0.999,0.99,0.009,0.0079,5.0,,,
2026-07-11T18:25:13+00:00,mlb-mil-pit-2026-07-10,over_ladder,mlb-mil-pit-2026-07-10-total-8pt5,mlb-mil-pit-2026-07-10-total-7pt5,0.999,0.99,0.009,0.0079,5.0,,,
2026-07-11T18:26:16+00:00,mlb-mil-pit-2026-07-10,over_ladder,mlb-mil-pit-2026-07-10-total-8pt5,mlb-mil-pit-2026-07-10-total-7pt5,0.999,0.99,0.009,0.0079,5.0,,,
2026-07-11T18:27:20+00:00,mlb-mil-pit-2026-07-10,over_ladder,mlb-mil-pit-2026-07-10-total-8pt5,mlb-mil-pit-2026-07-10-total-7pt5,0.999,0.99,0.009,0.0079,5.0,,,
2026-07-11T18:28:23+00:00,mlb-mil-pit-2026-07-10,over_ladder,mlb-mil-pit-2026-07-10-total-8pt5,mlb-mil-pit-2026-07-10-total-7pt5,0.999,0.99,0.009,0.0079,5.0,,,
2026-07-11T18:29:26+00:00,mlb-mil-pit-2026-07-10,over_ladder,mlb-mil-pit-2026-07-10-total-8pt5,mlb-mil-pit-2026-07-10-total-7pt5,0.999,0.99,0.009,0.0079,5.0,,,
2026-07-11T18:30:36+00:00,mlb-mil-pit-2026-07-10,over_ladder,mlb-mil-pit-2026-07-10-total-8pt5,mlb-mil-pit-2026-07-10-total-7pt5,0.999,0.99,0.009,0.0079,5.0,,,
2026-07-11T18:31:39+00:00,mlb-mil-pit-2026-07-10,over_ladder,mlb-mil-pit-2026-07-10-total-8pt5,mlb-mil-pit-2026-07-10-total-7pt5,0.999,0.99,0.009,0.0079,5.0,,,
2026-07-11T18:51:56+00:00,mlb-mil-pit-2026-07-10,over_ladder,mlb-mil-pit-2026-07-10-total-10pt5,mlb-mil-pit-2026-07-10-total-9pt5,0.999,0.99,0.009,0.0079,5.0,,,
2026-07-11T18:52:59+00:00,mlb-mil-pit-2026-07-10,over_ladder,mlb-mil-pit-2026-07-10-total-10pt5,mlb-mil-pit-2026-07-10-total-9pt5,0.999,0.99,0.009,0.0079,5.0,,,
2026-07-11T18:54:02+00:00,mlb-mil-pit-2026-07-10,over_ladder,mlb-mil-pit-2026-07-10-total-10pt5,mlb-mil-pit-2026-07-10-total-9pt5,0.999,0.99,0.009,0.0079,5.0,,,
2026-07-11T18:55:06+00:00,mlb-mil-pit-2026-07-10,over_ladder,mlb-mil-pit-2026-07-10-total-10pt5,mlb-mil-pit-2026-07-10-total-9pt5,0.999,0.99,0.009,0.0079,5.0,,,
2026-07-11T18:56:09+00:00,mlb-mil-pit-2026-07-10,over_ladder,mlb-mil-pit-2026-07-10-total-10pt5,mlb-mil-pit-2026-07-10-total-9pt5,0.999,0.99,0.009,0.0079,5.0,,,
2026-07-11T21:45:19+00:00,fifwc-nor-eng-2026-07-11-total-corners,over_ladder,fifwc-nor-eng-2026-07-11-corners-total-12pt5,fifwc-nor-eng-2026-07-11-corners-total-11pt5,0.06,0.05,0.01,-0.0004,0.2,,,
2026-07-11T22:58:01+00:00,mlb-cle-mia-2026-07-11,spread_implies_ml,mlb-cle-mia-2026-07-11-spread-home-1pt5,mlb-cle-mia-2026-07-11,0.011,0.006,0.005,0.0033,500.0,,,
2026-07-11T22:59:05+00:00,mlb-sea-tb-2026-07-11,spread_implies_ml,mlb-sea-tb-2026-07-11-spread-away-1pt5,mlb-sea-tb-2026-07-11,0.01,0.009,0.001,-0.0009,10.0,,,
2026-07-11T23:00:09+00:00,mlb-cle-mia-2026-07-11,spread_implies_ml,mlb-cle-mia-2026-07-11-spread-home-1pt5,mlb-cle-mia-2026-07-11,0.01,0.004,0.006,0.0046,5.5,,,
2026-07-11T23:00:09+00:00,mlb-sea-tb-2026-07-11,spread_implies_ml,mlb-sea-tb-2026-07-11-spread-away-1pt5,mlb-sea-tb-2026-07-11,0.01,0.009,0.001,-0.0009,10.0,,,
2026-07-11T23:01:13+00:00,mlb-sea-tb-2026-07-11,spread_implies_ml,mlb-sea-tb-2026-07-11-spread-away-1pt5,mlb-sea-tb-2026-07-11,0.01,0.009,0.001,-0.0009,10.0,,,
2026-07-11T23:02:28+00:00,mlb-sea-tb-2026-07-11,spread_implies_ml,mlb-sea-tb-2026-07-11-spread-away-1pt5,mlb-sea-tb-2026-07-11,0.01,0.009,0.001,-0.0009,10.0,,,
2026-07-11T23:03:33+00:00,mlb-sea-tb-2026-07-11,spread_implies_ml,mlb-sea-tb-2026-07-11-spread-away-1pt5,mlb-sea-tb-2026-07-11,0.01,0.009,0.001,-0.0009,10.0,,,
2026-07-11T23:04:38+00:00,mlb-sea-tb-2026-07-11,spread_implies_ml,mlb-sea-tb-2026-07-11-spread-away-1pt5,mlb-sea-tb-2026-07-11,0.01,0.004,0.006,0.0046,10.0,,,
2026-07-11T23:05:42+00:00,mlb-bos-nym-2026-07-11,spread_implies_ml,mlb-bos-nym-2026-07-11-spread-home-1pt5,mlb-bos-nym-2026-07-11,0.01,0.009,0.001,-0.0009,10.0,,,
2026-07-11T23:05:42+00:00,mlb-sea-tb-2026-07-11,spread_implies_ml,mlb-sea-tb-2026-07-11-spread-away-1pt5,mlb-sea-tb-2026-07-11,0.01,0.001,0.009,0.0079,10.0,,,
2026-07-11T23:06:46+00:00,mlb-bos-nym-2026-07-11,spread_implies_ml,mlb-bos-nym-2026-07-11-spread-home-1pt5,mlb-bos-nym-2026-07-11,0.01,0.009,0.001,-0.0009,10.0,,,
2026-07-11T23:06:46+00:00,mlb-sea-tb-2026-07-11,spread_implies_ml,mlb-sea-tb-2026-07-11-spread-away-1pt5,mlb-sea-tb-2026-07-11,0.01,0.001,0.009,0.0079,10.0,,,
2026-07-11T23:07:50+00:00,mlb-bos-nym-2026-07-11,spread_implies_ml,mlb-bos-nym-2026-07-11-spread-home-1pt5,mlb-bos-nym-2026-07-11,0.01,0.002,0.008,0.0068,10.0,,,
2026-07-12T03:32:07+00:00,mlb-ari-lad-2026-07-11,spread_implies_ml,mlb-ari-lad-2026-07-11-spread-home-1pt5,mlb-ari-lad-2026-07-11,0.01,0.007,0.003,0.0013,10.0,,,
2026-07-12T03:38:24+00:00,mlb-ari-lad-2026-07-11,spread_implies_ml,mlb-ari-lad-2026-07-11-spread-home-1pt5,mlb-ari-lad-2026-07-11,0.011,0.006,0.005,0.0033,20.0,,,
2026-07-12T03:39:27+00:00,mlb-ari-lad-2026-07-11,spread_implies_ml,mlb-ari-lad-2026-07-11-spread-home-1pt5,mlb-ari-lad-2026-07-11,0.011,0.006,0.005,0.0033,20.0,,,
2026-07-12T03:40:30+00:00,mlb-ari-lad-2026-07-11,spread_implies_ml,mlb-ari-lad-2026-07-11-spread-home-1pt5,mlb-ari-lad-2026-07-11,0.011,0.006,0.005,0.0033,500.0,,,
2026-07-12T03:41:32+00:00,mlb-ari-lad-2026-07-11,spread_implies_ml,mlb-ari-lad-2026-07-11-spread-home-1pt5,mlb-ari-lad-2026-07-11,0.01,0.006,0.004,0.0024,10.0,,,
2026-07-12T03:42:42+00:00,mlb-ari-lad-2026-07-11,spread_implies_ml,mlb-ari-lad-2026-07-11-spread-home-1pt5,mlb-ari-lad-2026-07-11,0.011,0.002,0.009,0.0077,500.0,,,
2026-07-12T03:43:45+00:00,mlb-ari-lad-2026-07-11,spread_implies_ml,mlb-ari-lad-2026-07-11-spread-home-1pt5,mlb-ari-lad-2026-07-11,0.011,0.002,0.009,0.0077,500.0,,,
2026-07-12T03:44:48+00:00,mlb-ari-lad-2026-07-11,spread_implies_ml,mlb-ari-lad-2026-07-11-spread-home-1pt5,mlb-ari-lad-2026-07-11,0.01,0.002,0.008,0.0068,10.0,,,
2026-07-12T03:45:51+00:00,mlb-ari-lad-2026-07-11,spread_implies_ml,mlb-ari-lad-2026-07-11-spread-home-1pt5,mlb-ari-lad-2026-07-11,0.011,0.002,0.009,0.0077,500.0,,,
2026-07-12T03:46:54+00:00,mlb-ari-lad-2026-07-11,spread_implies_ml,mlb-ari-lad-2026-07-11-spread-home-1pt5,mlb-ari-lad-2026-07-11,0.01,0.002,0.008,0.0068,510.0,,,
2026-07-12T13:50:16+00:00,val-100t1-nrg-2026-07-12,over_ladder,val-100t1-nrg-2026-07-12-game1-round-total-21pt5,val-100t1-nrg-2026-07-12-game1-round-total-20pt5,0.45,0.41,0.04,0.025,60.0,,,
2026-07-12T14:55:55+00:00,cs2-qua1-tlr-2026-07-12,over_ladder,cs2-qua1-tlr-2026-07-12-game1-round-total-30pt5,cs2-qua1-tlr-2026-07-12-game1-round-total-27pt5,0.02,0.01,0.01,0.007,7.6,,,
2026-07-12T16:16:23+00:00,atp-sinner-zverev-2026-07-12,over_ladder,atp-sinner-zverev-2026-07-12-match-total-38pt5,atp-sinner-zverev-2026-07-12-match-total-36pt5,0.78,0.75,0.03,0.015,3.2,,,
2026-07-12T17:50:12+00:00,mlb-mil-pit-2026-07-12,spread_implies_ml,mlb-mil-pit-2026-07-12-spread-away-1pt5,mlb-mil-pit-2026-07-12,0.01,0.006,0.004,0.0024,25.0,,,
2026-07-12T17:51:16+00:00,mlb-mil-pit-2026-07-12,spread_implies_ml,mlb-mil-pit-2026-07-12-spread-away-1pt5,mlb-mil-pit-2026-07-12,0.01,0.008,0.002,0.0002,25.0,,,
2026-07-12T17:52:20+00:00,mlb-mil-pit-2026-07-12,spread_implies_ml,mlb-mil-pit-2026-07-12-spread-away-1pt5,mlb-mil-pit-2026-07-12,0.01,0.008,0.002,0.0002,25.0,,,
2026-07-12T17:53:24+00:00,mlb-mil-pit-2026-07-12,spread_implies_ml,mlb-mil-pit-2026-07-12-spread-away-1pt5,mlb-mil-pit-2026-07-12,0.01,0.007,0.003,0.0013,25.0,,,
2026-07-12T17:54:28+00:00,mlb-mil-pit-2026-07-12,spread_implies_ml,mlb-mil-pit-2026-07-12-spread-away-1pt5,mlb-mil-pit-2026-07-12,0.01,0.007,0.003,0.0013,25.0,,,
2026-07-12T17:55:32+00:00,mlb-mil-pit-2026-07-12,spread_implies_ml,mlb-mil-pit-2026-07-12-spread-away-1pt5,mlb-mil-pit-2026-07-12,0.01,0.007,0.003,0.0013,25.0,,,
2026-07-12T19:44:27+00:00,mlb-oak-cws-2026-07-12,spread_implies_ml,mlb-oak-cws-2026-07-12-spread-away-1pt5,mlb-oak-cws-2026-07-12,0.01,0.009,0.001,-0.0009,30.2,,,
2026-07-12T19:44:27+00:00,mlb-chc-cin-2026-07-12,over_ladder,mlb-chc-cin-2026-07-12-total-10pt5,mlb-chc-cin-2026-07-12-total-9pt5,0.99,0.97,0.02,0.0161,5.0,,,
2026-07-12T19:45:35+00:00,mlb-oak-cws-2026-07-12,spread_implies_ml,mlb-oak-cws-2026-07-12-spread-away-1pt5,mlb-oak-cws-2026-07-12,0.01,0.009,0.001,-0.0009,30.2,,,
2026-07-13T12:45:20+00:00,wta-kabbaj-perelyg-2026-07-13,over_ladder,wta-kabbaj-perelyg-2026-07-13-match-total-22pt5,wta-kabbaj-perelyg-2026-07-13-match-total-21pt5,0.53,0.5,0.03,0.015,2471.7,,,
2026-07-13T13:51:14+00:00,atp-bailly-romano-2026-07-13,over_ladder,atp-bailly-romano-2026-07-13-match-total-23pt5,atp-bailly-romano-2026-07-13-match-total-21pt5,0.47,0.46,0.01,-0.005,770.2,,,
2026-07-13T20:16:04+00:00,atp-kopriva-prizmic-2026-07-13,over_ladder,atp-kopriva-prizmic-2026-07-13-match-total-23pt5,atp-kopriva-prizmic-2026-07-13-match-total-22pt5,0.14,0.07,0.07,0.056,5.7,0.07,True,False
2026-07-13T20:16:44+00:00,atp-kopriva-prizmic-2026-07-13,over_ladder,atp-kopriva-prizmic-2026-07-13-match-total-23pt5,atp-kopriva-prizmic-2026-07-13-match-total-22pt5,0.14,0.07,0.07,0.056,5.7,-0.21,False,True
2026-07-13T20:17:31+00:00,atp-pereira-tobon-2026-07-13,over_ladder,atp-pereira-tobon-2026-07-13-match-total-23pt5,atp-pereira-tobon-2026-07-13-match-total-22pt5,0.99,0.86,0.13,0.1215,8.0,,False,True
2026-07-14T00:57:53+00:00,atp-arsenea-marti-2026-07-13,over_ladder,atp-arsenea-marti-2026-07-13-match-total-23pt5,atp-arsenea-marti-2026-07-13-match-total-21pt5,0.49,0.47,0.02,0.005,1737.7,0.02,True,True
2026-07-14T09:24:17+00:00,atp-casteln-ghibaud-2026-07-13,over_ladder,atp-casteln-ghibaud-2026-07-13-match-total-23pt5,atp-casteln-ghibaud-2026-07-13-match-total-21pt5,0.53,0.46,0.07,0.055,734.0,0.07,True,True
2026-07-14T09:24:17+00:00,atp-casteln-ghibaud-2026-07-13,over_ladder,atp-casteln-ghibaud-2026-07-13-match-total-23pt5,atp-casteln-ghibaud-2026-07-13-match-total-22pt5,0.53,0.39,0.14,0.125,734.0,0.14,True,True
2026-07-14T09:25:03+00:00,atp-casteln-ghibaud-2026-07-13,over_ladder,atp-casteln-ghibaud-2026-07-13-match-total-23pt5,atp-casteln-ghibaud-2026-07-13-match-total-22pt5,0.53,0.46,0.07,0.055,734.0,,False,True
2026-07-14T15:20:46+00:00,mlb-al-nl-2026-07-14,over_ladder,mlb-al-nl-2026-07-14-f5-total-5pt5,mlb-al-nl-2026-07-14-f5-total-3pt5,0.46,0.45,0.01,-0.005,43.6,,,
2026-07-14T15:21:07+00:00,mlb-al-nl-2026-07-14,over_ladder,mlb-al-nl-2026-07-14-f5-total-5pt5,mlb-al-nl-2026-07-14-f5-total-3pt5,0.46,0.45,0.01,-0.005,43.6,,,
2026-07-14T15:21:27+00:00,mlb-al-nl-2026-07-14,over_ladder,mlb-al-nl-2026-07-14-f5-total-5pt5,mlb-al-nl-2026-07-14-f5-total-3pt5,0.46,0.45,0.01,-0.005,43.6,,,
2026-07-14T15:21:48+00:00,mlb-al-nl-2026-07-14,over_ladder,mlb-al-nl-2026-07-14-f5-total-5pt5,mlb-al-nl-2026-07-14-f5-total-3pt5,0.46,0.45,0.01,-0.005,43.6,,,
2026-07-14T15:22:08+00:00,mlb-al-nl-2026-07-14,over_ladder,mlb-al-nl-2026-07-14-f5-total-5pt5,mlb-al-nl-2026-07-14-f5-total-3pt5,0.46,0.45,0.01,-0.005,43.6,,,
2026-07-14T15:22:28+00:00,mlb-al-nl-2026-07-14,over_ladder,mlb-al-nl-2026-07-14-f5-total-5pt5,mlb-al-nl-2026-07-14-f5-total-3pt5,0.46,0.45,0.01,-0.005,43.6,,,
2026-07-14T15:22:49+00:00,mlb-al-nl-2026-07-14,over_ladder,mlb-al-nl-2026-07-14-f5-total-5pt5,mlb-al-nl-2026-07-14-f5-total-3pt5,0.46,0.45,0.01,-0.005,43.6,,,
2026-07-14T15:23:09+00:00,mlb-al-nl-2026-07-14,over_ladder,mlb-al-nl-2026-07-14-f5-total-5pt5,mlb-al-nl-2026-07-14-f5-total-3pt5,0.46,0.45,0.01,-0.005,43.6,,,
2026-07-14T15:23:30+00:00,mlb-al-nl-2026-07-14,over_ladder,mlb-al-nl-2026-07-14-f5-total-5pt5,mlb-al-nl-2026-07-14-f5-total-3pt5,0.46,0.45,0.01,-0.005,43.6,,,
2026-07-14T15:23:50+00:00,mlb-al-nl-2026-07-14,over_ladder,mlb-al-nl-2026-07-14-f5-total-5pt5,mlb-al-nl-2026-07-14-f5-total-3pt5,0.46,0.45,0.01,-0.005,43.6,,,
2026-07-14T15:24:11+00:00,mlb-al-nl-2026-07-14,over_ladder,mlb-al-nl-2026-07-14-f5-total-5pt5,mlb-al-nl-2026-07-14-f5-total-3pt5,0.46,0.45,0.01,-0.005,43.6,,,
2026-07-14T15:24:31+00:00,mlb-al-nl-2026-07-14,over_ladder,mlb-al-nl-2026-07-14-f5-total-5pt5,mlb-al-nl-2026-07-14-f5-total-3pt5,0.46,0.45,0.01,-0.005,43.6,,,
2026-07-14T15:24:52+00:00,mlb-al-nl-2026-07-14,over_ladder,mlb-al-nl-2026-07-14-f5-total-5pt5,mlb-al-nl-2026-07-14-f5-total-3pt5,0.46,0.45,0.01,-0.005,43.6,,,
2026-07-14T15:25:12+00:00,mlb-al-nl-2026-07-14,over_ladder,mlb-al-nl-2026-07-14-f5-total-5pt5,mlb-al-nl-2026-07-14-f5-total-3pt5,0.46,0.45,0.01,-0.005,43.6,,,
2026-07-14T15:25:33+00:00,mlb-al-nl-2026-07-14,over_ladder,mlb-al-nl-2026-07-14-f5-total-5pt5,mlb-al-nl-2026-07-14-f5-total-3pt5,0.46,0.45,0.01,-0.005,43.6,,,
2026-07-14T15:25:53+00:00,mlb-al-nl-2026-07-14,over_ladder,mlb-al-nl-2026-07-14-f5-total-5pt5,mlb-al-nl-2026-07-14-f5-total-3pt5,0.46,0.45,0.01,-0.005,43.6,,,
2026-07-14T15:26:14+00:00,mlb-al-nl-2026-07-14,over_ladder,mlb-al-nl-2026-07-14-f5-total-5pt5,mlb-al-nl-2026-07-14-f5-total-3pt5,0.46,0.45,0.01,-0.005,43.6,,,
2026-07-14T15:26:34+00:00,mlb-al-nl-2026-07-14,over_ladder,mlb-al-nl-2026-07-14-f5-total-5pt5,mlb-al-nl-2026-07-14-f5-total-3pt5,0.46,0.45,0.01,-0.005,43.6,,,
2026-07-14T15:26:55+00:00,mlb-al-nl-2026-07-14,over_ladder,mlb-al-nl-2026-07-14-f5-total-5pt5,mlb-al-nl-2026-07-14-f5-total-3pt5,0.46,0.45,0.01,-0.005,43.6,,,
2026-07-14T15:27:15+00:00,mlb-al-nl-2026-07-14,over_ladder,mlb-al-nl-2026-07-14-f5-total-5pt5,mlb-al-nl-2026-07-14-f5-total-3pt5,0.46,0.45,0.01,-0.005,43.6,,,
2026-07-14T15:27:36+00:00,mlb-al-nl-2026-07-14,over_ladder,mlb-al-nl-2026-07-14-f5-total-5pt5,mlb-al-nl-2026-07-14-f5-total-3pt5,0.46,0.45,0.01,-0.005,43.6,,,
2026-07-14T15:27:56+00:00,mlb-al-nl-2026-07-14,over_ladder,mlb-al-nl-2026-07-14-f5-total-5pt5,mlb-al-nl-2026-07-14-f5-total-3pt5,0.46,0.45,0.01,-0.005,43.6,,,
2026-07-14T15:28:17+00:00,mlb-al-nl-2026-07-14,over_ladder,mlb-al-nl-2026-07-14-f5-total-5pt5,mlb-al-nl-2026-07-14-f5-total-3pt5,0.46,0.45,0.01,-0.005,43.6,,,
2026-07-14T15:28:37+00:00,mlb-al-nl-2026-07-14,over_ladder,mlb-al-nl-2026-07-14-f5-total-5pt5,mlb-al-nl-2026-07-14-f5-total-3pt5,0.46,0.45,0.01,-0.005,43.6,,,
2026-07-14T15:28:58+00:00,mlb-al-nl-2026-07-14,over_ladder,mlb-al-nl-2026-07-14-f5-total-5pt5,mlb-al-nl-2026-07-14-f5-total-3pt5,0.46,0.45,0.01,-0.005,43.6,,,
2026-07-14T15:29:18+00:00,mlb-al-nl-2026-07-14,over_ladder,mlb-al-nl-2026-07-14-f5-total-5pt5,mlb-al-nl-2026-07-14-f5-total-3pt5,0.46,0.45,0.01,-0.005,43.6,,,
2026-07-14T15:29:39+00:00,mlb-al-nl-2026-07-14,over_ladder,mlb-al-nl-2026-07-14-f5-total-5pt5,mlb-al-nl-2026-07-14-f5-total-3pt5,0.46,0.45,0.01,-0.005,43.6,,,
2026-07-14T15:29:59+00:00,mlb-al-nl-2026-07-14,over_ladder,mlb-al-nl-2026-07-14-f5-total-5pt5,mlb-al-nl-2026-07-14-f5-total-3pt5,0.46,0.45,0.01,-0.005,43.6,,,
2026-07-14T15:30:20+00:00,mlb-al-nl-2026-07-14,over_ladder,mlb-al-nl-2026-07-14-f5-total-5pt5,mlb-al-nl-2026-07-14-f5-total-3pt5,0.46,0.45,0.01,-0.005,43.6,,,
2026-07-14T15:30:40+00:00,mlb-al-nl-2026-07-14,over_ladder,mlb-al-nl-2026-07-14-f5-total-5pt5,mlb-al-nl-2026-07-14-f5-total-3pt5,0.46,0.45,0.01,-0.005,43.6,,,
2026-07-14T15:31:02+00:00,mlb-al-nl-2026-07-14,over_ladder,mlb-al-nl-2026-07-14-f5-total-5pt5,mlb-al-nl-2026-07-14-f5-total-3pt5,0.46,0.45,0.01,-0.005,43.6,,,
2026-07-14T15:31:23+00:00,mlb-al-nl-2026-07-14,over_ladder,mlb-al-nl-2026-07-14-f5-total-5pt5,mlb-al-nl-2026-07-14-f5-total-3pt5,0.46,0.45,0.01,-0.005,43.6,,,
2026-07-14T15:31:43+00:00,mlb-al-nl-2026-07-14,over_ladder,mlb-al-nl-2026-07-14-f5-total-4pt5,mlb-al-nl-2026-07-14-f5-total-3pt5,0.45,0.44,0.01,-0.005,50.0,,,
2026-07-14T15:31:43+00:00,mlb-al-nl-2026-07-14,over_ladder,mlb-al-nl-2026-07-14-f5-total-5pt5,mlb-al-nl-2026-07-14-f5-total-3pt5,0.46,0.44,0.02,0.005,43.6,0.02,True,True
2026-07-14T15:32:09+00:00,mlb-al-nl-2026-07-14,over_ladder,mlb-al-nl-2026-07-14-f5-total-4pt5,mlb-al-nl-2026-07-14-f5-total-3pt5,0.45,0.44,0.01,-0.005,50.0,,,
2026-07-14T15:32:09+00:00,mlb-al-nl-2026-07-14,over_ladder,mlb-al-nl-2026-07-14-f5-total-5pt5,mlb-al-nl-2026-07-14-f5-total-3pt5,0.46,0.44,0.02,0.005,43.6,0.02,True,True
2026-07-14T15:32:35+00:00,mlb-al-nl-2026-07-14,over_ladder,mlb-al-nl-2026-07-14-f5-total-4pt5,mlb-al-nl-2026-07-14-f5-total-3pt5,0.45,0.44,0.01,-0.005,50.0,,,
2026-07-14T15:32:35+00:00,mlb-al-nl-2026-07-14,over_ladder,mlb-al-nl-2026-07-14-f5-total-5pt5,mlb-al-nl-2026-07-14-f5-total-3pt5,0.46,0.44,0.02,0.005,43.6,0.02,True,True
2026-07-14T15:33:00+00:00,mlb-al-nl-2026-07-14,over_ladder,mlb-al-nl-2026-07-14-f5-total-4pt5,mlb-al-nl-2026-07-14-f5-total-3pt5,0.45,0.44,0.01,-0.005,50.0,,,
2026-07-14T15:33:00+00:00,mlb-al-nl-2026-07-14,over_ladder,mlb-al-nl-2026-07-14-f5-total-5pt5,mlb-al-nl-2026-07-14-f5-total-3pt5,0.46,0.44,0.02,0.005,43.6,0.02,True,True
2026-07-14T15:33:26+00:00,mlb-al-nl-2026-07-14,over_ladder,mlb-al-nl-2026-07-14-f5-total-4pt5,mlb-al-nl-2026-07-14-f5-total-3pt5,0.45,0.44,0.01,-0.005,50.0,,,
2026-07-14T15:33:26+00:00,mlb-al-nl-2026-07-14,over_ladder,mlb-al-nl-2026-07-14-f5-total-5pt5,mlb-al-nl-2026-07-14-f5-total-3pt5,0.46,0.44,0.02,0.005,43.6,0.02,True,True
2026-07-14T15:33:52+00:00,mlb-al-nl-2026-07-14,over_ladder,mlb-al-nl-2026-07-14-f5-total-4pt5,mlb-al-nl-2026-07-14-f5-total-3pt5,0.45,0.44,0.01,-0.005,50.0,,,
2026-07-14T15:33:52+00:00,mlb-al-nl-2026-07-14,over_ladder,mlb-al-nl-2026-07-14-f5-total-5pt5,mlb-al-nl-2026-07-14-f5-total-3pt5,0.46,0.44,0.02,0.005,43.6,0.02,True,True
2026-07-14T15:34:17+00:00,mlb-al-nl-2026-07-14,over_ladder,mlb-al-nl-2026-07-14-f5-total-4pt5,mlb-al-nl-2026-07-14-f5-total-3pt5,0.45,0.44,0.01,-0.005,50.0,,,
2026-07-14T15:34:17+00:00,mlb-al-nl-2026-07-14,over_ladder,mlb-al-nl-2026-07-14-f5-total-5pt5,mlb-al-nl-2026-07-14-f5-total-3pt5,0.46,0.44,0.02,0.005,43.6,0.02,True,True
2026-07-14T15:34:44+00:00,mlb-al-nl-2026-07-14,over_ladder,mlb-al-nl-2026-07-14-f5-total-4pt5,mlb-al-nl-2026-07-14-f5-total-3pt5,0.45,0.44,0.01,-0.005,50.0,,,
2026-07-14T15:34:44+00:00,mlb-al-nl-2026-07-14,over_ladder,mlb-al-nl-2026-07-14-f5-total-5pt5,mlb-al-nl-2026-07-14-f5-total-3pt5,0.46,0.44,0.02,0.005,43.6,0.02,True,True
2026-07-14T15:35:09+00:00,mlb-al-nl-2026-07-14,over_ladder,mlb-al-nl-2026-07-14-f5-total-4pt5,mlb-al-nl-2026-07-14-f5-total-3pt5,0.45,0.44,0.01,-0.005,50.0,,,
2026-07-14T15:35:09+00:00,mlb-al-nl-2026-07-14,over_ladder,mlb-al-nl-2026-07-14-f5-total-5pt5,mlb-al-nl-2026-07-14-f5-total-3pt5,0.46,0.44,0.02,0.005,43.6,0.02,True,True
2026-07-14T15:35:35+00:00,mlb-al-nl-2026-07-14,over_ladder,mlb-al-nl-2026-07-14-f5-total-5pt5,mlb-al-nl-2026-07-14-f5-total-3pt5,0.46,0.45,0.01,-0.005,43.6,,,
2026-07-14T15:35:55+00:00,mlb-al-nl-2026-07-14,over_ladder,mlb-al-nl-2026-07-14-f5-total-4pt5,mlb-al-nl-2026-07-14-f5-total-3pt5,0.45,0.44,0.01,-0.005,50.0,,,
2026-07-14T15:35:55+00:00,mlb-al-nl-2026-07-14,over_ladder,mlb-al-nl-2026-07-14-f5-total-5pt5,mlb-al-nl-2026-07-14-f5-total-3pt5,0.46,0.44,0.02,0.005,43.6,0.02,True,True
2026-07-14T15:36:21+00:00,mlb-al-nl-2026-07-14,over_ladder,mlb-al-nl-2026-07-14-f5-total-4pt5,mlb-al-nl-2026-07-14-f5-total-3pt5,0.45,0.44,0.01,-0.005,50.0,,,
2026-07-14T15:36:21+00:00,mlb-al-nl-2026-07-14,over_ladder,mlb-al-nl-2026-07-14-f5-total-5pt5,mlb-al-nl-2026-07-14-f5-total-3pt5,0.46,0.44,0.02,0.005,43.6,0.02,True,True
2026-07-14T15:36:47+00:00,mlb-al-nl-2026-07-14,over_ladder,mlb-al-nl-2026-07-14-f5-total-4pt5,mlb-al-nl-2026-07-14-f5-total-3pt5,0.45,0.44,0.01,-0.005,50.0,,,
2026-07-14T15:36:47+00:00,mlb-al-nl-2026-07-14,over_ladder,mlb-al-nl-2026-07-14-f5-total-5pt5,mlb-al-nl-2026-07-14-f5-total-3pt5,0.46,0.44,0.02,0.005,43.6,0.02,True,True
2026-07-14T15:37:13+00:00,mlb-al-nl-2026-07-14,over_ladder,mlb-al-nl-2026-07-14-f5-total-4pt5,mlb-al-nl-2026-07-14-f5-total-3pt5,0.45,0.44,0.01,-0.005,50.0,,,
2026-07-14T15:37:13+00:00,mlb-al-nl-2026-07-14,over_ladder,mlb-al-nl-2026-07-14-f5-total-5pt5,mlb-al-nl-2026-07-14-f5-total-3pt5,0.46,0.44,0.02,0.005,43.6,0.02,True,True
2026-07-14T15:37:38+00:00,mlb-al-nl-2026-07-14,over_ladder,mlb-al-nl-2026-07-14-f5-total-4pt5,mlb-al-nl-2026-07-14-f5-total-3pt5,0.45,0.44,0.01,-0.005,50.0,,,
2026-07-14T15:37:38+00:00,mlb-al-nl-2026-07-14,over_ladder,mlb-al-nl-2026-07-14-f5-total-5pt5,mlb-al-nl-2026-07-14-f5-total-3pt5,0.46,0.44,0.02,0.005,43.6,0.02,True,True
2026-07-14T15:38:04+00:00,mlb-al-nl-2026-07-14,over_ladder,mlb-al-nl-2026-07-14-f5-total-4pt5,mlb-al-nl-2026-07-14-f5-total-3pt5,0.45,0.44,0.01,-0.005,50.0,,,
2026-07-14T15:38:04+00:00,mlb-al-nl-2026-07-14,over_ladder,mlb-al-nl-2026-07-14-f5-total-5pt5,mlb-al-nl-2026-07-14-f5-total-3pt5,0.46,0.44,0.02,0.005,43.6,0.02,True,True
2026-07-14T15:38:30+00:00,mlb-al-nl-2026-07-14,over_ladder,mlb-al-nl-2026-07-14-f5-total-4pt5,mlb-al-nl-2026-07-14-f5-total-3pt5,0.45,0.44,0.01,-0.005,50.0,,,
2026-07-14T15:38:30+00:00,mlb-al-nl-2026-07-14,over_ladder,mlb-al-nl-2026-07-14-f5-total-5pt5,mlb-al-nl-2026-07-14-f5-total-3pt5,0.46,0.44,0.02,0.005,43.6,0.02,True,True
2026-07-14T15:38:55+00:00,mlb-al-nl-2026-07-14,over_ladder,mlb-al-nl-2026-07-14-f5-total-4pt5,mlb-al-nl-2026-07-14-f5-total-3pt5,0.45,0.44,0.01,-0.005,50.0,,,
2026-07-14T15:38:55+00:00,mlb-al-nl-2026-07-14,over_ladder,mlb-al-nl-2026-07-14-f5-total-5pt5,mlb-al-nl-2026-07-14-f5-total-3pt5,0.46,0.44,0.02,0.005,43.6,0.01,True,True
2026-07-14T15:39:21+00:00,mlb-al-nl-2026-07-14,over_ladder,mlb-al-nl-2026-07-14-f5-total-4pt5,mlb-al-nl-2026-07-14-f5-total-3pt5,0.45,0.44,0.01,-0.005,50.0,,,
2026-07-14T15:39:21+00:00,mlb-al-nl-2026-07-14,over_ladder,mlb-al-nl-2026-07-14-f5-total-5pt5,mlb-al-nl-2026-07-14-f5-total-3pt5,0.46,0.44,0.02,0.005,43.6,0.02,True,True
2026-07-14T15:39:47+00:00,mlb-al-nl-2026-07-14,over_ladder,mlb-al-nl-2026-07-14-f5-total-4pt5,mlb-al-nl-2026-07-14-f5-total-3pt5,0.45,0.44,0.01,-0.005,50.0,,,
2026-07-14T15:39:47+00:00,mlb-al-nl-2026-07-14,over_ladder,mlb-al-nl-2026-07-14-f5-total-5pt5,mlb-al-nl-2026-07-14-f5-total-3pt5,0.46,0.44,0.02,0.005,43.6,0.02,True,True
2026-07-14T15:40:12+00:00,mlb-al-nl-2026-07-14,over_ladder,mlb-al-nl-2026-07-14-f5-total-4pt5,mlb-al-nl-2026-07-14-f5-total-3pt5,0.45,0.44,0.01,-0.005,50.0,,,
2026-07-14T15:40:12+00:00,mlb-al-nl-2026-07-14,over_ladder,mlb-al-nl-2026-07-14-f5-total-5pt5,mlb-al-nl-2026-07-14-f5-total-3pt5,0.46,0.44,0.02,0.005,43.6,0.02,True,True
2026-07-14T15:40:38+00:00,mlb-al-nl-2026-07-14,over_ladder,mlb-al-nl-2026-07-14-f5-total-4pt5,mlb-al-nl-2026-07-14-f5-total-3pt5,0.45,0.44,0.01,-0.005,50.0,,,
2026-07-14T15:40:38+00:00,mlb-al-nl-2026-07-14,over_ladder,mlb-al-nl-2026-07-14-f5-total-5pt5,mlb-al-nl-2026-07-14-f5-total-3pt5,0.46,0.44,0.02,0.005,43.6,0.02,True,True
2026-07-14T15:41:05+00:00,mlb-al-nl-2026-07-14,over_ladder,mlb-al-nl-2026-07-14-f5-total-4pt5,mlb-al-nl-2026-07-14-f5-total-3pt5,0.45,0.44,0.01,-0.005,50.0,,,
2026-07-14T15:41:05+00:00,mlb-al-nl-2026-07-14,over_ladder,mlb-al-nl-2026-07-14-f5-total-5pt5,mlb-al-nl-2026-07-14-f5-total-3pt5,0.46,0.44,0.02,0.005,43.6,0.02,True,True
2026-07-14T15:41:31+00:00,mlb-al-nl-2026-07-14,over_ladder,mlb-al-nl-2026-07-14-f5-total-4pt5,mlb-al-nl-2026-07-14-f5-total-3pt5,0.45,0.44,0.01,-0.005,50.0,,,
2026-07-14T15:41:31+00:00,mlb-al-nl-2026-07-14,over_ladder,mlb-al-nl-2026-07-14-f5-total-5pt5,mlb-al-nl-2026-07-14-f5-total-3pt5,0.46,0.44,0.02,0.005,43.6,0.02,True,True
2026-07-14T15:41:56+00:00,mlb-al-nl-2026-07-14,over_ladder,mlb-al-nl-2026-07-14-f5-total-4pt5,mlb-al-nl-2026-07-14-f5-total-3pt5,0.45,0.44,0.01,-0.005,50.0,,,
2026-07-14T15:41:56+00:00,mlb-al-nl-2026-07-14,over_ladder,mlb-al-nl-2026-07-14-f5-total-5pt5,mlb-al-nl-2026-07-14-f5-total-3pt5,0.46,0.44,0.02,0.005,43.6,0.02,True,True
2026-07-14T15:42:23+00:00,mlb-al-nl-2026-07-14,over_ladder,mlb-al-nl-2026-07-14-f5-total-4pt5,mlb-al-nl-2026-07-14-f5-total-3pt5,0.45,0.44,0.01,-0.005,50.0,,,
2026-07-14T15:42:23+00:00,mlb-al-nl-2026-07-14,over_ladder,mlb-al-nl-2026-07-14-f5-total-5pt5,mlb-al-nl-2026-07-14-f5-total-3pt5,0.46,0.44,0.02,0.005,43.6,0.02,True,True
2026-07-14T15:42:48+00:00,mlb-al-nl-2026-07-14,over_ladder,mlb-al-nl-2026-07-14-f5-total-5pt5,mlb-al-nl-2026-07-14-f5-total-3pt5,0.46,0.45,0.01,-0.005,43.6,,,
2026-07-14T15:43:09+00:00,mlb-al-nl-2026-07-14,over_ladder,mlb-al-nl-2026-07-14-f5-total-5pt5,mlb-al-nl-2026-07-14-f5-total-3pt5,0.46,0.45,0.01,-0.005,43.6,,,
2026-07-14T15:43:29+00:00,mlb-al-nl-2026-07-14,over_ladder,mlb-al-nl-2026-07-14-f5-total-4pt5,mlb-al-nl-2026-07-14-f5-total-3pt5,0.45,0.44,0.01,-0.005,50.0,,,
2026-07-14T15:43:29+00:00,mlb-al-nl-2026-07-14,over_ladder,mlb-al-nl-2026-07-14-f5-total-5pt5,mlb-al-nl-2026-07-14-f5-total-3pt5,0.46,0.44,0.02,0.005,43.6,0.02,True,True
2026-07-14T15:43:55+00:00,mlb-al-nl-2026-07-14,over_ladder,mlb-al-nl-2026-07-14-f5-total-4pt5,mlb-al-nl-2026-07-14-f5-total-3pt5,0.45,0.44,0.01,-0.005,50.0,,,
2026-07-14T15:43:55+00:00,mlb-al-nl-2026-07-14,over_ladder,mlb-al-nl-2026-07-14-f5-total-5pt5,mlb-al-nl-2026-07-14-f5-total-3pt5,0.46,0.44,0.02,0.005,43.6,0.02,True,True
2026-07-14T15:44:20+00:00,mlb-al-nl-2026-07-14,over_ladder,mlb-al-nl-2026-07-14-f5-total-4pt5,mlb-al-nl-2026-07-14-f5-total-3pt5,0.45,0.44,0.01,-0.005,50.0,,,
2026-07-14T15:44:20+00:00,mlb-al-nl-2026-07-14,over_ladder,mlb-al-nl-2026-07-14-f5-total-5pt5,mlb-al-nl-2026-07-14-f5-total-3pt5,0.46,0.44,0.02,0.005,43.6,0.02,True,True
2026-07-14T15:44:46+00:00,mlb-al-nl-2026-07-14,over_ladder,mlb-al-nl-2026-07-14-f5-total-4pt5,mlb-al-nl-2026-07-14-f5-total-3pt5,0.45,0.44,0.01,-0.005,50.0,,,
2026-07-14T15:44:46+00:00,mlb-al-nl-2026-07-14,over_ladder,mlb-al-nl-2026-07-14-f5-total-5pt5,mlb-al-nl-2026-07-14-f5-total-3pt5,0.46,0.44,0.02,0.005,43.6,0.02,True,True
2026-07-14T15:45:12+00:00,mlb-al-nl-2026-07-14,over_ladder,mlb-al-nl-2026-07-14-f5-total-4pt5,mlb-al-nl-2026-07-14-f5-total-3pt5,0.45,0.44,0.01,-0.005,50.0,,,
2026-07-14T15:45:12+00:00,mlb-al-nl-2026-07-14,over_ladder,mlb-al-nl-2026-07-14-f5-total-5pt5,mlb-al-nl-2026-07-14-f5-total-3pt5,0.46,0.44,0.02,0.005,43.6,0.02,True,True
2026-07-14T15:45:37+00:00,mlb-al-nl-2026-07-14,over_ladder,mlb-al-nl-2026-07-14-f5-total-4pt5,mlb-al-nl-2026-07-14-f5-total-3pt5,0.45,0.44,0.01,-0.005,50.0,,,
2026-07-14T15:45:37+00:00,mlb-al-nl-2026-07-14,over_ladder,mlb-al-nl-2026-07-14-f5-total-5pt5,mlb-al-nl-2026-07-14-f5-total-3pt5,0.46,0.44,0.02,0.005,43.6,0.02,True,True
2026-07-14T15:46:03+00:00,mlb-al-nl-2026-07-14,over_ladder,mlb-al-nl-2026-07-14-f5-total-4pt5,mlb-al-nl-2026-07-14-f5-total-3pt5,0.45,0.44,0.01,-0.005,50.0,,,
2026-07-14T15:46:03+00:00,mlb-al-nl-2026-07-14,over_ladder,mlb-al-nl-2026-07-14-f5-total-5pt5,mlb-al-nl-2026-07-14-f5-total-3pt5,0.46,0.44,0.02,0.005,43.6,0.02,True,True
2026-07-14T15:46:29+00:00,mlb-al-nl-2026-07-14,over_ladder,mlb-al-nl-2026-07-14-f5-total-4pt5,mlb-al-nl-2026-07-14-f5-total-3pt5,0.45,0.44,0.01,-0.005,50.0,,,
2026-07-14T15:46:29+00:00,mlb-al-nl-2026-07-14,over_ladder,mlb-al-nl-2026-07-14-f5-total-5pt5,mlb-al-nl-2026-07-14-f5-total-3pt5,0.46,0.44,0.02,0.005,43.6,0.01,True,True
2026-07-14T15:46:54+00:00,mlb-al-nl-2026-07-14,over_ladder,mlb-al-nl-2026-07-14-f5-total-4pt5,mlb-al-nl-2026-07-14-f5-total-3pt5,0.45,0.44,0.01,-0.005,50.0,,,
2026-07-14T15:46:54+00:00,mlb-al-nl-2026-07-14,over_ladder,mlb-al-nl-2026-07-14-f5-total-5pt5,mlb-al-nl-2026-07-14-f5-total-3pt5,0.46,0.44,0.02,0.005,43.6,0.02,True,True
2026-07-14T15:47:20+00:00,mlb-al-nl-2026-07-14,over_ladder,mlb-al-nl-2026-07-14-f5-total-4pt5,mlb-al-nl-2026-07-14-f5-total-3pt5,0.45,0.44,0.01,-0.005,50.0,,,
2026-07-14T15:47:20+00:00,mlb-al-nl-2026-07-14,over_ladder,mlb-al-nl-2026-07-14-f5-total-5pt5,mlb-al-nl-2026-07-14-f5-total-3pt5,0.46,0.44,0.02,0.005,43.6,0.02,True,True
2026-07-14T15:47:46+00:00,mlb-al-nl-2026-07-14,over_ladder,mlb-al-nl-2026-07-14-f5-total-4pt5,mlb-al-nl-2026-07-14-f5-total-3pt5,0.45,0.44,0.01,-0.005,50.0,,,
2026-07-14T15:47:46+00:00,mlb-al-nl-2026-07-14,over_ladder,mlb-al-nl-2026-07-14-f5-total-5pt5,mlb-al-nl-2026-07-14-f5-total-3pt5,0.46,0.44,0.02,0.005,43.6,0.02,True,True
2026-07-14T15:48:11+00:00,mlb-al-nl-2026-07-14,over_ladder,mlb-al-nl-2026-07-14-f5-total-4pt5,mlb-al-nl-2026-07-14-f5-total-3pt5,0.45,0.44,0.01,-0.005,50.0,,,
2026-07-14T15:48:11+00:00,mlb-al-nl-2026-07-14,over_ladder,mlb-al-nl-2026-07-14-f5-total-5pt5,mlb-al-nl-2026-07-14-f5-total-3pt5,0.46,0.44,0.02,0.005,43.6,0.02,True,True
2026-07-14T15:48:37+00:00,mlb-al-nl-2026-07-14,over_ladder,mlb-al-nl-2026-07-14-f5-total-4pt5,mlb-al-nl-2026-07-14-f5-total-3pt5,0.45,0.44,0.01,-0.005,50.0,,,
2026-07-14T15:48:37+00:00,mlb-al-nl-2026-07-14,over_ladder,mlb-al-nl-2026-07-14-f5-total-5pt5,mlb-al-nl-2026-07-14-f5-total-3pt5,0.46,0.44,0.02,0.005,43.6,0.02,True,True
2026-07-14T15:49:03+00:00,mlb-al-nl-2026-07-14,over_ladder,mlb-al-nl-2026-07-14-f5-total-4pt5,mlb-al-nl-2026-07-14-f5-total-3pt5,0.45,0.44,0.01,-0.005,50.0,,,
2026-07-14T15:49:03+00:00,mlb-al-nl-2026-07-14,over_ladder,mlb-al-nl-2026-07-14-f5-total-5pt5,mlb-al-nl-2026-07-14-f5-total-3pt5,0.46,0.44,0.02,0.005,43.6,0.02,True,True
2026-07-14T15:49:28+00:00,mlb-al-nl-2026-07-14,over_ladder,mlb-al-nl-2026-07-14-f5-total-4pt5,mlb-al-nl-2026-07-14-f5-total-3pt5,0.45,0.44,0.01,-0.005,50.0,,,
2026-07-14T15:49:28+00:00,mlb-al-nl-2026-07-14,over_ladder,mlb-al-nl-2026-07-14-f5-total-5pt5,mlb-al-nl-2026-07-14-f5-total-3pt5,0.46,0.44,0.02,0.005,43.6,0.02,True,True
2026-07-14T15:49:54+00:00,mlb-al-nl-2026-07-14,over_ladder,mlb-al-nl-2026-07-14-f5-total-4pt5,mlb-al-nl-2026-07-14-f5-total-3pt5,0.45,0.44,0.01,-0.005,50.0,,,
2026-07-14T15:49:54+00:00,mlb-al-nl-2026-07-14,over_ladder,mlb-al-nl-2026-07-14-f5-total-5pt5,mlb-al-nl-2026-07-14-f5-total-3pt5,0.46,0.44,0.02,0.005,43.6,0.02,True,True
2026-07-14T15:50:20+00:00,mlb-al-nl-2026-07-14,over_ladder,mlb-al-nl-2026-07-14-f5-total-4pt5,mlb-al-nl-2026-07-14-f5-total-3pt5,0.45,0.44,0.01,-0.005,50.0,,,
2026-07-14T15:50:20+00:00,mlb-al-nl-2026-07-14,over_ladder,mlb-al-nl-2026-07-14-f5-total-5pt5,mlb-al-nl-2026-07-14-f5-total-3pt5,0.46,0.44,0.02,0.005,43.6,0.02,True,True
2026-07-14T15:50:45+00:00,mlb-al-nl-2026-07-14,over_ladder,mlb-al-nl-2026-07-14-f5-total-5pt5,mlb-al-nl-2026-07-14-f5-total-3pt5,0.46,0.45,0.01,-0.005,43.6,,,
2026-07-14T15:51:07+00:00,mlb-al-nl-2026-07-14,over_ladder,mlb-al-nl-2026-07-14-f5-total-4pt5,mlb-al-nl-2026-07-14-f5-total-3pt5,0.45,0.44,0.01,-0.005,50.0,,,
2026-07-14T15:51:07+00:00,mlb-al-nl-2026-07-14,over_ladder,mlb-al-nl-2026-07-14-f5-total-5pt5,mlb-al-nl-2026-07-14-f5-total-3pt5,0.46,0.44,0.02,0.005,43.6,0.02,True,True
2026-07-14T15:51:33+00:00,mlb-al-nl-2026-07-14,over_ladder,mlb-al-nl-2026-07-14-f5-total-4pt5,mlb-al-nl-2026-07-14-f5-total-3pt5,0.45,0.44,0.01,-0.005,50.0,,,
2026-07-14T15:51:33+00:00,mlb-al-nl-2026-07-14,over_ladder,mlb-al-nl-2026-07-14-f5-total-5pt5,mlb-al-nl-2026-07-14-f5-total-3pt5,0.46,0.44,0.02,0.005,43.6,0.02,True,True
2026-07-14T15:51:59+00:00,mlb-al-nl-2026-07-14,over_ladder,mlb-al-nl-2026-07-14-f5-total-4pt5,mlb-al-nl-2026-07-14-f5-total-3pt5,0.45,0.44,0.01,-0.005,50.0,,,
2026-07-14T15:51:59+00:00,mlb-al-nl-2026-07-14,over_ladder,mlb-al-nl-2026-07-14-f5-total-5pt5,mlb-al-nl-2026-07-14-f5-total-3pt5,0.46,0.44,0.02,0.005,43.6,0.02,True,True
2026-07-14T15:52:24+00:00,mlb-al-nl-2026-07-14,over_ladder,mlb-al-nl-2026-07-14-f5-total-4pt5,mlb-al-nl-2026-07-14-f5-total-3pt5,0.45,0.44,0.01,-0.005,50.0,,,
2026-07-14T15:52:24+00:00,mlb-al-nl-2026-07-14,over_ladder,mlb-al-nl-2026-07-14-f5-total-5pt5,mlb-al-nl-2026-07-14-f5-total-3pt5,0.46,0.44,0.02,0.005,43.6,0.02,True,True
2026-07-14T15:52:50+00:00,mlb-al-nl-2026-07-14,over_ladder,mlb-al-nl-2026-07-14-f5-total-4pt5,mlb-al-nl-2026-07-14-f5-total-3pt5,0.45,0.44,0.01,-0.005,50.0,,,
2026-07-14T15:52:50+00:00,mlb-al-nl-2026-07-14,over_ladder,mlb-al-nl-2026-07-14-f5-total-5pt5,mlb-al-nl-2026-07-14-f5-total-3pt5,0.46,0.44,0.02,0.005,43.6,0.02,True,True
2026-07-14T15:53:16+00:00,mlb-al-nl-2026-07-14,over_ladder,mlb-al-nl-2026-07-14-f5-total-4pt5,mlb-al-nl-2026-07-14-f5-total-3pt5,0.45,0.44,0.01,-0.005,40.8,,,
2026-07-14T15:53:16+00:00,mlb-al-nl-2026-07-14,over_ladder,mlb-al-nl-2026-07-14-f5-total-5pt5,mlb-al-nl-2026-07-14-f5-total-3pt5,0.46,0.44,0.02,0.005,40.8,0.02,True,True
2026-07-14T15:53:42+00:00,mlb-al-nl-2026-07-14,over_ladder,mlb-al-nl-2026-07-14-f5-total-4pt5,mlb-al-nl-2026-07-14-f5-total-3pt5,0.45,0.44,0.01,-0.005,45.8,,,
2026-07-14T15:53:42+00:00,mlb-al-nl-2026-07-14,over_ladder,mlb-al-nl-2026-07-14-f5-total-5pt5,mlb-al-nl-2026-07-14-f5-total-3pt5,0.46,0.44,0.02,0.005,43.6,0.02,True,True
2026-07-14T15:54:07+00:00,mlb-al-nl-2026-07-14,over_ladder,mlb-al-nl-2026-07-14-f5-total-4pt5,mlb-al-nl-2026-07-14-f5-total-3pt5,0.45,0.44,0.01,-0.005,5.0,,,
2026-07-14T15:54:07+00:00,mlb-al-nl-2026-07-14,over_ladder,mlb-al-nl-2026-07-14-f5-total-5pt5,mlb-al-nl-2026-07-14-f5-total-3pt5,0.46,0.44,0.02,0.005,5.0,0.02,True,True
2026-07-14T15:54:33+00:00,mlb-al-nl-2026-07-14,over_ladder,mlb-al-nl-2026-07-14-f5-total-4pt5,mlb-al-nl-2026-07-14-f5-total-3pt5,0.45,0.44,0.01,-0.005,51.0,,,
2026-07-14T15:54:33+00:00,mlb-al-nl-2026-07-14,over_ladder,mlb-al-nl-2026-07-14-f5-total-5pt5,mlb-al-nl-2026-07-14-f5-total-3pt5,0.46,0.44,0.02,0.005,43.6,0.02,True,True
2026-07-14T15:54:58+00:00,mlb-al-nl-2026-07-14,over_ladder,mlb-al-nl-2026-07-14-f5-total-4pt5,mlb-al-nl-2026-07-14-f5-total-3pt5,0.45,0.44,0.01,-0.005,51.0,,,
2026-07-14T15:54:58+00:00,mlb-al-nl-2026-07-14,over_ladder,mlb-al-nl-2026-07-14-f5-total-5pt5,mlb-al-nl-2026-07-14-f5-total-3pt5,0.46,0.44,0.02,0.005,43.6,0.02,True,True
2026-07-14T15:55:24+00:00,mlb-al-nl-2026-07-14,over_ladder,mlb-al-nl-2026-07-14-f5-total-4pt5,mlb-al-nl-2026-07-14-f5-total-3pt5,0.45,0.44,0.01,-0.005,51.0,,,
2026-07-14T15:55:24+00:00,mlb-al-nl-2026-07-14,over_ladder,mlb-al-nl-2026-07-14-f5-total-5pt5,mlb-al-nl-2026-07-14-f5-total-3pt5,0.46,0.44,0.02,0.005,43.6,0.02,True,True
2026-07-14T15:55:50+00:00,mlb-al-nl-2026-07-14,over_ladder,mlb-al-nl-2026-07-14-f5-total-4pt5,mlb-al-nl-2026-07-14-f5-total-3pt5,0.45,0.44,0.01,-0.005,51.0,,,
2026-07-14T15:55:50+00:00,mlb-al-nl-2026-07-14,over_ladder,mlb-al-nl-2026-07-14-f5-total-5pt5,mlb-al-nl-2026-07-14-f5-total-3pt5,0.46,0.44,0.02,0.005,43.6,0.02,True,True
2026-07-14T15:56:16+00:00,mlb-al-nl-2026-07-14,over_ladder,mlb-al-nl-2026-07-14-f5-total-4pt5,mlb-al-nl-2026-07-14-f5-total-3pt5,0.45,0.44,0.01,-0.005,51.0,,,
2026-07-14T15:56:16+00:00,mlb-al-nl-2026-07-14,over_ladder,mlb-al-nl-2026-07-14-f5-total-5pt5,mlb-al-nl-2026-07-14-f5-total-3pt5,0.45,0.44,0.01,-0.005,50.0,,,
2026-07-14T15:56:36+00:00,mlb-al-nl-2026-07-14,over_ladder,mlb-al-nl-2026-07-14-f5-total-4pt5,mlb-al-nl-2026-07-14-f5-total-3pt5,0.45,0.44,0.01,-0.005,51.0,,,
2026-07-14T15:56:36+00:00,mlb-al-nl-2026-07-14,over_ladder,mlb-al-nl-2026-07-14-f5-total-5pt5,mlb-al-nl-2026-07-14-f5-total-3pt5,0.45,0.44,0.01,-0.005,50.0,,,
2026-07-14T15:56:56+00:00,mlb-al-nl-2026-07-14,over_ladder,mlb-al-nl-2026-07-14-f5-total-4pt5,mlb-al-nl-2026-07-14-f5-total-3pt5,0.45,0.44,0.01,-0.005,51.0,,,
2026-07-14T15:56:56+00:00,mlb-al-nl-2026-07-14,over_ladder,mlb-al-nl-2026-07-14-f5-total-5pt5,mlb-al-nl-2026-07-14-f5-total-3pt5,0.45,0.44,0.01,-0.005,50.0,,,
2026-07-14T15:57:17+00:00,mlb-al-nl-2026-07-14,over_ladder,mlb-al-nl-2026-07-14-f5-total-4pt5,mlb-al-nl-2026-07-14-f5-total-3pt5,0.45,0.44,0.01,-0.005,51.0,,,
2026-07-14T15:57:37+00:00,mlb-al-nl-2026-07-14,over_ladder,mlb-al-nl-2026-07-14-f5-total-4pt5,mlb-al-nl-2026-07-14-f5-total-3pt5,0.45,0.44,0.01,-0.005,51.0,,,
2026-07-14T15:57:58+00:00,mlb-al-nl-2026-07-14,over_ladder,mlb-al-nl-2026-07-14-f5-total-4pt5,mlb-al-nl-2026-07-14-f5-total-3pt5,0.45,0.44,0.01,-0.005,51.0,,,
2026-07-14T15:58:18+00:00,mlb-al-nl-2026-07-14,over_ladder,mlb-al-nl-2026-07-14-f5-total-4pt5,mlb-al-nl-2026-07-14-f5-total-3pt5,0.45,0.44,0.01,-0.005,5.0,,,
2026-07-14T15:58:39+00:00,mlb-al-nl-2026-07-14,over_ladder,mlb-al-nl-2026-07-14-f5-total-4pt5,mlb-al-nl-2026-07-14-f5-total-3pt5,0.45,0.44,0.01,-0.005,5.0,,,
2026-07-14T15:58:59+00:00,mlb-al-nl-2026-07-14,over_ladder,mlb-al-nl-2026-07-14-f5-total-4pt5,mlb-al-nl-2026-07-14-f5-total-3pt5,0.45,0.44,0.01,-0.005,51.0,,,
2026-07-14T15:59:20+00:00,mlb-al-nl-2026-07-14,over_ladder,mlb-al-nl-2026-07-14-f5-total-4pt5,mlb-al-nl-2026-07-14-f5-total-3pt5,0.45,0.44,0.01,-0.005,51.0,,,
2026-07-14T15:59:40+00:00,mlb-al-nl-2026-07-14,over_ladder,mlb-al-nl-2026-07-14-f5-total-4pt5,mlb-al-nl-2026-07-14-f5-total-3pt5,0.45,0.44,0.01,-0.005,51.0,,,
2026-07-14T16:00:01+00:00,mlb-al-nl-2026-07-14,over_ladder,mlb-al-nl-2026-07-14-f5-total-4pt5,mlb-al-nl-2026-07-14-f5-total-3pt5,0.45,0.44,0.01,-0.005,51.0,,,
2026-07-14T16:00:21+00:00,mlb-al-nl-2026-07-14,over_ladder,mlb-al-nl-2026-07-14-f5-total-4pt5,mlb-al-nl-2026-07-14-f5-total-3pt5,0.45,0.44,0.01,-0.005,51.0,,,
2026-07-14T16:00:42+00:00,mlb-al-nl-2026-07-14,over_ladder,mlb-al-nl-2026-07-14-f5-total-4pt5,mlb-al-nl-2026-07-14-f5-total-3pt5,0.45,0.44,0.01,-0.005,51.0,,,
2026-07-14T16:01:02+00:00,mlb-al-nl-2026-07-14,over_ladder,mlb-al-nl-2026-07-14-f5-total-4pt5,mlb-al-nl-2026-07-14-f5-total-3pt5,0.45,0.44,0.01,-0.005,51.0,,,
2026-07-14T16:01:25+00:00,mlb-al-nl-2026-07-14,over_ladder,mlb-al-nl-2026-07-14-f5-total-4pt5,mlb-al-nl-2026-07-14-f5-total-3pt5,0.45,0.44,0.01,-0.005,51.0,,,
2026-07-14T16:01:45+00:00,mlb-al-nl-2026-07-14,over_ladder,mlb-al-nl-2026-07-14-f5-total-4pt5,mlb-al-nl-2026-07-14-f5-total-3pt5,0.45,0.44,0.01,-0.005,51.0,,,
2026-07-14T16:02:06+00:00,mlb-al-nl-2026-07-14,over_ladder,mlb-al-nl-2026-07-14-f5-total-4pt5,mlb-al-nl-2026-07-14-f5-total-3pt5,0.45,0.44,0.01,-0.005,5.0,,,
2026-07-14T16:02:26+00:00,mlb-al-nl-2026-07-14,over_ladder,mlb-al-nl-2026-07-14-f5-total-4pt5,mlb-al-nl-2026-07-14-f5-total-3pt5,0.45,0.44,0.01,-0.005,5.0,,,
2026-07-14T16:02:47+00:00,mlb-al-nl-2026-07-14,over_ladder,mlb-al-nl-2026-07-14-f5-total-4pt5,mlb-al-nl-2026-07-14-f5-total-3pt5,0.45,0.44,0.01,-0.005,51.0,,,
2026-07-14T16:03:07+00:00,mlb-al-nl-2026-07-14,over_ladder,mlb-al-nl-2026-07-14-f5-total-4pt5,mlb-al-nl-2026-07-14-f5-total-3pt5,0.45,0.44,0.01,-0.005,51.0,,,
2026-07-14T16:03:28+00:00,mlb-al-nl-2026-07-14,over_ladder,mlb-al-nl-2026-07-14-f5-total-4pt5,mlb-al-nl-2026-07-14-f5-total-3pt5,0.45,0.44,0.01,-0.005,51.0,,,
2026-07-14T16:03:48+00:00,mlb-al-nl-2026-07-14,over_ladder,mlb-al-nl-2026-07-14-f5-total-4pt5,mlb-al-nl-2026-07-14-f5-total-3pt5,0.45,0.44,0.01,-0.005,51.0,,,
2026-07-14T16:04:09+00:00,mlb-al-nl-2026-07-14,over_ladder,mlb-al-nl-2026-07-14-f5-total-4pt5,mlb-al-nl-2026-07-14-f5-total-3pt5,0.45,0.44,0.01,-0.005,51.0,,,
2026-07-14T16:04:29+00:00,mlb-al-nl-2026-07-14,over_ladder,mlb-al-nl-2026-07-14-f5-total-4pt5,mlb-al-nl-2026-07-14-f5-total-3pt5,0.45,0.44,0.01,-0.005,51.0,,,
2026-07-14T16:04:50+00:00,mlb-al-nl-2026-07-14,over_ladder,mlb-al-nl-2026-07-14-f5-total-4pt5,mlb-al-nl-2026-07-14-f5-total-3pt5,0.45,0.44,0.01,-0.005,51.0,,,
2026-07-14T16:05:10+00:00,mlb-al-nl-2026-07-14,over_ladder,mlb-al-nl-2026-07-14-f5-total-4pt5,mlb-al-nl-2026-07-14-f5-total-3pt5,0.45,0.44,0.01,-0.005,51.0,,,
2026-07-14T16:05:31+00:00,mlb-al-nl-2026-07-14,over_ladder,mlb-al-nl-2026-07-14-f5-total-4pt5,mlb-al-nl-2026-07-14-f5-total-3pt5,0.45,0.44,0.01,-0.005,51.0,,,
2026-07-14T16:05:51+00:00,mlb-al-nl-2026-07-14,over_ladder,mlb-al-nl-2026-07-14-f5-total-4pt5,mlb-al-nl-2026-07-14-f5-total-3pt5,0.45,0.44,0.01,-0.005,51.0,,,
2026-07-14T16:06:12+00:00,mlb-al-nl-2026-07-14,over_ladder,mlb-al-nl-2026-07-14-f5-total-4pt5,mlb-al-nl-2026-07-14-f5-total-3pt5,0.45,0.44,0.01,-0.005,51.0,,,
2026-07-14T16:06:32+00:00,mlb-al-nl-2026-07-14,over_ladder,mlb-al-nl-2026-07-14-f5-total-4pt5,mlb-al-nl-2026-07-14-f5-total-3pt5,0.45,0.44,0.01,-0.005,5.0,,,
2026-07-14T16:06:52+00:00,mlb-al-nl-2026-07-14,over_ladder,mlb-al-nl-2026-07-14-f5-total-4pt5,mlb-al-nl-2026-07-14-f5-total-3pt5,0.45,0.44,0.01,-0.005,51.0,,,
2026-07-14T16:07:13+00:00,mlb-al-nl-2026-07-14,over_ladder,mlb-al-nl-2026-07-14-f5-total-4pt5,mlb-al-nl-2026-07-14-f5-total-3pt5,0.45,0.44,0.01,-0.005,51.0,,,
2026-07-14T16:07:33+00:00,mlb-al-nl-2026-07-14,over_ladder,mlb-al-nl-2026-07-14-f5-total-4pt5,mlb-al-nl-2026-07-14-f5-total-3pt5,0.45,0.44,0.01,-0.005,51.0,,,
2026-07-14T16:07:54+00:00,mlb-al-nl-2026-07-14,over_ladder,mlb-al-nl-2026-07-14-f5-total-4pt5,mlb-al-nl-2026-07-14-f5-total-3pt5,0.45,0.44,0.01,-0.005,51.0,,,
2026-07-14T16:08:14+00:00,mlb-al-nl-2026-07-14,over_ladder,mlb-al-nl-2026-07-14-f5-total-4pt5,mlb-al-nl-2026-07-14-f5-total-3pt5,0.45,0.44,0.01,-0.005,51.0,,,
2026-07-14T16:08:35+00:00,mlb-al-nl-2026-07-14,over_ladder,mlb-al-nl-2026-07-14-f5-total-4pt5,mlb-al-nl-2026-07-14-f5-total-3pt5,0.45,0.44,0.01,-0.005,51.0,,,
2026-07-14T16:08:55+00:00,mlb-al-nl-2026-07-14,over_ladder,mlb-al-nl-2026-07-14-f5-total-4pt5,mlb-al-nl-2026-07-14-f5-total-3pt5,0.45,0.44,0.01,-0.005,51.0,,,
2026-07-14T16:09:16+00:00,mlb-al-nl-2026-07-14,over_ladder,mlb-al-nl-2026-07-14-f5-total-4pt5,mlb-al-nl-2026-07-14-f5-total-3pt5,0.45,0.44,0.01,-0.005,51.0,,,
2026-07-14T16:09:36+00:00,mlb-al-nl-2026-07-14,over_ladder,mlb-al-nl-2026-07-14-f5-total-4pt5,mlb-al-nl-2026-07-14-f5-total-3pt5,0.45,0.44,0.01,-0.005,51.0,,,
2026-07-14T16:09:57+00:00,mlb-al-nl-2026-07-14,over_ladder,mlb-al-nl-2026-07-14-f5-total-4pt5,mlb-al-nl-2026-07-14-f5-total-3pt5,0.45,0.44,0.01,-0.005,51.0,,,
2026-07-14T16:10:17+00:00,mlb-al-nl-2026-07-14,over_ladder,mlb-al-nl-2026-07-14-f5-total-4pt5,mlb-al-nl-2026-07-14-f5-total-3pt5,0.45,0.44,0.01,-0.005,51.0,,,
2026-07-14T16:10:38+00:00,mlb-al-nl-2026-07-14,over_ladder,mlb-al-nl-2026-07-14-f5-total-4pt5,mlb-al-nl-2026-07-14-f5-total-3pt5,0.45,0.44,0.01,-0.005,51.0,,,
2026-07-14T16:10:58+00:00,mlb-al-nl-2026-07-14,over_ladder,mlb-al-nl-2026-07-14-f5-total-4pt5,mlb-al-nl-2026-07-14-f5-total-3pt5,0.45,0.44,0.01,-0.005,51.0,,,
2026-07-14T16:11:19+00:00,mlb-al-nl-2026-07-14,over_ladder,mlb-al-nl-2026-07-14-f5-total-4pt5,mlb-al-nl-2026-07-14-f5-total-3pt5,0.45,0.44,0.01,-0.005,51.0,,,
2026-07-14T16:11:41+00:00,mlb-al-nl-2026-07-14,over_ladder,mlb-al-nl-2026-07-14-f5-total-4pt5,mlb-al-nl-2026-07-14-f5-total-3pt5,0.45,0.44,0.01,-0.005,51.0,,,
2026-07-14T16:12:01+00:00,mlb-al-nl-2026-07-14,over_ladder,mlb-al-nl-2026-07-14-f5-total-4pt5,mlb-al-nl-2026-07-14-f5-total-3pt5,0.45,0.44,0.01,-0.005,51.0,,,
2026-07-14T16:12:22+00:00,mlb-al-nl-2026-07-14,over_ladder,mlb-al-nl-2026-07-14-f5-total-4pt5,mlb-al-nl-2026-07-14-f5-total-3pt5,0.45,0.44,0.01,-0.005,51.0,,,
2026-07-14T16:12:42+00:00,mlb-al-nl-2026-07-14,over_ladder,mlb-al-nl-2026-07-14-f5-total-4pt5,mlb-al-nl-2026-07-14-f5-total-3pt5,0.45,0.44,0.01,-0.005,51.0,,,
2026-07-14T16:13:03+00:00,mlb-al-nl-2026-07-14,over_ladder,mlb-al-nl-2026-07-14-f5-total-4pt5,mlb-al-nl-2026-07-14-f5-total-3pt5,0.45,0.44,0.01,-0.005,51.0,,,
2026-07-14T16:13:23+00:00,mlb-al-nl-2026-07-14,over_ladder,mlb-al-nl-2026-07-14-f5-total-4pt5,mlb-al-nl-2026-07-14-f5-total-3pt5,0.45,0.44,0.01,-0.005,51.0,,,
2026-07-14T16:13:44+00:00,mlb-al-nl-2026-07-14,over_ladder,mlb-al-nl-2026-07-14-f5-total-4pt5,mlb-al-nl-2026-07-14-f5-total-3pt5,0.45,0.44,0.01,-0.005,51.0,,,
2026-07-14T16:14:04+00:00,mlb-al-nl-2026-07-14,over_ladder,mlb-al-nl-2026-07-14-f5-total-4pt5,mlb-al-nl-2026-07-14-f5-total-3pt5,0.45,0.44,0.01,-0.005,51.0,,,
2026-07-14T16:14:25+00:00,mlb-al-nl-2026-07-14,over_ladder,mlb-al-nl-2026-07-14-f5-total-4pt5,mlb-al-nl-2026-07-14-f5-total-3pt5,0.45,0.44,0.01,-0.005,51.0,,,
2026-07-14T16:14:45+00:00,mlb-al-nl-2026-07-14,over_ladder,mlb-al-nl-2026-07-14-f5-total-4pt5,mlb-al-nl-2026-07-14-f5-total-3pt5,0.45,0.44,0.01,-0.005,51.0,,,
2026-07-14T16:15:05+00:00,mlb-al-nl-2026-07-14,over_ladder,mlb-al-nl-2026-07-14-f5-total-4pt5,mlb-al-nl-2026-07-14-f5-total-3pt5,0.45,0.44,0.01,-0.005,51.0,,,
2026-07-14T16:15:26+00:00,mlb-al-nl-2026-07-14,over_ladder,mlb-al-nl-2026-07-14-f5-total-4pt5,mlb-al-nl-2026-07-14-f5-total-3pt5,0.45,0.44,0.01,-0.005,51.0,,,
2026-07-14T16:15:46+00:00,mlb-al-nl-2026-07-14,over_ladder,mlb-al-nl-2026-07-14-f5-total-4pt5,mlb-al-nl-2026-07-14-f5-total-3pt5,0.45,0.44,0.01,-0.005,51.0,,,
2026-07-14T16:16:07+00:00,mlb-al-nl-2026-07-14,over_ladder,mlb-al-nl-2026-07-14-f5-total-4pt5,mlb-al-nl-2026-07-14-f5-total-3pt5,0.45,0.44,0.01,-0.005,51.0,,,
2026-07-14T16:16:27+00:00,mlb-al-nl-2026-07-14,over_ladder,mlb-al-nl-2026-07-14-f5-total-4pt5,mlb-al-nl-2026-07-14-f5-total-3pt5,0.45,0.44,0.01,-0.005,51.0,,,
2026-07-14T16:16:48+00:00,mlb-al-nl-2026-07-14,over_ladder,mlb-al-nl-2026-07-14-f5-total-4pt5,mlb-al-nl-2026-07-14-f5-total-3pt5,0.45,0.44,0.01,-0.005,51.0,,,
2026-07-14T16:17:08+00:00,mlb-al-nl-2026-07-14,over_ladder,mlb-al-nl-2026-07-14-f5-total-4pt5,mlb-al-nl-2026-07-14-f5-total-3pt5,0.45,0.44,0.01,-0.005,51.0,,,
2026-07-14T16:17:29+00:00,mlb-al-nl-2026-07-14,over_ladder,mlb-al-nl-2026-07-14-f5-total-4pt5,mlb-al-nl-2026-07-14-f5-total-3pt5,0.45,0.44,0.01,-0.005,51.0,,,
2026-07-14T16:17:49+00:00,mlb-al-nl-2026-07-14,over_ladder,mlb-al-nl-2026-07-14-f5-total-4pt5,mlb-al-nl-2026-07-14-f5-total-3pt5,0.45,0.44,0.01,-0.005,51.0,,,
2026-07-14T16:18:10+00:00,mlb-al-nl-2026-07-14,over_ladder,mlb-al-nl-2026-07-14-f5-total-4pt5,mlb-al-nl-2026-07-14-f5-total-3pt5,0.45,0.44,0.01,-0.005,51.0,,,
2026-07-14T16:18:30+00:00,mlb-al-nl-2026-07-14,over_ladder,mlb-al-nl-2026-07-14-f5-total-4pt5,mlb-al-nl-2026-07-14-f5-total-3pt5,0.45,0.44,0.01,-0.005,51.0,,,
2026-07-14T16:18:51+00:00,mlb-al-nl-2026-07-14,over_ladder,mlb-al-nl-2026-07-14-f5-total-4pt5,mlb-al-nl-2026-07-14-f5-total-3pt5,0.45,0.44,0.01,-0.005,51.0,,,
2026-07-14T16:19:11+00:00,mlb-al-nl-2026-07-14,over_ladder,mlb-al-nl-2026-07-14-f5-total-4pt5,mlb-al-nl-2026-07-14-f5-total-3pt5,0.45,0.44,0.01,-0.005,51.0,,,
2026-07-14T16:19:31+00:00,mlb-al-nl-2026-07-14,over_ladder,mlb-al-nl-2026-07-14-f5-total-4pt5,mlb-al-nl-2026-07-14-f5-total-3pt5,0.45,0.44,0.01,-0.005,51.0,,,
2026-07-14T16:19:52+00:00,mlb-al-nl-2026-07-14,over_ladder,mlb-al-nl-2026-07-14-f5-total-4pt5,mlb-al-nl-2026-07-14-f5-total-3pt5,0.45,0.44,0.01,-0.005,51.0,,,
2026-07-14T16:20:12+00:00,mlb-al-nl-2026-07-14,over_ladder,mlb-al-nl-2026-07-14-f5-total-4pt5,mlb-al-nl-2026-07-14-f5-total-3pt5,0.45,0.44,0.01,-0.005,51.0,,,
2026-07-14T16:20:33+00:00,mlb-al-nl-2026-07-14,over_ladder,mlb-al-nl-2026-07-14-f5-total-4pt5,mlb-al-nl-2026-07-14-f5-total-3pt5,0.45,0.44,0.01,-0.005,51.0,,,
2026-07-14T16:20:53+00:00,mlb-al-nl-2026-07-14,over_ladder,mlb-al-nl-2026-07-14-f5-total-4pt5,mlb-al-nl-2026-07-14-f5-total-3pt5,0.45,0.44,0.01,-0.005,51.0,,,
2026-07-14T16:21:14+00:00,mlb-al-nl-2026-07-14,over_ladder,mlb-al-nl-2026-07-14-f5-total-4pt5,mlb-al-nl-2026-07-14-f5-total-3pt5,0.45,0.44,0.01,-0.005,51.0,,,
2026-07-14T16:21:34+00:00,mlb-al-nl-2026-07-14,over_ladder,mlb-al-nl-2026-07-14-f5-total-4pt5,mlb-al-nl-2026-07-14-f5-total-3pt5,0.45,0.44,0.01,-0.005,51.0,,,
2026-07-14T16:21:57+00:00,mlb-al-nl-2026-07-14,over_ladder,mlb-al-nl-2026-07-14-f5-total-4pt5,mlb-al-nl-2026-07-14-f5-total-3pt5,0.45,0.44,0.01,-0.005,51.0,,,
2026-07-14T16:22:17+00:00,mlb-al-nl-2026-07-14,over_ladder,mlb-al-nl-2026-07-14-f5-total-4pt5,mlb-al-nl-2026-07-14-f5-total-3pt5,0.45,0.44,0.01,-0.005,51.0,,,
2026-07-14T16:22:37+00:00,mlb-al-nl-2026-07-14,over_ladder,mlb-al-nl-2026-07-14-f5-total-4pt5,mlb-al-nl-2026-07-14-f5-total-3pt5,0.45,0.44,0.01,-0.005,51.0,,,
2026-07-14T16:22:58+00:00,mlb-al-nl-2026-07-14,over_ladder,mlb-al-nl-2026-07-14-f5-total-4pt5,mlb-al-nl-2026-07-14-f5-total-3pt5,0.45,0.44,0.01,-0.005,51.0,,,
2026-07-14T16:23:18+00:00,mlb-al-nl-2026-07-14,over_ladder,mlb-al-nl-2026-07-14-f5-total-4pt5,mlb-al-nl-2026-07-14-f5-total-3pt5,0.45,0.44,0.01,-0.005,51.0,,,
2026-07-14T16:23:39+00:00,mlb-al-nl-2026-07-14,over_ladder,mlb-al-nl-2026-07-14-f5-total-4pt5,mlb-al-nl-2026-07-14-f5-total-3pt5,0.45,0.44,0.01,-0.005,51.0,,,
2026-07-14T16:23:59+00:00,mlb-al-nl-2026-07-14,over_ladder,mlb-al-nl-2026-07-14-f5-total-4pt5,mlb-al-nl-2026-07-14-f5-total-3pt5,0.45,0.44,0.01,-0.005,51.0,,,
2026-07-14T16:24:20+00:00,mlb-al-nl-2026-07-14,over_ladder,mlb-al-nl-2026-07-14-f5-total-4pt5,mlb-al-nl-2026-07-14-f5-total-3pt5,0.45,0.44,0.01,-0.005,51.0,,,
2026-07-14T16:24:40+00:00,mlb-al-nl-2026-07-14,over_ladder,mlb-al-nl-2026-07-14-f5-total-4pt5,mlb-al-nl-2026-07-14-f5-total-3pt5,0.45,0.44,0.01,-0.005,51.0,,,
2026-07-14T16:25:01+00:00,mlb-al-nl-2026-07-14,over_ladder,mlb-al-nl-2026-07-14-f5-total-4pt5,mlb-al-nl-2026-07-14-f5-total-3pt5,0.45,0.44,0.01,-0.005,51.0,,,
2026-07-14T16:25:21+00:00,mlb-al-nl-2026-07-14,over_ladder,mlb-al-nl-2026-07-14-f5-total-4pt5,mlb-al-nl-2026-07-14-f5-total-3pt5,0.45,0.44,0.01,-0.005,51.0,,,
2026-07-14T16:25:42+00:00,mlb-al-nl-2026-07-14,over_ladder,mlb-al-nl-2026-07-14-f5-total-4pt5,mlb-al-nl-2026-07-14-f5-total-3pt5,0.45,0.44,0.01,-0.005,51.0,,,
2026-07-14T16:26:02+00:00,mlb-al-nl-2026-07-14,over_ladder,mlb-al-nl-2026-07-14-f5-total-4pt5,mlb-al-nl-2026-07-14-f5-total-3pt5,0.45,0.44,0.01,-0.005,51.0,,,
2026-07-14T16:26:23+00:00,mlb-al-nl-2026-07-14,over_ladder,mlb-al-nl-2026-07-14-f5-total-4pt5,mlb-al-nl-2026-07-14-f5-total-3pt5,0.45,0.44,0.01,-0.005,51.0,,,
2026-07-14T16:26:43+00:00,mlb-al-nl-2026-07-14,over_ladder,mlb-al-nl-2026-07-14-f5-total-4pt5,mlb-al-nl-2026-07-14-f5-total-3pt5,0.45,0.44,0.01,-0.005,5.0,,,
2026-07-14T16:27:03+00:00,mlb-al-nl-2026-07-14,over_ladder,mlb-al-nl-2026-07-14-f5-total-4pt5,mlb-al-nl-2026-07-14-f5-total-3pt5,0.45,0.44,0.01,-0.005,51.0,,,
2026-07-14T16:27:24+00:00,mlb-al-nl-2026-07-14,over_ladder,mlb-al-nl-2026-07-14-f5-total-4pt5,mlb-al-nl-2026-07-14-f5-total-3pt5,0.45,0.44,0.01,-0.005,51.0,,,
2026-07-14T16:27:44+00:00,mlb-al-nl-2026-07-14,over_ladder,mlb-al-nl-2026-07-14-f5-total-4pt5,mlb-al-nl-2026-07-14-f5-total-3pt5,0.45,0.44,0.01,-0.005,51.0,,,
2026-07-14T16:28:05+00:00,mlb-al-nl-2026-07-14,over_ladder,mlb-al-nl-2026-07-14-f5-total-4pt5,mlb-al-nl-2026-07-14-f5-total-3pt5,0.45,0.44,0.01,-0.005,51.0,,,
2026-07-14T16:28:25+00:00,mlb-al-nl-2026-07-14,over_ladder,mlb-al-nl-2026-07-14-f5-total-4pt5,mlb-al-nl-2026-07-14-f5-total-3pt5,0.45,0.44,0.01,-0.005,51.0,,,
2026-07-14T16:28:46+00:00,mlb-al-nl-2026-07-14,over_ladder,mlb-al-nl-2026-07-14-f5-total-4pt5,mlb-al-nl-2026-07-14-f5-total-3pt5,0.45,0.44,0.01,-0.005,51.0,,,
2026-07-14T16:29:06+00:00,mlb-al-nl-2026-07-14,over_ladder,mlb-al-nl-2026-07-14-f5-total-4pt5,mlb-al-nl-2026-07-14-f5-total-3pt5,0.45,0.44,0.01,-0.005,51.0,,,
2026-07-14T16:29:27+00:00,mlb-al-nl-2026-07-14,over_ladder,mlb-al-nl-2026-07-14-f5-total-4pt5,mlb-al-nl-2026-07-14-f5-total-3pt5,0.45,0.44,0.01,-0.005,51.0,,,
2026-07-14T16:29:47+00:00,mlb-al-nl-2026-07-14,over_ladder,mlb-al-nl-2026-07-14-f5-total-4pt5,mlb-al-nl-2026-07-14-f5-total-3pt5,0.45,0.44,0.01,-0.005,51.0,,,
2026-07-14T16:30:08+00:00,mlb-al-nl-2026-07-14,over_ladder,mlb-al-nl-2026-07-14-f5-total-4pt5,mlb-al-nl-2026-07-14-f5-total-3pt5,0.45,0.44,0.01,-0.005,51.0,,,
2026-07-14T16:30:28+00:00,mlb-al-nl-2026-07-14,over_ladder,mlb-al-nl-2026-07-14-f5-total-4pt5,mlb-al-nl-2026-07-14-f5-total-3pt5,0.45,0.44,0.01,-0.005,51.0,,,
2026-07-14T16:30:49+00:00,mlb-al-nl-2026-07-14,over_ladder,mlb-al-nl-2026-07-14-f5-total-4pt5,mlb-al-nl-2026-07-14-f5-total-3pt5,0.45,0.44,0.01,-0.005,51.0,,,
2026-07-14T16:31:09+00:00,mlb-al-nl-2026-07-14,over_ladder,mlb-al-nl-2026-07-14-f5-total-4pt5,mlb-al-nl-2026-07-14-f5-total-3pt5,0.45,0.44,0.01,-0.005,51.0,,,
2026-07-14T16:31:30+00:00,mlb-al-nl-2026-07-14,over_ladder,mlb-al-nl-2026-07-14-f5-total-4pt5,mlb-al-nl-2026-07-14-f5-total-3pt5,0.45,0.44,0.01,-0.005,51.0,,,
2026-07-14T16:31:50+00:00,mlb-al-nl-2026-07-14,over_ladder,mlb-al-nl-2026-07-14-f5-total-4pt5,mlb-al-nl-2026-07-14-f5-total-3pt5,0.45,0.44,0.01,-0.005,51.0,,,
2026-07-14T16:32:12+00:00,mlb-al-nl-2026-07-14,over_ladder,mlb-al-nl-2026-07-14-f5-total-4pt5,mlb-al-nl-2026-07-14-f5-total-3pt5,0.45,0.44,0.01,-0.005,51.0,,,
2026-07-14T16:32:33+00:00,mlb-al-nl-2026-07-14,over_ladder,mlb-al-nl-2026-07-14-f5-total-4pt5,mlb-al-nl-2026-07-14-f5-total-3pt5,0.45,0.44,0.01,-0.005,51.0,,,
2026-07-14T16:32:53+00:00,mlb-al-nl-2026-07-14,over_ladder,mlb-al-nl-2026-07-14-f5-total-4pt5,mlb-al-nl-2026-07-14-f5-total-3pt5,0.45,0.44,0.01,-0.005,51.0,,,
2026-07-14T16:33:14+00:00,mlb-al-nl-2026-07-14,over_ladder,mlb-al-nl-2026-07-14-f5-total-4pt5,mlb-al-nl-2026-07-14-f5-total-3pt5,0.45,0.44,0.01,-0.005,51.0,,,
2026-07-14T16:33:34+00:00,mlb-al-nl-2026-07-14,over_ladder,mlb-al-nl-2026-07-14-f5-total-4pt5,mlb-al-nl-2026-07-14-f5-total-3pt5,0.45,0.44,0.01,-0.005,51.0,,,
2026-07-14T16:33:55+00:00,mlb-al-nl-2026-07-14,over_ladder,mlb-al-nl-2026-07-14-f5-total-4pt5,mlb-al-nl-2026-07-14-f5-total-3pt5,0.45,0.44,0.01,-0.005,51.0,,,
2026-07-14T16:34:15+00:00,mlb-al-nl-2026-07-14,over_ladder,mlb-al-nl-2026-07-14-f5-total-4pt5,mlb-al-nl-2026-07-14-f5-total-3pt5,0.45,0.44,0.01,-0.005,51.0,,,
2026-07-14T16:34:36+00:00,mlb-al-nl-2026-07-14,over_ladder,mlb-al-nl-2026-07-14-f5-total-4pt5,mlb-al-nl-2026-07-14-f5-total-3pt5,0.45,0.44,0.01,-0.005,51.0,,,
2026-07-14T16:34:56+00:00,mlb-al-nl-2026-07-14,over_ladder,mlb-al-nl-2026-07-14-f5-total-4pt5,mlb-al-nl-2026-07-14-f5-total-3pt5,0.45,0.44,0.01,-0.005,51.0,,,
2026-07-14T16:35:17+00:00,mlb-al-nl-2026-07-14,over_ladder,mlb-al-nl-2026-07-14-f5-total-4pt5,mlb-al-nl-2026-07-14-f5-total-3pt5,0.45,0.44,0.01,-0.005,51.0,,,
2026-07-14T16:35:37+00:00,mlb-al-nl-2026-07-14,over_ladder,mlb-al-nl-2026-07-14-f5-total-4pt5,mlb-al-nl-2026-07-14-f5-total-3pt5,0.45,0.44,0.01,-0.005,51.0,,,
2026-07-14T16:35:57+00:00,mlb-al-nl-2026-07-14,over_ladder,mlb-al-nl-2026-07-14-f5-total-4pt5,mlb-al-nl-2026-07-14-f5-total-3pt5,0.45,0.44,0.01,-0.005,51.0,,,
2026-07-14T16:36:18+00:00,mlb-al-nl-2026-07-14,over_ladder,mlb-al-nl-2026-07-14-f5-total-4pt5,mlb-al-nl-2026-07-14-f5-total-3pt5,0.45,0.44,0.01,-0.005,51.0,,,
2026-07-14T16:36:38+00:00,mlb-al-nl-2026-07-14,over_ladder,mlb-al-nl-2026-07-14-f5-total-4pt5,mlb-al-nl-2026-07-14-f5-total-3pt5,0.45,0.44,0.01,-0.005,51.0,,,
2026-07-14T16:36:59+00:00,mlb-al-nl-2026-07-14,over_ladder,mlb-al-nl-2026-07-14-f5-total-4pt5,mlb-al-nl-2026-07-14-f5-total-3pt5,0.45,0.44,0.01,-0.005,51.0,,,
2026-07-14T16:37:19+00:00,mlb-al-nl-2026-07-14,over_ladder,mlb-al-nl-2026-07-14-f5-total-4pt5,mlb-al-nl-2026-07-14-f5-total-3pt5,0.45,0.44,0.01,-0.005,51.0,,,
2026-07-14T16:37:40+00:00,mlb-al-nl-2026-07-14,over_ladder,mlb-al-nl-2026-07-14-f5-total-4pt5,mlb-al-nl-2026-07-14-f5-total-3pt5,0.45,0.44,0.01,-0.005,51.0,,,
2026-07-14T16:38:00+00:00,mlb-al-nl-2026-07-14,over_ladder,mlb-al-nl-2026-07-14-f5-total-4pt5,mlb-al-nl-2026-07-14-f5-total-3pt5,0.45,0.44,0.01,-0.005,51.0,,,
2026-07-14T16:38:21+00:00,mlb-al-nl-2026-07-14,over_ladder,mlb-al-nl-2026-07-14-f5-total-4pt5,mlb-al-nl-2026-07-14-f5-total-3pt5,0.45,0.44,0.01,-0.005,51.0,,,
2026-07-14T16:38:41+00:00,mlb-al-nl-2026-07-14,over_ladder,mlb-al-nl-2026-07-14-f5-total-4pt5,mlb-al-nl-2026-07-14-f5-total-3pt5,0.45,0.44,0.01,-0.005,51.0,,,
2026-07-14T16:39:02+00:00,mlb-al-nl-2026-07-14,over_ladder,mlb-al-nl-2026-07-14-f5-total-4pt5,mlb-al-nl-2026-07-14-f5-total-3pt5,0.45,0.44,0.01,-0.005,51.0,,,
2026-07-14T16:39:22+00:00,mlb-al-nl-2026-07-14,over_ladder,mlb-al-nl-2026-07-14-f5-total-4pt5,mlb-al-nl-2026-07-14-f5-total-3pt5,0.45,0.44,0.01,-0.005,51.0,,,
2026-07-14T16:39:43+00:00,mlb-al-nl-2026-07-14,over_ladder,mlb-al-nl-2026-07-14-f5-total-4pt5,mlb-al-nl-2026-07-14-f5-total-3pt5,0.45,0.44,0.01,-0.005,51.0,,,
2026-07-14T16:40:03+00:00,mlb-al-nl-2026-07-14,over_ladder,mlb-al-nl-2026-07-14-f5-total-4pt5,mlb-al-nl-2026-07-14-f5-total-3pt5,0.45,0.44,0.01,-0.005,51.0,,,
2026-07-14T16:40:24+00:00,mlb-al-nl-2026-07-14,over_ladder,mlb-al-nl-2026-07-14-f5-total-4pt5,mlb-al-nl-2026-07-14-f5-total-3pt5,0.45,0.44,0.01,-0.005,51.0,,,
2026-07-14T16:40:44+00:00,mlb-al-nl-2026-07-14,over_ladder,mlb-al-nl-2026-07-14-f5-total-4pt5,mlb-al-nl-2026-07-14-f5-total-3pt5,0.45,0.44,0.01,-0.005,51.0,,,
2026-07-14T16:41:05+00:00,mlb-al-nl-2026-07-14,over_ladder,mlb-al-nl-2026-07-14-f5-total-4pt5,mlb-al-nl-2026-07-14-f5-total-3pt5,0.45,0.44,0.01,-0.005,51.0,,,
2026-07-14T16:41:25+00:00,mlb-al-nl-2026-07-14,over_ladder,mlb-al-nl-2026-07-14-f5-total-4pt5,mlb-al-nl-2026-07-14-f5-total-3pt5,0.45,0.44,0.01,-0.005,51.0,,,
2026-07-14T16:41:45+00:00,mlb-al-nl-2026-07-14,over_ladder,mlb-al-nl-2026-07-14-f5-total-4pt5,mlb-al-nl-2026-07-14-f5-total-3pt5,0.45,0.44,0.01,-0.005,51.0,,,
2026-07-14T16:42:06+00:00,mlb-al-nl-2026-07-14,over_ladder,mlb-al-nl-2026-07-14-f5-total-4pt5,mlb-al-nl-2026-07-14-f5-total-3pt5,0.45,0.44,0.01,-0.005,5.0,,,
2026-07-14T16:42:28+00:00,mlb-al-nl-2026-07-14,over_ladder,mlb-al-nl-2026-07-14-f5-total-4pt5,mlb-al-nl-2026-07-14-f5-total-3pt5,0.45,0.44,0.01,-0.005,51.0,,,
2026-07-14T16:42:48+00:00,mlb-al-nl-2026-07-14,over_ladder,mlb-al-nl-2026-07-14-f5-total-4pt5,mlb-al-nl-2026-07-14-f5-total-3pt5,0.45,0.44,0.01,-0.005,51.0,,,
2026-07-14T16:43:09+00:00,mlb-al-nl-2026-07-14,over_ladder,mlb-al-nl-2026-07-14-f5-total-4pt5,mlb-al-nl-2026-07-14-f5-total-3pt5,0.45,0.44,0.01,-0.005,51.0,,,
2026-07-14T16:43:30+00:00,mlb-al-nl-2026-07-14,over_ladder,mlb-al-nl-2026-07-14-f5-total-4pt5,mlb-al-nl-2026-07-14-f5-total-3pt5,0.45,0.44,0.01,-0.005,51.0,,,
2026-07-14T16:43:50+00:00,mlb-al-nl-2026-07-14,over_ladder,mlb-al-nl-2026-07-14-f5-total-4pt5,mlb-al-nl-2026-07-14-f5-total-3pt5,0.45,0.44,0.01,-0.005,51.0,,,
2026-07-14T16:44:10+00:00,mlb-al-nl-2026-07-14,over_ladder,mlb-al-nl-2026-07-14-f5-total-4pt5,mlb-al-nl-2026-07-14-f5-total-3pt5,0.45,0.44,0.01,-0.005,51.0,,,
2026-07-14T16:44:31+00:00,mlb-al-nl-2026-07-14,over_ladder,mlb-al-nl-2026-07-14-f5-total-4pt5,mlb-al-nl-2026-07-14-f5-total-3pt5,0.45,0.44,0.01,-0.005,51.0,,,
2026-07-14T16:44:51+00:00,mlb-al-nl-2026-07-14,over_ladder,mlb-al-nl-2026-07-14-f5-total-4pt5,mlb-al-nl-2026-07-14-f5-total-3pt5,0.45,0.44,0.01,-0.005,51.0,,,
2026-07-14T16:45:13+00:00,mlb-al-nl-2026-07-14,over_ladder,mlb-al-nl-2026-07-14-f5-total-4pt5,mlb-al-nl-2026-07-14-f5-total-3pt5,0.45,0.44,0.01,-0.005,51.0,,,
2026-07-14T16:45:34+00:00,mlb-al-nl-2026-07-14,over_ladder,mlb-al-nl-2026-07-14-f5-total-4pt5,mlb-al-nl-2026-07-14-f5-total-3pt5,0.45,0.44,0.01,-0.005,51.0,,,
2026-07-14T16:45:54+00:00,mlb-al-nl-2026-07-14,over_ladder,mlb-al-nl-2026-07-14-f5-total-4pt5,mlb-al-nl-2026-07-14-f5-total-3pt5,0.45,0.44,0.01,-0.005,51.0,,,
2026-07-14T16:46:15+00:00,mlb-al-nl-2026-07-14,over_ladder,mlb-al-nl-2026-07-14-f5-total-4pt5,mlb-al-nl-2026-07-14-f5-total-3pt5,0.45,0.44,0.01,-0.005,51.0,,,
2026-07-14T16:46:35+00:00,mlb-al-nl-2026-07-14,over_ladder,mlb-al-nl-2026-07-14-f5-total-4pt5,mlb-al-nl-2026-07-14-f5-total-3pt5,0.45,0.44,0.01,-0.005,51.0,,,
2026-07-14T16:46:55+00:00,mlb-al-nl-2026-07-14,over_ladder,mlb-al-nl-2026-07-14-f5-total-4pt5,mlb-al-nl-2026-07-14-f5-total-3pt5,0.45,0.44,0.01,-0.005,51.0,,,
2026-07-14T16:47:16+00:00,mlb-al-nl-2026-07-14,over_ladder,mlb-al-nl-2026-07-14-f5-total-4pt5,mlb-al-nl-2026-07-14-f5-total-3pt5,0.45,0.44,0.01,-0.005,51.0,,,
2026-07-14T16:47:36+00:00,mlb-al-nl-2026-07-14,over_ladder,mlb-al-nl-2026-07-14-f5-total-4pt5,mlb-al-nl-2026-07-14-f5-total-3pt5,0.45,0.44,0.01,-0.005,51.0,,,
2026-07-14T16:47:57+00:00,mlb-al-nl-2026-07-14,over_ladder,mlb-al-nl-2026-07-14-f5-total-4pt5,mlb-al-nl-2026-07-14-f5-total-3pt5,0.45,0.44,0.01,-0.005,51.0,,,
2026-07-14T16:48:17+00:00,mlb-al-nl-2026-07-14,over_ladder,mlb-al-nl-2026-07-14-f5-total-4pt5,mlb-al-nl-2026-07-14-f5-total-3pt5,0.45,0.44,0.01,-0.005,51.0,,,
2026-07-14T16:48:38+00:00,mlb-al-nl-2026-07-14,over_ladder,mlb-al-nl-2026-07-14-f5-total-4pt5,mlb-al-nl-2026-07-14-f5-total-3pt5,0.45,0.44,0.01,-0.005,51.0,,,
2026-07-14T16:48:58+00:00,mlb-al-nl-2026-07-14,over_ladder,mlb-al-nl-2026-07-14-f5-total-4pt5,mlb-al-nl-2026-07-14-f5-total-3pt5,0.45,0.44,0.01,-0.005,51.0,,,
2026-07-14T16:49:19+00:00,mlb-al-nl-2026-07-14,over_ladder,mlb-al-nl-2026-07-14-f5-total-4pt5,mlb-al-nl-2026-07-14-f5-total-3pt5,0.45,0.44,0.01,-0.005,51.0,,,
2026-07-14T16:49:39+00:00,mlb-al-nl-2026-07-14,over_ladder,mlb-al-nl-2026-07-14-f5-total-4pt5,mlb-al-nl-2026-07-14-f5-total-3pt5,0.45,0.44,0.01,-0.005,51.0,,,
2026-07-14T16:49:59+00:00,mlb-al-nl-2026-07-14,over_ladder,mlb-al-nl-2026-07-14-f5-total-4pt5,mlb-al-nl-2026-07-14-f5-total-3pt5,0.45,0.44,0.01,-0.005,51.0,,,
2026-07-14T16:50:20+00:00,mlb-al-nl-2026-07-14,over_ladder,mlb-al-nl-2026-07-14-f5-total-4pt5,mlb-al-nl-2026-07-14-f5-total-3pt5,0.45,0.44,0.01,-0.005,51.0,,,
2026-07-14T16:50:40+00:00,mlb-al-nl-2026-07-14,over_ladder,mlb-al-nl-2026-07-14-f5-total-4pt5,mlb-al-nl-2026-07-14-f5-total-3pt5,0.45,0.44,0.01,-0.005,51.0,,,
2026-07-14T16:51:01+00:00,mlb-al-nl-2026-07-14,over_ladder,mlb-al-nl-2026-07-14-f5-total-4pt5,mlb-al-nl-2026-07-14-f5-total-3pt5,0.45,0.44,0.01,-0.005,51.0,,,
2026-07-14T16:51:21+00:00,mlb-al-nl-2026-07-14,over_ladder,mlb-al-nl-2026-07-14-f5-total-4pt5,mlb-al-nl-2026-07-14-f5-total-3pt5,0.45,0.44,0.01,-0.005,51.0,,,
2026-07-14T16:51:42+00:00,mlb-al-nl-2026-07-14,over_ladder,mlb-al-nl-2026-07-14-f5-total-4pt5,mlb-al-nl-2026-07-14-f5-total-3pt5,0.45,0.44,0.01,-0.005,51.0,,,
2026-07-14T16:52:02+00:00,mlb-al-nl-2026-07-14,over_ladder,mlb-al-nl-2026-07-14-f5-total-4pt5,mlb-al-nl-2026-07-14-f5-total-3pt5,0.45,0.44,0.01,-0.005,51.0,,,
2026-07-14T16:52:23+00:00,mlb-al-nl-2026-07-14,over_ladder,mlb-al-nl-2026-07-14-f5-total-4pt5,mlb-al-nl-2026-07-14-f5-total-3pt5,0.45,0.44,0.01,-0.005,51.0,,,
2026-07-14T16:52:45+00:00,mlb-al-nl-2026-07-14,over_ladder,mlb-al-nl-2026-07-14-f5-total-4pt5,mlb-al-nl-2026-07-14-f5-total-3pt5,0.45,0.44,0.01,-0.005,51.0,,,
2026-07-14T16:53:05+00:00,mlb-al-nl-2026-07-14,over_ladder,mlb-al-nl-2026-07-14-f5-total-4pt5,mlb-al-nl-2026-07-14-f5-total-3pt5,0.45,0.44,0.01,-0.005,51.0,,,
2026-07-14T16:53:26+00:00,mlb-al-nl-2026-07-14,over_ladder,mlb-al-nl-2026-07-14-f5-total-4pt5,mlb-al-nl-2026-07-14-f5-total-3pt5,0.45,0.44,0.01,-0.005,51.0,,,
2026-07-14T16:53:46+00:00,mlb-al-nl-2026-07-14,over_ladder,mlb-al-nl-2026-07-14-f5-total-4pt5,mlb-al-nl-2026-07-14-f5-total-3pt5,0.45,0.44,0.01,-0.005,51.0,,,
2026-07-14T16:54:07+00:00,mlb-al-nl-2026-07-14,over_ladder,mlb-al-nl-2026-07-14-f5-total-4pt5,mlb-al-nl-2026-07-14-f5-total-3pt5,0.45,0.44,0.01,-0.005,51.0,,,
2026-07-14T16:54:27+00:00,mlb-al-nl-2026-07-14,over_ladder,mlb-al-nl-2026-07-14-f5-total-4pt5,mlb-al-nl-2026-07-14-f5-total-3pt5,0.45,0.44,0.01,-0.005,51.0,,,
2026-07-14T16:54:48+00:00,mlb-al-nl-2026-07-14,over_ladder,mlb-al-nl-2026-07-14-f5-total-4pt5,mlb-al-nl-2026-07-14-f5-total-3pt5,0.45,0.44,0.01,-0.005,51.0,,,
2026-07-14T16:55:08+00:00,mlb-al-nl-2026-07-14,over_ladder,mlb-al-nl-2026-07-14-f5-total-4pt5,mlb-al-nl-2026-07-14-f5-total-3pt5,0.45,0.44,0.01,-0.005,51.0,,,
2026-07-14T16:55:29+00:00,mlb-al-nl-2026-07-14,over_ladder,mlb-al-nl-2026-07-14-f5-total-4pt5,mlb-al-nl-2026-07-14-f5-total-3pt5,0.45,0.44,0.01,-0.005,51.0,,,
2026-07-14T16:55:49+00:00,mlb-al-nl-2026-07-14,over_ladder,mlb-al-nl-2026-07-14-f5-total-4pt5,mlb-al-nl-2026-07-14-f5-total-3pt5,0.45,0.44,0.01,-0.005,51.0,,,
2026-07-14T16:56:12+00:00,mlb-al-nl-2026-07-14,over_ladder,mlb-al-nl-2026-07-14-f5-total-4pt5,mlb-al-nl-2026-07-14-f5-total-3pt5,0.45,0.44,0.01,-0.005,51.0,,,
2026-07-14T16:56:33+00:00,mlb-al-nl-2026-07-14,over_ladder,mlb-al-nl-2026-07-14-f5-total-4pt5,mlb-al-nl-2026-07-14-f5-total-3pt5,0.45,0.44,0.01,-0.005,51.0,,,
2026-07-14T16:56:53+00:00,mlb-al-nl-2026-07-14,over_ladder,mlb-al-nl-2026-07-14-f5-total-4pt5,mlb-al-nl-2026-07-14-f5-total-3pt5,0.45,0.44,0.01,-0.005,51.0,,,
2026-07-14T16:57:14+00:00,mlb-al-nl-2026-07-14,over_ladder,mlb-al-nl-2026-07-14-f5-total-4pt5,mlb-al-nl-2026-07-14-f5-total-3pt5,0.45,0.44,0.01,-0.005,51.0,,,
2026-07-14T16:57:34+00:00,mlb-al-nl-2026-07-14,over_ladder,mlb-al-nl-2026-07-14-f5-total-4pt5,mlb-al-nl-2026-07-14-f5-total-3pt5,0.45,0.44,0.01,-0.005,51.0,,,
2026-07-14T16:57:55+00:00,mlb-al-nl-2026-07-14,over_ladder,mlb-al-nl-2026-07-14-f5-total-4pt5,mlb-al-nl-2026-07-14-f5-total-3pt5,0.45,0.44,0.01,-0.005,51.0,,,
2026-07-14T16:58:15+00:00,mlb-al-nl-2026-07-14,over_ladder,mlb-al-nl-2026-07-14-f5-total-4pt5,mlb-al-nl-2026-07-14-f5-total-3pt5,0.45,0.44,0.01,-0.005,51.0,,,
2026-07-14T16:58:36+00:00,mlb-al-nl-2026-07-14,over_ladder,mlb-al-nl-2026-07-14-f5-total-4pt5,mlb-al-nl-2026-07-14-f5-total-3pt5,0.45,0.44,0.01,-0.005,51.0,,,
2026-07-14T16:58:56+00:00,mlb-al-nl-2026-07-14,over_ladder,mlb-al-nl-2026-07-14-f5-total-4pt5,mlb-al-nl-2026-07-14-f5-total-3pt5,0.45,0.44,0.01,-0.005,51.0,,,
2026-07-14T16:59:17+00:00,mlb-al-nl-2026-07-14,over_ladder,mlb-al-nl-2026-07-14-f5-total-4pt5,mlb-al-nl-2026-07-14-f5-total-3pt5,0.45,0.44,0.01,-0.005,51.0,,,
2026-07-14T16:59:37+00:00,mlb-al-nl-2026-07-14,over_ladder,mlb-al-nl-2026-07-14-f5-total-4pt5,mlb-al-nl-2026-07-14-f5-total-3pt5,0.45,0.44,0.01,-0.005,51.0,,,
2026-07-14T16:59:58+00:00,mlb-al-nl-2026-07-14,over_ladder,mlb-al-nl-2026-07-14-f5-total-4pt5,mlb-al-nl-2026-07-14-f5-total-3pt5,0.45,0.44,0.01,-0.005,51.0,,,
2026-07-14T17:00:18+00:00,mlb-al-nl-2026-07-14,over_ladder,mlb-al-nl-2026-07-14-f5-total-4pt5,mlb-al-nl-2026-07-14-f5-total-3pt5,0.45,0.44,0.01,-0.005,51.0,,,
2026-07-14T17:00:39+00:00,mlb-al-nl-2026-07-14,over_ladder,mlb-al-nl-2026-07-14-f5-total-4pt5,mlb-al-nl-2026-07-14-f5-total-3pt5,0.45,0.44,0.01,-0.005,51.0,,,
2026-07-14T17:00:59+00:00,mlb-al-nl-2026-07-14,over_ladder,mlb-al-nl-2026-07-14-f5-total-4pt5,mlb-al-nl-2026-07-14-f5-total-3pt5,0.45,0.44,0.01,-0.005,51.0,,,
2026-07-14T17:01:20+00:00,mlb-al-nl-2026-07-14,over_ladder,mlb-al-nl-2026-07-14-f5-total-4pt5,mlb-al-nl-2026-07-14-f5-total-3pt5,0.45,0.44,0.01,-0.005,51.0,,,
2026-07-14T17:01:41+00:00,mlb-al-nl-2026-07-14,over_ladder,mlb-al-nl-2026-07-14-f5-total-4pt5,mlb-al-nl-2026-07-14-f5-total-3pt5,0.45,0.44,0.01,-0.005,51.0,,,
2026-07-14T17:02:02+00:00,mlb-al-nl-2026-07-14,over_ladder,mlb-al-nl-2026-07-14-f5-total-4pt5,mlb-al-nl-2026-07-14-f5-total-3pt5,0.45,0.44,0.01,-0.005,51.0,,,
2026-07-14T17:02:22+00:00,mlb-al-nl-2026-07-14,over_ladder,mlb-al-nl-2026-07-14-f5-total-4pt5,mlb-al-nl-2026-07-14-f5-total-3pt5,0.45,0.44,0.01,-0.005,51.0,,,
2026-07-14T17:02:43+00:00,mlb-al-nl-2026-07-14,over_ladder,mlb-al-nl-2026-07-14-f5-total-4pt5,mlb-al-nl-2026-07-14-f5-total-3pt5,0.45,0.44,0.01,-0.005,51.0,,,
2026-07-14T17:03:05+00:00,mlb-al-nl-2026-07-14,over_ladder,mlb-al-nl-2026-07-14-f5-total-4pt5,mlb-al-nl-2026-07-14-f5-total-3pt5,0.45,0.44,0.01,-0.005,51.0,,,
2026-07-14T17:03:26+00:00,mlb-al-nl-2026-07-14,over_ladder,mlb-al-nl-2026-07-14-f5-total-4pt5,mlb-al-nl-2026-07-14-f5-total-3pt5,0.45,0.44,0.01,-0.005,51.0,,,
2026-07-14T17:03:46+00:00,mlb-al-nl-2026-07-14,over_ladder,mlb-al-nl-2026-07-14-f5-total-4pt5,mlb-al-nl-2026-07-14-f5-total-3pt5,0.45,0.44,0.01,-0.005,51.0,,,
2026-07-14T17:04:07+00:00,mlb-al-nl-2026-07-14,over_ladder,mlb-al-nl-2026-07-14-f5-total-4pt5,mlb-al-nl-2026-07-14-f5-total-3pt5,0.45,0.44,0.01,-0.005,51.0,,,
2026-07-14T17:04:27+00:00,mlb-al-nl-2026-07-14,over_ladder,mlb-al-nl-2026-07-14-f5-total-4pt5,mlb-al-nl-2026-07-14-f5-total-3pt5,0.45,0.44,0.01,-0.005,51.0,,,
2026-07-14T17:04:48+00:00,mlb-al-nl-2026-07-14,over_ladder,mlb-al-nl-2026-07-14-f5-total-4pt5,mlb-al-nl-2026-07-14-f5-total-3pt5,0.45,0.44,0.01,-0.005,51.0,,,
2026-07-14T17:05:08+00:00,mlb-al-nl-2026-07-14,over_ladder,mlb-al-nl-2026-07-14-f5-total-4pt5,mlb-al-nl-2026-07-14-f5-total-3pt5,0.45,0.44,0.01,-0.005,51.0,,,
2026-07-14T17:05:28+00:00,mlb-al-nl-2026-07-14,over_ladder,mlb-al-nl-2026-07-14-f5-total-4pt5,mlb-al-nl-2026-07-14-f5-total-3pt5,0.45,0.44,0.01,-0.005,51.0,,,
2026-07-14T17:05:49+00:00,mlb-al-nl-2026-07-14,over_ladder,mlb-al-nl-2026-07-14-f5-total-4pt5,mlb-al-nl-2026-07-14-f5-total-3pt5,0.45,0.44,0.01,-0.005,51.0,,,
2026-07-14T17:06:09+00:00,mlb-al-nl-2026-07-14,over_ladder,mlb-al-nl-2026-07-14-f5-total-4pt5,mlb-al-nl-2026-07-14-f5-total-3pt5,0.45,0.44,0.01,-0.005,51.0,,,
2026-07-14T17:06:30+00:00,mlb-al-nl-2026-07-14,over_ladder,mlb-al-nl-2026-07-14-f5-total-4pt5,mlb-al-nl-2026-07-14-f5-total-3pt5,0.45,0.44,0.01,-0.005,51.0,,,
2026-07-14T17:06:50+00:00,mlb-al-nl-2026-07-14,over_ladder,mlb-al-nl-2026-07-14-f5-total-4pt5,mlb-al-nl-2026-07-14-f5-total-3pt5,0.45,0.44,0.01,-0.005,51.0,,,
2026-07-14T17:07:11+00:00,mlb-al-nl-2026-07-14,over_ladder,mlb-al-nl-2026-07-14-f5-total-4pt5,mlb-al-nl-2026-07-14-f5-total-3pt5,0.45,0.44,0.01,-0.005,51.0,,,
2026-07-14T17:07:31+00:00,wnba-por-conn-2026-07-14,spread_implies_ml,wnba-por-conn-2026-07-14-spread-away-1pt5,wnba-por-conn-2026-07-14,0.02,0.015,0.005,0.0016,17.0,-0.005,False,True
2026-07-14T17:07:31+00:00,mlb-al-nl-2026-07-14,over_ladder,mlb-al-nl-2026-07-14-f5-total-4pt5,mlb-al-nl-2026-07-14-f5-total-3pt5,0.45,0.44,0.01,-0.005,51.0,,,
2026-07-14T17:07:57+00:00,mlb-al-nl-2026-07-14,over_ladder,mlb-al-nl-2026-07-14-f5-total-4pt5,mlb-al-nl-2026-07-14-f5-total-3pt5,0.45,0.44,0.01,-0.005,51.0,,,
2026-07-14T17:08:18+00:00,mlb-al-nl-2026-07-14,over_ladder,mlb-al-nl-2026-07-14-f5-total-4pt5,mlb-al-nl-2026-07-14-f5-total-3pt5,0.45,0.44,0.01,-0.005,51.0,,,
2026-07-14T17:08:38+00:00,mlb-al-nl-2026-07-14,over_ladder,mlb-al-nl-2026-07-14-f5-total-4pt5,mlb-al-nl-2026-07-14-f5-total-3pt5,0.45,0.44,0.01,-0.005,51.0,,,
2026-07-14T17:08:59+00:00,mlb-al-nl-2026-07-14,over_ladder,mlb-al-nl-2026-07-14-f5-total-4pt5,mlb-al-nl-2026-07-14-f5-total-3pt5,0.45,0.44,0.01,-0.005,51.0,,,
2026-07-14T17:09:19+00:00,mlb-al-nl-2026-07-14,over_ladder,mlb-al-nl-2026-07-14-f5-total-4pt5,mlb-al-nl-2026-07-14-f5-total-3pt5,0.45,0.44,0.01,-0.005,51.0,,,
2026-07-14T17:09:40+00:00,mlb-al-nl-2026-07-14,over_ladder,mlb-al-nl-2026-07-14-f5-total-4pt5,mlb-al-nl-2026-07-14-f5-total-3pt5,0.45,0.44,0.01,-0.005,51.0,,,
2026-07-14T17:10:00+00:00,mlb-al-nl-2026-07-14,over_ladder,mlb-al-nl-2026-07-14-f5-total-4pt5,mlb-al-nl-2026-07-14-f5-total-3pt5,0.45,0.44,0.01,-0.005,51.0,,,
2026-07-14T17:10:20+00:00,mlb-al-nl-2026-07-14,over_ladder,mlb-al-nl-2026-07-14-f5-total-4pt5,mlb-al-nl-2026-07-14-f5-total-3pt5,0.45,0.44,0.01,-0.005,51.0,,,
2026-07-14T17:10:41+00:00,mlb-al-nl-2026-07-14,over_ladder,mlb-al-nl-2026-07-14-f5-total-4pt5,mlb-al-nl-2026-07-14-f5-total-3pt5,0.45,0.44,0.01,-0.005,51.0,,,
2026-07-14T17:11:01+00:00,mlb-al-nl-2026-07-14,over_ladder,mlb-al-nl-2026-07-14-f5-total-4pt5,mlb-al-nl-2026-07-14-f5-total-3pt5,0.45,0.44,0.01,-0.005,51.0,,,
2026-07-14T17:11:22+00:00,mlb-al-nl-2026-07-14,over_ladder,mlb-al-nl-2026-07-14-f5-total-4pt5,mlb-al-nl-2026-07-14-f5-total-3pt5,0.45,0.44,0.01,-0.005,51.0,,,
2026-07-14T17:11:42+00:00,mlb-al-nl-2026-07-14,over_ladder,mlb-al-nl-2026-07-14-f5-total-4pt5,mlb-al-nl-2026-07-14-f5-total-3pt5,0.45,0.44,0.01,-0.005,51.0,,,
2026-07-14T17:12:03+00:00,mlb-al-nl-2026-07-14,over_ladder,mlb-al-nl-2026-07-14-f5-total-4pt5,mlb-al-nl-2026-07-14-f5-total-3pt5,0.45,0.44,0.01,-0.005,51.0,,,
2026-07-14T17:12:23+00:00,mlb-al-nl-2026-07-14,over_ladder,mlb-al-nl-2026-07-14-f5-total-4pt5,mlb-al-nl-2026-07-14-f5-total-3pt5,0.45,0.44,0.01,-0.005,51.0,,,
2026-07-14T17:12:44+00:00,mlb-al-nl-2026-07-14,over_ladder,mlb-al-nl-2026-07-14-f5-total-4pt5,mlb-al-nl-2026-07-14-f5-total-3pt5,0.45,0.44,0.01,-0.005,5.0,,,
2026-07-14T17:13:06+00:00,mlb-al-nl-2026-07-14,over_ladder,mlb-al-nl-2026-07-14-f5-total-4pt5,mlb-al-nl-2026-07-14-f5-total-3pt5,0.45,0.44,0.01,-0.005,51.0,,,
2026-07-14T17:13:26+00:00,mlb-al-nl-2026-07-14,over_ladder,mlb-al-nl-2026-07-14-f5-total-4pt5,mlb-al-nl-2026-07-14-f5-total-3pt5,0.45,0.44,0.01,-0.005,51.0,,,
2026-07-14T17:13:47+00:00,mlb-al-nl-2026-07-14,over_ladder,mlb-al-nl-2026-07-14-f5-total-4pt5,mlb-al-nl-2026-07-14-f5-total-3pt5,0.45,0.44,0.01,-0.005,51.0,,,
2026-07-14T17:14:07+00:00,mlb-al-nl-2026-07-14,over_ladder,mlb-al-nl-2026-07-14-f5-total-4pt5,mlb-al-nl-2026-07-14-f5-total-3pt5,0.45,0.44,0.01,-0.005,51.0,,,
2026-07-14T17:14:28+00:00,mlb-al-nl-2026-07-14,over_ladder,mlb-al-nl-2026-07-14-f5-total-4pt5,mlb-al-nl-2026-07-14-f5-total-3pt5,0.45,0.44,0.01,-0.005,51.0,,,
2026-07-14T17:14:48+00:00,mlb-al-nl-2026-07-14,over_ladder,mlb-al-nl-2026-07-14-f5-total-4pt5,mlb-al-nl-2026-07-14-f5-total-3pt5,0.45,0.44,0.01,-0.005,51.0,,,
2026-07-14T17:15:09+00:00,mlb-al-nl-2026-07-14,over_ladder,mlb-al-nl-2026-07-14-f5-total-4pt5,mlb-al-nl-2026-07-14-f5-total-3pt5,0.45,0.44,0.01,-0.005,51.0,,,
2026-07-14T17:15:29+00:00,mlb-al-nl-2026-07-14,over_ladder,mlb-al-nl-2026-07-14-f5-total-4pt5,mlb-al-nl-2026-07-14-f5-total-3pt5,0.45,0.44,0.01,-0.005,51.0,,,
2026-07-14T17:15:50+00:00,mlb-al-nl-2026-07-14,over_ladder,mlb-al-nl-2026-07-14-f5-total-4pt5,mlb-al-nl-2026-07-14-f5-total-3pt5,0.45,0.44,0.01,-0.005,51.0,,,
2026-07-14T17:16:10+00:00,mlb-al-nl-2026-07-14,over_ladder,mlb-al-nl-2026-07-14-f5-total-4pt5,mlb-al-nl-2026-07-14-f5-total-3pt5,0.45,0.44,0.01,-0.005,51.0,,,
2026-07-14T17:16:31+00:00,mlb-al-nl-2026-07-14,over_ladder,mlb-al-nl-2026-07-14-f5-total-4pt5,mlb-al-nl-2026-07-14-f5-total-3pt5,0.45,0.44,0.01,-0.005,51.0,,,
2026-07-14T17:16:51+00:00,mlb-al-nl-2026-07-14,over_ladder,mlb-al-nl-2026-07-14-f5-total-4pt5,mlb-al-nl-2026-07-14-f5-total-3pt5,0.45,0.44,0.01,-0.005,51.0,,,
2026-07-14T17:17:12+00:00,mlb-al-nl-2026-07-14,over_ladder,mlb-al-nl-2026-07-14-f5-total-4pt5,mlb-al-nl-2026-07-14-f5-total-3pt5,0.45,0.44,0.01,-0.005,51.0,,,
2026-07-14T17:17:32+00:00,mlb-al-nl-2026-07-14,over_ladder,mlb-al-nl-2026-07-14-f5-total-4pt5,mlb-al-nl-2026-07-14-f5-total-3pt5,0.45,0.44,0.01,-0.005,51.0,,,
2026-07-14T17:17:53+00:00,mlb-al-nl-2026-07-14,over_ladder,mlb-al-nl-2026-07-14-f5-total-4pt5,mlb-al-nl-2026-07-14-f5-total-3pt5,0.45,0.44,0.01,-0.005,51.0,,,
2026-07-14T17:18:13+00:00,mlb-al-nl-2026-07-14,over_ladder,mlb-al-nl-2026-07-14-f5-total-4pt5,mlb-al-nl-2026-07-14-f5-total-3pt5,0.45,0.44,0.01,-0.005,51.0,,,
2026-07-14T17:18:34+00:00,mlb-al-nl-2026-07-14,over_ladder,mlb-al-nl-2026-07-14-f5-total-4pt5,mlb-al-nl-2026-07-14-f5-total-3pt5,0.45,0.44,0.01,-0.005,51.0,,,
2026-07-14T17:18:54+00:00,mlb-al-nl-2026-07-14,over_ladder,mlb-al-nl-2026-07-14-f5-total-4pt5,mlb-al-nl-2026-07-14-f5-total-3pt5,0.45,0.44,0.01,-0.005,51.0,,,
2026-07-14T17:19:14+00:00,mlb-al-nl-2026-07-14,over_ladder,mlb-al-nl-2026-07-14-f5-total-4pt5,mlb-al-nl-2026-07-14-f5-total-3pt5,0.45,0.44,0.01,-0.005,51.0,,,
2026-07-14T17:19:35+00:00,mlb-al-nl-2026-07-14,over_ladder,mlb-al-nl-2026-07-14-f5-total-4pt5,mlb-al-nl-2026-07-14-f5-total-3pt5,0.45,0.44,0.01,-0.005,51.0,,,
2026-07-14T17:19:55+00:00,mlb-al-nl-2026-07-14,over_ladder,mlb-al-nl-2026-07-14-f5-total-4pt5,mlb-al-nl-2026-07-14-f5-total-3pt5,0.45,0.44,0.01,-0.005,51.0,,,
2026-07-14T17:20:16+00:00,mlb-al-nl-2026-07-14,over_ladder,mlb-al-nl-2026-07-14-f5-total-4pt5,mlb-al-nl-2026-07-14-f5-total-3pt5,0.45,0.44,0.01,-0.005,51.0,,,
2026-07-14T17:20:36+00:00,mlb-al-nl-2026-07-14,over_ladder,mlb-al-nl-2026-07-14-f5-total-4pt5,mlb-al-nl-2026-07-14-f5-total-3pt5,0.45,0.44,0.01,-0.005,51.0,,,
2026-07-14T17:20:57+00:00,mlb-al-nl-2026-07-14,over_ladder,mlb-al-nl-2026-07-14-f5-total-4pt5,mlb-al-nl-2026-07-14-f5-total-3pt5,0.45,0.44,0.01,-0.005,51.0,,,
2026-07-14T17:21:17+00:00,mlb-al-nl-2026-07-14,over_ladder,mlb-al-nl-2026-07-14-f5-total-4pt5,mlb-al-nl-2026-07-14-f5-total-3pt5,0.45,0.44,0.01,-0.005,51.0,,,
2026-07-14T17:21:38+00:00,mlb-al-nl-2026-07-14,over_ladder,mlb-al-nl-2026-07-14-f5-total-4pt5,mlb-al-nl-2026-07-14-f5-total-3pt5,0.45,0.44,0.01,-0.005,51.0,,,
2026-07-14T17:21:58+00:00,mlb-al-nl-2026-07-14,over_ladder,mlb-al-nl-2026-07-14-f5-total-4pt5,mlb-al-nl-2026-07-14-f5-total-3pt5,0.45,0.44,0.01,-0.005,51.0,,,
2026-07-14T17:22:19+00:00,mlb-al-nl-2026-07-14,over_ladder,mlb-al-nl-2026-07-14-f5-total-4pt5,mlb-al-nl-2026-07-14-f5-total-3pt5,0.45,0.44,0.01,-0.005,51.0,,,
2026-07-14T17:22:39+00:00,mlb-al-nl-2026-07-14,over_ladder,mlb-al-nl-2026-07-14-f5-total-4pt5,mlb-al-nl-2026-07-14-f5-total-3pt5,0.45,0.44,0.01,-0.005,51.0,,,
2026-07-14T17:23:00+00:00,mlb-al-nl-2026-07-14,over_ladder,mlb-al-nl-2026-07-14-f5-total-4pt5,mlb-al-nl-2026-07-14-f5-total-3pt5,0.45,0.44,0.01,-0.005,51.0,,,
2026-07-14T17:23:22+00:00,mlb-al-nl-2026-07-14,over_ladder,mlb-al-nl-2026-07-14-f5-total-4pt5,mlb-al-nl-2026-07-14-f5-total-3pt5,0.45,0.44,0.01,-0.005,51.0,,,
2026-07-14T17:23:42+00:00,mlb-al-nl-2026-07-14,over_ladder,mlb-al-nl-2026-07-14-f5-total-4pt5,mlb-al-nl-2026-07-14-f5-total-3pt5,0.45,0.44,0.01,-0.005,51.0,,,
2026-07-14T17:24:03+00:00,mlb-al-nl-2026-07-14,over_ladder,mlb-al-nl-2026-07-14-f5-total-4pt5,mlb-al-nl-2026-07-14-f5-total-3pt5,0.45,0.44,0.01,-0.005,51.0,,,
2026-07-14T17:24:23+00:00,mlb-al-nl-2026-07-14,over_ladder,mlb-al-nl-2026-07-14-f5-total-4pt5,mlb-al-nl-2026-07-14-f5-total-3pt5,0.45,0.44,0.01,-0.005,51.0,,,
2026-07-14T17:24:44+00:00,mlb-al-nl-2026-07-14,over_ladder,mlb-al-nl-2026-07-14-f5-total-4pt5,mlb-al-nl-2026-07-14-f5-total-3pt5,0.45,0.44,0.01,-0.005,51.0,,,
2026-07-14T17:25:04+00:00,mlb-al-nl-2026-07-14,over_ladder,mlb-al-nl-2026-07-14-f5-total-4pt5,mlb-al-nl-2026-07-14-f5-total-3pt5,0.45,0.44,0.01,-0.005,51.0,,,
2026-07-14T17:25:25+00:00,mlb-al-nl-2026-07-14,over_ladder,mlb-al-nl-2026-07-14-f5-total-4pt5,mlb-al-nl-2026-07-14-f5-total-3pt5,0.45,0.44,0.01,-0.005,51.0,,,
2026-07-14T17:25:45+00:00,mlb-al-nl-2026-07-14,over_ladder,mlb-al-nl-2026-07-14-f5-total-4pt5,mlb-al-nl-2026-07-14-f5-total-3pt5,0.45,0.44,0.01,-0.005,51.0,,,
2026-07-14T17:26:05+00:00,mlb-al-nl-2026-07-14,over_ladder,mlb-al-nl-2026-07-14-f5-total-4pt5,mlb-al-nl-2026-07-14-f5-total-3pt5,0.45,0.44,0.01,-0.005,51.0,,,
2026-07-14T17:26:26+00:00,mlb-al-nl-2026-07-14,over_ladder,mlb-al-nl-2026-07-14-f5-total-4pt5,mlb-al-nl-2026-07-14-f5-total-3pt5,0.45,0.44,0.01,-0.005,51.0,,,
2026-07-14T17:26:46+00:00,mlb-al-nl-2026-07-14,over_ladder,mlb-al-nl-2026-07-14-f5-total-4pt5,mlb-al-nl-2026-07-14-f5-total-3pt5,0.45,0.44,0.01,-0.005,34.5,,,
2026-07-14T17:27:07+00:00,mlb-al-nl-2026-07-14,over_ladder,mlb-al-nl-2026-07-14-f5-total-4pt5,mlb-al-nl-2026-07-14-f5-total-3pt5,0.45,0.44,0.01,-0.005,34.5,,,
2026-07-14T17:27:27+00:00,mlb-al-nl-2026-07-14,over_ladder,mlb-al-nl-2026-07-14-f5-total-4pt5,mlb-al-nl-2026-07-14-f5-total-3pt5,0.45,0.44,0.01,-0.005,34.5,,,
2026-07-14T17:27:48+00:00,mlb-al-nl-2026-07-14,over_ladder,mlb-al-nl-2026-07-14-f5-total-4pt5,mlb-al-nl-2026-07-14-f5-total-3pt5,0.45,0.44,0.01,-0.005,34.5,,,
2026-07-14T17:28:29+00:00,mlb-al-nl-2026-07-14,over_ladder,mlb-al-nl-2026-07-14-f5-total-4pt5,mlb-al-nl-2026-07-14-f5-total-3pt5,0.45,0.44,0.01,-0.005,50.0,,,
2026-07-14T17:28:49+00:00,mlb-al-nl-2026-07-14,over_ladder,mlb-al-nl-2026-07-14-f5-total-4pt5,mlb-al-nl-2026-07-14-f5-total-3pt5,0.45,0.44,0.01,-0.005,50.0,,,
2026-07-14T17:29:10+00:00,mlb-al-nl-2026-07-14,over_ladder,mlb-al-nl-2026-07-14-f5-total-4pt5,mlb-al-nl-2026-07-14-f5-total-3pt5,0.45,0.44,0.01,-0.005,50.0,,,
2026-07-14T17:29:30+00:00,mlb-al-nl-2026-07-14,over_ladder,mlb-al-nl-2026-07-14-f5-total-4pt5,mlb-al-nl-2026-07-14-f5-total-3pt5,0.45,0.44,0.01,-0.005,50.0,,,
2026-07-14T17:29:51+00:00,mlb-al-nl-2026-07-14,over_ladder,mlb-al-nl-2026-07-14-f5-total-4pt5,mlb-al-nl-2026-07-14-f5-total-3pt5,0.45,0.44,0.01,-0.005,50.0,,,
2026-07-14T17:30:11+00:00,mlb-al-nl-2026-07-14,over_ladder,mlb-al-nl-2026-07-14-f5-total-4pt5,mlb-al-nl-2026-07-14-f5-total-3pt5,0.45,0.44,0.01,-0.005,50.0,,,
2026-07-14T17:30:32+00:00,mlb-al-nl-2026-07-14,over_ladder,mlb-al-nl-2026-07-14-f5-total-4pt5,mlb-al-nl-2026-07-14-f5-total-3pt5,0.45,0.44,0.01,-0.005,50.0,,,
2026-07-14T17:30:52+00:00,mlb-al-nl-2026-07-14,over_ladder,mlb-al-nl-2026-07-14-f5-total-4pt5,mlb-al-nl-2026-07-14-f5-total-3pt5,0.45,0.44,0.01,-0.005,50.0,,,
2026-07-14T17:31:12+00:00,mlb-al-nl-2026-07-14,over_ladder,mlb-al-nl-2026-07-14-f5-total-4pt5,mlb-al-nl-2026-07-14-f5-total-3pt5,0.45,0.44,0.01,-0.005,50.0,,,
2026-07-14T17:31:33+00:00,mlb-al-nl-2026-07-14,over_ladder,mlb-al-nl-2026-07-14-f5-total-4pt5,mlb-al-nl-2026-07-14-f5-total-3pt5,0.45,0.44,0.01,-0.005,50.0,,,
2026-07-14T17:32:14+00:00,mlb-al-nl-2026-07-14,over_ladder,mlb-al-nl-2026-07-14-f5-total-4pt5,mlb-al-nl-2026-07-14-f5-total-3pt5,0.45,0.44,0.01,-0.005,50.0,,,
2026-07-14T17:32:34+00:00,mlb-al-nl-2026-07-14,over_ladder,mlb-al-nl-2026-07-14-f5-total-4pt5,mlb-al-nl-2026-07-14-f5-total-3pt5,0.45,0.44,0.01,-0.005,50.0,,,
2026-07-14T17:32:55+00:00,mlb-al-nl-2026-07-14,over_ladder,mlb-al-nl-2026-07-14-f5-total-4pt5,mlb-al-nl-2026-07-14-f5-total-3pt5,0.45,0.44,0.01,-0.005,50.0,,,
2026-07-14T17:33:15+00:00,mlb-al-nl-2026-07-14,over_ladder,mlb-al-nl-2026-07-14-f5-total-4pt5,mlb-al-nl-2026-07-14-f5-total-3pt5,0.45,0.44,0.01,-0.005,50.0,,,
2026-07-14T17:33:37+00:00,mlb-al-nl-2026-07-14,over_ladder,mlb-al-nl-2026-07-14-f5-total-4pt5,mlb-al-nl-2026-07-14-f5-total-3pt5,0.45,0.44,0.01,-0.005,50.0,,,
2026-07-14T17:33:58+00:00,mlb-al-nl-2026-07-14,over_ladder,mlb-al-nl-2026-07-14-f5-total-4pt5,mlb-al-nl-2026-07-14-f5-total-3pt5,0.45,0.44,0.01,-0.005,50.0,,,
2026-07-14T17:34:18+00:00,mlb-al-nl-2026-07-14,over_ladder,mlb-al-nl-2026-07-14-f5-total-4pt5,mlb-al-nl-2026-07-14-f5-total-3pt5,0.45,0.44,0.01,-0.005,50.0,,,
2026-07-14T17:34:39+00:00,mlb-al-nl-2026-07-14,over_ladder,mlb-al-nl-2026-07-14-f5-total-4pt5,mlb-al-nl-2026-07-14-f5-total-3pt5,0.45,0.44,0.01,-0.005,50.0,,,
2026-07-14T17:34:59+00:00,mlb-al-nl-2026-07-14,over_ladder,mlb-al-nl-2026-07-14-f5-total-4pt5,mlb-al-nl-2026-07-14-f5-total-3pt5,0.45,0.44,0.01,-0.005,50.0,,,
2026-07-14T17:35:20+00:00,mlb-al-nl-2026-07-14,over_ladder,mlb-al-nl-2026-07-14-f5-total-4pt5,mlb-al-nl-2026-07-14-f5-total-3pt5,0.45,0.44,0.01,-0.005,50.0,,,
2026-07-14T17:38:04+00:00,ucl-kps-var-2026-07-14-more-markets,over_ladder,ucl-kps-var-2026-07-14-total-3pt5,ucl-kps-var-2026-07-14-total-2pt5,0.01,0.009,0.001,-0.0009,23.0,,,
2026-07-14T17:38:24+00:00,ucl-kps-var-2026-07-14-more-markets,over_ladder,ucl-kps-var-2026-07-14-total-3pt5,ucl-kps-var-2026-07-14-total-2pt5,0.01,0.009,0.001,-0.0009,23.0,,,
2026-07-14T17:38:44+00:00,ucl-kps-var-2026-07-14-more-markets,over_ladder,ucl-kps-var-2026-07-14-total-3pt5,ucl-kps-var-2026-07-14-total-2pt5,0.01,0.009,0.001,-0.0009,23.0,,,
2026-07-14T17:39:05+00:00,ucl-kps-var-2026-07-14-more-markets,over_ladder,ucl-kps-var-2026-07-14-total-3pt5,ucl-kps-var-2026-07-14-total-2pt5,0.01,0.009,0.001,-0.0009,23.0,,,
2026-07-14T17:39:25+00:00,ucl-kps-var-2026-07-14-more-markets,over_ladder,ucl-kps-var-2026-07-14-total-3pt5,ucl-kps-var-2026-07-14-total-2pt5,0.01,0.009,0.001,-0.0009,23.0,,,
2026-07-14T17:39:46+00:00,ucl-kps-var-2026-07-14-more-markets,over_ladder,ucl-kps-var-2026-07-14-total-3pt5,ucl-kps-var-2026-07-14-total-2pt5,0.01,0.009,0.001,-0.0009,23.0,,,
2026-07-14T17:40:06+00:00,ucl-kps-var-2026-07-14-more-markets,over_ladder,ucl-kps-var-2026-07-14-total-3pt5,ucl-kps-var-2026-07-14-total-2pt5,0.01,0.009,0.001,-0.0009,23.0,,,
2026-07-14T17:40:27+00:00,ucl-kps-var-2026-07-14-more-markets,over_ladder,ucl-kps-var-2026-07-14-total-3pt5,ucl-kps-var-2026-07-14-total-2pt5,0.01,0.009,0.001,-0.0009,23.0,,,
2026-07-14T17:40:47+00:00,ucl-kps-var-2026-07-14-more-markets,over_ladder,ucl-kps-var-2026-07-14-total-3pt5,ucl-kps-var-2026-07-14-total-2pt5,0.01,0.009,0.001,-0.0009,23.0,,,
2026-07-14T17:41:08+00:00,ucl-kps-var-2026-07-14-more-markets,over_ladder,ucl-kps-var-2026-07-14-total-3pt5,ucl-kps-var-2026-07-14-total-2pt5,0.01,0.009,0.001,-0.0009,23.0,,,
2026-07-14T17:41:28+00:00,ucl-kps-var-2026-07-14-more-markets,over_ladder,ucl-kps-var-2026-07-14-total-3pt5,ucl-kps-var-2026-07-14-total-2pt5,0.01,0.009,0.001,-0.0009,23.0,,,
2026-07-14T17:41:49+00:00,ucl-kps-var-2026-07-14-more-markets,over_ladder,ucl-kps-var-2026-07-14-total-3pt5,ucl-kps-var-2026-07-14-total-2pt5,0.01,0.009,0.001,-0.0009,23.0,,,
2026-07-14T17:42:09+00:00,ucl-kps-var-2026-07-14-more-markets,over_ladder,ucl-kps-var-2026-07-14-total-3pt5,ucl-kps-var-2026-07-14-total-2pt5,0.01,0.009,0.001,-0.0009,23.0,,,
2026-07-14T17:42:30+00:00,ucl-kps-var-2026-07-14-more-markets,over_ladder,ucl-kps-var-2026-07-14-total-3pt5,ucl-kps-var-2026-07-14-total-2pt5,0.01,0.009,0.001,-0.0009,23.0,,,
2026-07-14T17:44:14+00:00,ucl-kps-var-2026-07-14-more-markets,over_ladder,ucl-kps-var-2026-07-14-total-3pt5,ucl-kps-var-2026-07-14-total-2pt5,0.01,0.009,0.001,-0.0009,23.0,,,
2026-07-14T17:44:34+00:00,ucl-kps-var-2026-07-14-more-markets,over_ladder,ucl-kps-var-2026-07-14-total-3pt5,ucl-kps-var-2026-07-14-total-2pt5,0.01,0.009,0.001,-0.0009,23.0,,,
2026-07-14T17:44:54+00:00,ucl-kps-var-2026-07-14-more-markets,over_ladder,ucl-kps-var-2026-07-14-total-3pt5,ucl-kps-var-2026-07-14-total-2pt5,0.01,0.009,0.001,-0.0009,23.0,,,
2026-07-14T19:42:52+00:00,ucl-dgj-kau-2026-07-14-more-markets,cover_ladder,ucl-dgj-kau-2026-07-14-spread-home-2pt5,ucl-dgj-kau-2026-07-14-spread-home-1pt5,0.07,0.06,0.01,-0.0021,7.0,,,
2026-07-14T21:16:27+00:00,mlb-al-nl-2026-07-14,over_ladder,mlb-al-nl-2026-07-14-f5-total-4pt5,mlb-al-nl-2026-07-14-f5-total-3pt5,0.45,0.44,0.01,-0.005,17.9,,,
2026-07-14T21:17:50+00:00,mlb-al-nl-2026-07-14,over_ladder,mlb-al-nl-2026-07-14-f5-total-4pt5,mlb-al-nl-2026-07-14-f5-total-3pt5,0.45,0.44,0.01,-0.005,17.9,,,
2026-07-14T21:18:10+00:00,mlb-al-nl-2026-07-14,over_ladder,mlb-al-nl-2026-07-14-f5-total-4pt5,mlb-al-nl-2026-07-14-f5-total-3pt5,0.45,0.44,0.01,-0.005,17.9,,,
2026-07-14T21:18:31+00:00,mlb-al-nl-2026-07-14,over_ladder,mlb-al-nl-2026-07-14-f5-total-4pt5,mlb-al-nl-2026-07-14-f5-total-3pt5,0.45,0.44,0.01,-0.005,17.9,,,
2026-07-14T21:18:51+00:00,mlb-al-nl-2026-07-14,over_ladder,mlb-al-nl-2026-07-14-f5-total-4pt5,mlb-al-nl-2026-07-14-f5-total-3pt5,0.45,0.44,0.01,-0.005,17.9,,,
2026-07-14T23:36:19+00:00,wnba-wsh-tor-2026-07-14,over_ladder,wnba-wsh-tor-2026-07-14-total-172pt5,wnba-wsh-tor-2026-07-14-total-170pt5,0.1,0.09,0.01,-0.005,21.0,,,
2026-07-14T23:36:39+00:00,wnba-wsh-tor-2026-07-14,over_ladder,wnba-wsh-tor-2026-07-14-total-172pt5,wnba-wsh-tor-2026-07-14-total-170pt5,0.1,0.09,0.01,-0.005,13.0,,,
2026-07-15T14:44:18+00:00,lol-ts-kc-2026-07-15,over_ladder,lol-ts-kc-2026-07-15-game1-kill-over-36pt5,lol-ts-kc-2026-07-15-game1-kill-over-30pt5,0.02,0.01,0.01,0.007,5.0,0.01,True,True
2026-07-15T14:46:48+00:00,lol-ts-kc-2026-07-15,over_ladder,lol-ts-kc-2026-07-15-game1-kill-over-36pt5,lol-ts-kc-2026-07-15-game1-kill-over-30pt5,0.01,0.009,0.001,-0.0009,5.0,,,
2026-07-15T14:46:48+00:00,lol-ts-kc-2026-07-15,over_ladder,lol-ts-kc-2026-07-15-game1-kill-over-39pt5,lol-ts-kc-2026-07-15-game1-kill-over-30pt5,0.01,0.009,0.001,-0.0009,0.8,,,
2026-07-15T14:46:48+00:00,lol-ts-kc-2026-07-15,over_ladder,lol-ts-kc-2026-07-15-game1-kill-over-36pt5,lol-ts-kc-2026-07-15-game1-kill-over-33pt5,0.01,0.009,0.001,-0.0009,5.0,,,
2026-07-15T14:46:48+00:00,lol-ts-kc-2026-07-15,over_ladder,lol-ts-kc-2026-07-15-game1-kill-over-39pt5,lol-ts-kc-2026-07-15-game1-kill-over-33pt5,0.01,0.009,0.001,-0.0009,0.8,,,
2026-07-15T14:47:08+00:00,lol-ts-kc-2026-07-15,over_ladder,lol-ts-kc-2026-07-15-game1-kill-over-36pt5,lol-ts-kc-2026-07-15-game1-kill-over-30pt5,0.01,0.009,0.001,-0.0009,5.0,,,
2026-07-15T14:47:08+00:00,lol-ts-kc-2026-07-15,over_ladder,lol-ts-kc-2026-07-15-game1-kill-over-39pt5,lol-ts-kc-2026-07-15-game1-kill-over-30pt5,0.01,0.009,0.001,-0.0009,0.8,,,
2026-07-15T14:47:08+00:00,lol-ts-kc-2026-07-15,over_ladder,lol-ts-kc-2026-07-15-game1-kill-over-36pt5,lol-ts-kc-2026-07-15-game1-kill-over-33pt5,0.01,0.009,0.001,-0.0009,5.0,,,
2026-07-15T14:47:08+00:00,lol-ts-kc-2026-07-15,over_ladder,lol-ts-kc-2026-07-15-game1-kill-over-39pt5,lol-ts-kc-2026-07-15-game1-kill-over-33pt5,0.01,0.009,0.001,-0.0009,0.8,,,
2026-07-15T14:47:28+00:00,lol-ts-kc-2026-07-15,over_ladder,lol-ts-kc-2026-07-15-game1-kill-over-36pt5,lol-ts-kc-2026-07-15-game1-kill-over-30pt5,0.01,0.009,0.001,-0.0009,5.0,,,
2026-07-15T14:47:28+00:00,lol-ts-kc-2026-07-15,over_ladder,lol-ts-kc-2026-07-15-game1-kill-over-39pt5,lol-ts-kc-2026-07-15-game1-kill-over-30pt5,0.01,0.009,0.001,-0.0009,0.8,,,
2026-07-15T14:47:28+00:00,lol-ts-kc-2026-07-15,over_ladder,lol-ts-kc-2026-07-15-game1-kill-over-36pt5,lol-ts-kc-2026-07-15-game1-kill-over-33pt5,0.01,0.009,0.001,-0.0009,5.0,,,
2026-07-15T14:47:28+00:00,lol-ts-kc-2026-07-15,over_ladder,lol-ts-kc-2026-07-15-game1-kill-over-39pt5,lol-ts-kc-2026-07-15-game1-kill-over-33pt5,0.01,0.009,0.001,-0.0009,0.8,,,
2026-07-15T14:47:48+00:00,lol-ts-kc-2026-07-15,over_ladder,lol-ts-kc-2026-07-15-game1-kill-over-36pt5,lol-ts-kc-2026-07-15-game1-kill-over-30pt5,0.01,0.009,0.001,-0.0009,5.0,,,
2026-07-15T14:47:48+00:00,lol-ts-kc-2026-07-15,over_ladder,lol-ts-kc-2026-07-15-game1-kill-over-39pt5,lol-ts-kc-2026-07-15-game1-kill-over-30pt5,0.01,0.009,0.001,-0.0009,0.8,,,
2026-07-15T14:47:48+00:00,lol-ts-kc-2026-07-15,over_ladder,lol-ts-kc-2026-07-15-game1-kill-over-36pt5,lol-ts-kc-2026-07-15-game1-kill-over-33pt5,0.01,0.009,0.001,-0.0009,5.0,,,
2026-07-15T14:47:48+00:00,lol-ts-kc-2026-07-15,over_ladder,lol-ts-kc-2026-07-15-game1-kill-over-39pt5,lol-ts-kc-2026-07-15-game1-kill-over-33pt5,0.01,0.009,0.001,-0.0009,0.8,,,
2026-07-15T14:48:09+00:00,lol-ts-kc-2026-07-15,over_ladder,lol-ts-kc-2026-07-15-game1-kill-over-36pt5,lol-ts-kc-2026-07-15-game1-kill-over-30pt5,0.01,0.009,0.001,-0.0009,5.0,,,
2026-07-15T14:48:09+00:00,lol-ts-kc-2026-07-15,over_ladder,lol-ts-kc-2026-07-15-game1-kill-over-39pt5,lol-ts-kc-2026-07-15-game1-kill-over-30pt5,0.01,0.009,0.001,-0.0009,0.8,,,
2026-07-15T14:48:09+00:00,lol-ts-kc-2026-07-15,over_ladder,lol-ts-kc-2026-07-15-game1-kill-over-36pt5,lol-ts-kc-2026-07-15-game1-kill-over-33pt5,0.01,0.009,0.001,-0.0009,5.0,,,
2026-07-15T14:48:09+00:00,lol-ts-kc-2026-07-15,over_ladder,lol-ts-kc-2026-07-15-game1-kill-over-39pt5,lol-ts-kc-2026-07-15-game1-kill-over-33pt5,0.01,0.009,0.001,-0.0009,0.8,,,
2026-07-15T14:48:29+00:00,lol-ts-kc-2026-07-15,over_ladder,lol-ts-kc-2026-07-15-game1-kill-over-36pt5,lol-ts-kc-2026-07-15-game1-kill-over-30pt5,0.01,0.009,0.001,-0.0009,5.0,,,
2026-07-15T14:48:29+00:00,lol-ts-kc-2026-07-15,over_ladder,lol-ts-kc-2026-07-15-game1-kill-over-39pt5,lol-ts-kc-2026-07-15-game1-kill-over-30pt5,0.01,0.009,0.001,-0.0009,0.8,,,
2026-07-15T14:48:29+00:00,lol-ts-kc-2026-07-15,over_ladder,lol-ts-kc-2026-07-15-game1-kill-over-36pt5,lol-ts-kc-2026-07-15-game1-kill-over-33pt5,0.01,0.009,0.001,-0.0009,5.0,,,
2026-07-15T14:48:29+00:00,lol-ts-kc-2026-07-15,over_ladder,lol-ts-kc-2026-07-15-game1-kill-over-39pt5,lol-ts-kc-2026-07-15-game1-kill-over-33pt5,0.01,0.009,0.001,-0.0009,0.8,,,
2026-07-15T14:48:50+00:00,lol-ts-kc-2026-07-15,over_ladder,lol-ts-kc-2026-07-15-game1-kill-over-36pt5,lol-ts-kc-2026-07-15-game1-kill-over-30pt5,0.01,0.009,0.001,-0.0009,5.0,,,
2026-07-15T14:48:50+00:00,lol-ts-kc-2026-07-15,over_ladder,lol-ts-kc-2026-07-15-game1-kill-over-39pt5,lol-ts-kc-2026-07-15-game1-kill-over-30pt5,0.01,0.009,0.001,-0.0009,0.8,,,
2026-07-15T14:48:50+00:00,lol-ts-kc-2026-07-15,over_ladder,lol-ts-kc-2026-07-15-game1-kill-over-36pt5,lol-ts-kc-2026-07-15-game1-kill-over-33pt5,0.01,0.009,0.001,-0.0009,5.0,,,
2026-07-15T14:48:50+00:00,lol-ts-kc-2026-07-15,over_ladder,lol-ts-kc-2026-07-15-game1-kill-over-39pt5,lol-ts-kc-2026-07-15-game1-kill-over-33pt5,0.01,0.009,0.001,-0.0009,0.8,,,
2026-07-15T14:49:10+00:00,lol-ts-kc-2026-07-15,over_ladder,lol-ts-kc-2026-07-15-game1-kill-over-36pt5,lol-ts-kc-2026-07-15-game1-kill-over-30pt5,0.01,0.009,0.001,-0.0009,5.0,,,
2026-07-15T14:49:10+00:00,lol-ts-kc-2026-07-15,over_ladder,lol-ts-kc-2026-07-15-game1-kill-over-39pt5,lol-ts-kc-2026-07-15-game1-kill-over-30pt5,0.01,0.009,0.001,-0.0009,0.8,,,
2026-07-15T14:49:10+00:00,lol-ts-kc-2026-07-15,over_ladder,lol-ts-kc-2026-07-15-game1-kill-over-36pt5,lol-ts-kc-2026-07-15-game1-kill-over-33pt5,0.01,0.009,0.001,-0.0009,5.0,,,
2026-07-15T14:49:10+00:00,lol-ts-kc-2026-07-15,over_ladder,lol-ts-kc-2026-07-15-game1-kill-over-39pt5,lol-ts-kc-2026-07-15-game1-kill-over-33pt5,0.01,0.009,0.001,-0.0009,0.8,,,
2026-07-15T14:49:30+00:00,lol-ts-kc-2026-07-15,over_ladder,lol-ts-kc-2026-07-15-game1-kill-over-36pt5,lol-ts-kc-2026-07-15-game1-kill-over-30pt5,0.01,0.009,0.001,-0.0009,5.0,,,
2026-07-15T14:49:30+00:00,lol-ts-kc-2026-07-15,over_ladder,lol-ts-kc-2026-07-15-game1-kill-over-39pt5,lol-ts-kc-2026-07-15-game1-kill-over-30pt5,0.01,0.009,0.001,-0.0009,0.8,,,
2026-07-15T14:49:30+00:00,lol-ts-kc-2026-07-15,over_ladder,lol-ts-kc-2026-07-15-game1-kill-over-36pt5,lol-ts-kc-2026-07-15-game1-kill-over-33pt5,0.01,0.009,0.001,-0.0009,5.0,,,
2026-07-15T14:49:30+00:00,lol-ts-kc-2026-07-15,over_ladder,lol-ts-kc-2026-07-15-game1-kill-over-39pt5,lol-ts-kc-2026-07-15-game1-kill-over-33pt5,0.01,0.009,0.001,-0.0009,0.8,,,
2026-07-15T14:49:50+00:00,lol-ts-kc-2026-07-15,over_ladder,lol-ts-kc-2026-07-15-game1-kill-over-36pt5,lol-ts-kc-2026-07-15-game1-kill-over-30pt5,0.01,0.009,0.001,-0.0009,5.0,,,
2026-07-15T14:49:50+00:00,lol-ts-kc-2026-07-15,over_ladder,lol-ts-kc-2026-07-15-game1-kill-over-39pt5,lol-ts-kc-2026-07-15-game1-kill-over-30pt5,0.01,0.009,0.001,-0.0009,0.8,,,
2026-07-15T14:49:50+00:00,lol-ts-kc-2026-07-15,over_ladder,lol-ts-kc-2026-07-15-game1-kill-over-36pt5,lol-ts-kc-2026-07-15-game1-kill-over-33pt5,0.01,0.009,0.001,-0.0009,5.0,,,
2026-07-15T14:49:50+00:00,lol-ts-kc-2026-07-15,over_ladder,lol-ts-kc-2026-07-15-game1-kill-over-39pt5,lol-ts-kc-2026-07-15-game1-kill-over-33pt5,0.01,0.009,0.001,-0.0009,0.8,,,
2026-07-15T14:50:11+00:00,lol-ts-kc-2026-07-15,over_ladder,lol-ts-kc-2026-07-15-game1-kill-over-36pt5,lol-ts-kc-2026-07-15-game1-kill-over-30pt5,0.01,0.009,0.001,-0.0009,5.0,,,
2026-07-15T14:50:11+00:00,lol-ts-kc-2026-07-15,over_ladder,lol-ts-kc-2026-07-15-game1-kill-over-39pt5,lol-ts-kc-2026-07-15-game1-kill-over-30pt5,0.01,0.009,0.001,-0.0009,0.8,,,
2026-07-15T14:50:11+00:00,lol-ts-kc-2026-07-15,over_ladder,lol-ts-kc-2026-07-15-game1-kill-over-36pt5,lol-ts-kc-2026-07-15-game1-kill-over-33pt5,0.01,0.009,0.001,-0.0009,5.0,,,
2026-07-15T14:50:11+00:00,lol-ts-kc-2026-07-15,over_ladder,lol-ts-kc-2026-07-15-game1-kill-over-39pt5,lol-ts-kc-2026-07-15-game1-kill-over-33pt5,0.01,0.009,0.001,-0.0009,0.8,,,
2026-07-15T14:50:31+00:00,lol-ts-kc-2026-07-15,over_ladder,lol-ts-kc-2026-07-15-game1-kill-over-36pt5,lol-ts-kc-2026-07-15-game1-kill-over-30pt5,0.01,0.009,0.001,-0.0009,5.0,,,
2026-07-15T14:50:31+00:00,lol-ts-kc-2026-07-15,over_ladder,lol-ts-kc-2026-07-15-game1-kill-over-39pt5,lol-ts-kc-2026-07-15-game1-kill-over-30pt5,0.01,0.009,0.001,-0.0009,0.8,,,
2026-07-15T14:50:31+00:00,lol-ts-kc-2026-07-15,over_ladder,lol-ts-kc-2026-07-15-game1-kill-over-36pt5,lol-ts-kc-2026-07-15-game1-kill-over-33pt5,0.01,0.009,0.001,-0.0009,5.0,,,
2026-07-15T14:50:31+00:00,lol-ts-kc-2026-07-15,over_ladder,lol-ts-kc-2026-07-15-game1-kill-over-39pt5,lol-ts-kc-2026-07-15-game1-kill-over-33pt5,0.01,0.009,0.001,-0.0009,0.8,,,
2026-07-15T14:50:52+00:00,lol-ts-kc-2026-07-15,over_ladder,lol-ts-kc-2026-07-15-game1-kill-over-36pt5,lol-ts-kc-2026-07-15-game1-kill-over-30pt5,0.01,0.009,0.001,-0.0009,5.0,,,
2026-07-15T14:50:52+00:00,lol-ts-kc-2026-07-15,over_ladder,lol-ts-kc-2026-07-15-game1-kill-over-39pt5,lol-ts-kc-2026-07-15-game1-kill-over-30pt5,0.01,0.009,0.001,-0.0009,0.8,,,
2026-07-15T14:50:52+00:00,lol-ts-kc-2026-07-15,over_ladder,lol-ts-kc-2026-07-15-game1-kill-over-36pt5,lol-ts-kc-2026-07-15-game1-kill-over-33pt5,0.01,0.009,0.001,-0.0009,5.0,,,
2026-07-15T14:50:52+00:00,lol-ts-kc-2026-07-15,over_ladder,lol-ts-kc-2026-07-15-game1-kill-over-39pt5,lol-ts-kc-2026-07-15-game1-kill-over-33pt5,0.01,0.009,0.001,-0.0009,0.8,,,
2026-07-15T14:51:12+00:00,lol-ts-kc-2026-07-15,over_ladder,lol-ts-kc-2026-07-15-game1-kill-over-36pt5,lol-ts-kc-2026-07-15-game1-kill-over-30pt5,0.01,0.009,0.001,-0.0009,5.0,,,
2026-07-15T14:51:12+00:00,lol-ts-kc-2026-07-15,over_ladder,lol-ts-kc-2026-07-15-game1-kill-over-39pt5,lol-ts-kc-2026-07-15-game1-kill-over-30pt5,0.01,0.009,0.001,-0.0009,0.8,,,
2026-07-15T14:51:12+00:00,lol-ts-kc-2026-07-15,over_ladder,lol-ts-kc-2026-07-15-game1-kill-over-36pt5,lol-ts-kc-2026-07-15-game1-kill-over-33pt5,0.01,0.009,0.001,-0.0009,5.0,,,
2026-07-15T14:51:12+00:00,lol-ts-kc-2026-07-15,over_ladder,lol-ts-kc-2026-07-15-game1-kill-over-39pt5,lol-ts-kc-2026-07-15-game1-kill-over-33pt5,0.01,0.009,0.001,-0.0009,0.8,,,
2026-07-15T14:51:32+00:00,lol-ts-kc-2026-07-15,over_ladder,lol-ts-kc-2026-07-15-game1-kill-over-36pt5,lol-ts-kc-2026-07-15-game1-kill-over-30pt5,0.01,0.009,0.001,-0.0009,5.0,,,
2026-07-15T14:51:32+00:00,lol-ts-kc-2026-07-15,over_ladder,lol-ts-kc-2026-07-15-game1-kill-over-39pt5,lol-ts-kc-2026-07-15-game1-kill-over-30pt5,0.01,0.009,0.001,-0.0009,0.8,,,
2026-07-15T14:51:32+00:00,lol-ts-kc-2026-07-15,over_ladder,lol-ts-kc-2026-07-15-game1-kill-over-36pt5,lol-ts-kc-2026-07-15-game1-kill-over-33pt5,0.01,0.009,0.001,-0.0009,5.0,,,
2026-07-15T14:51:32+00:00,lol-ts-kc-2026-07-15,over_ladder,lol-ts-kc-2026-07-15-game1-kill-over-39pt5,lol-ts-kc-2026-07-15-game1-kill-over-33pt5,0.01,0.009,0.001,-0.0009,0.8,,,
2026-07-15T14:51:53+00:00,lol-ts-kc-2026-07-15,over_ladder,lol-ts-kc-2026-07-15-game1-kill-over-36pt5,lol-ts-kc-2026-07-15-game1-kill-over-30pt5,0.01,0.009,0.001,-0.0009,5.0,,,
2026-07-15T14:51:53+00:00,lol-ts-kc-2026-07-15,over_ladder,lol-ts-kc-2026-07-15-game1-kill-over-39pt5,lol-ts-kc-2026-07-15-game1-kill-over-30pt5,0.01,0.009,0.001,-0.0009,0.8,,,
2026-07-15T14:51:53+00:00,lol-ts-kc-2026-07-15,over_ladder,lol-ts-kc-2026-07-15-game1-kill-over-36pt5,lol-ts-kc-2026-07-15-game1-kill-over-33pt5,0.01,0.009,0.001,-0.0009,5.0,,,
2026-07-15T14:51:53+00:00,lol-ts-kc-2026-07-15,over_ladder,lol-ts-kc-2026-07-15-game1-kill-over-39pt5,lol-ts-kc-2026-07-15-game1-kill-over-33pt5,0.01,0.009,0.001,-0.0009,0.8,,,
2026-07-15T14:52:13+00:00,lol-ts-kc-2026-07-15,over_ladder,lol-ts-kc-2026-07-15-game1-kill-over-36pt5,lol-ts-kc-2026-07-15-game1-kill-over-30pt5,0.01,0.009,0.001,-0.0009,5.0,,,
2026-07-15T14:52:13+00:00,lol-ts-kc-2026-07-15,over_ladder,lol-ts-kc-2026-07-15-game1-kill-over-39pt5,lol-ts-kc-2026-07-15-game1-kill-over-30pt5,0.01,0.009,0.001,-0.0009,0.8,,,
2026-07-15T14:52:13+00:00,lol-ts-kc-2026-07-15,over_ladder,lol-ts-kc-2026-07-15-game1-kill-over-36pt5,lol-ts-kc-2026-07-15-game1-kill-over-33pt5,0.01,0.009,0.001,-0.0009,5.0,,,
2026-07-15T14:52:13+00:00,lol-ts-kc-2026-07-15,over_ladder,lol-ts-kc-2026-07-15-game1-kill-over-39pt5,lol-ts-kc-2026-07-15-game1-kill-over-33pt5,0.01,0.009,0.001,-0.0009,0.8,,,
2026-07-15T14:52:33+00:00,lol-ts-kc-2026-07-15,over_ladder,lol-ts-kc-2026-07-15-game1-kill-over-36pt5,lol-ts-kc-2026-07-15-game1-kill-over-30pt5,0.01,0.009,0.001,-0.0009,5.0,,,
2026-07-15T14:52:33+00:00,lol-ts-kc-2026-07-15,over_ladder,lol-ts-kc-2026-07-15-game1-kill-over-39pt5,lol-ts-kc-2026-07-15-game1-kill-over-30pt5,0.01,0.009,0.001,-0.0009,0.8,,,
2026-07-15T14:52:33+00:00,lol-ts-kc-2026-07-15,over_ladder,lol-ts-kc-2026-07-15-game1-kill-over-36pt5,lol-ts-kc-2026-07-15-game1-kill-over-33pt5,0.01,0.009,0.001,-0.0009,5.0,,,
2026-07-15T14:52:33+00:00,lol-ts-kc-2026-07-15,over_ladder,lol-ts-kc-2026-07-15-game1-kill-over-39pt5,lol-ts-kc-2026-07-15-game1-kill-over-33pt5,0.01,0.009,0.001,-0.0009,0.8,,,
2026-07-15T14:52:54+00:00,lol-ts-kc-2026-07-15,over_ladder,lol-ts-kc-2026-07-15-game1-kill-over-36pt5,lol-ts-kc-2026-07-15-game1-kill-over-30pt5,0.01,0.009,0.001,-0.0009,5.0,,,
2026-07-15T14:52:54+00:00,lol-ts-kc-2026-07-15,over_ladder,lol-ts-kc-2026-07-15-game1-kill-over-39pt5,lol-ts-kc-2026-07-15-game1-kill-over-30pt5,0.01,0.009,0.001,-0.0009,0.8,,,
2026-07-15T14:52:54+00:00,lol-ts-kc-2026-07-15,over_ladder,lol-ts-kc-2026-07-15-game1-kill-over-36pt5,lol-ts-kc-2026-07-15-game1-kill-over-33pt5,0.01,0.009,0.001,-0.0009,5.0,,,
2026-07-15T14:52:54+00:00,lol-ts-kc-2026-07-15,over_ladder,lol-ts-kc-2026-07-15-game1-kill-over-39pt5,lol-ts-kc-2026-07-15-game1-kill-over-33pt5,0.01,0.009,0.001,-0.0009,0.8,,,
2026-07-15T14:53:14+00:00,lol-ts-kc-2026-07-15,over_ladder,lol-ts-kc-2026-07-15-game1-kill-over-36pt5,lol-ts-kc-2026-07-15-game1-kill-over-30pt5,0.01,0.009,0.001,-0.0009,5.0,,,
2026-07-15T14:53:14+00:00,lol-ts-kc-2026-07-15,over_ladder,lol-ts-kc-2026-07-15-game1-kill-over-39pt5,lol-ts-kc-2026-07-15-game1-kill-over-30pt5,0.01,0.009,0.001,-0.0009,0.8,,,
2026-07-15T14:53:14+00:00,lol-ts-kc-2026-07-15,over_ladder,lol-ts-kc-2026-07-15-game1-kill-over-36pt5,lol-ts-kc-2026-07-15-game1-kill-over-33pt5,0.01,0.009,0.001,-0.0009,5.0,,,
2026-07-15T14:53:14+00:00,lol-ts-kc-2026-07-15,over_ladder,lol-ts-kc-2026-07-15-game1-kill-over-39pt5,lol-ts-kc-2026-07-15-game1-kill-over-33pt5,0.01,0.009,0.001,-0.0009,0.8,,,
2026-07-15T14:53:34+00:00,lol-ts-kc-2026-07-15,over_ladder,lol-ts-kc-2026-07-15-game1-kill-over-36pt5,lol-ts-kc-2026-07-15-game1-kill-over-30pt5,0.01,0.009,0.001,-0.0009,5.0,,,
2026-07-15T14:53:34+00:00,lol-ts-kc-2026-07-15,over_ladder,lol-ts-kc-2026-07-15-game1-kill-over-39pt5,lol-ts-kc-2026-07-15-game1-kill-over-30pt5,0.01,0.009,0.001,-0.0009,0.8,,,
2026-07-15T14:53:34+00:00,lol-ts-kc-2026-07-15,over_ladder,lol-ts-kc-2026-07-15-game1-kill-over-36pt5,lol-ts-kc-2026-07-15-game1-kill-over-33pt5,0.01,0.009,0.001,-0.0009,5.0,,,
2026-07-15T14:53:34+00:00,lol-ts-kc-2026-07-15,over_ladder,lol-ts-kc-2026-07-15-game1-kill-over-39pt5,lol-ts-kc-2026-07-15-game1-kill-over-33pt5,0.01,0.009,0.001,-0.0009,0.8,,,
2026-07-15T14:53:55+00:00,lol-ts-kc-2026-07-15,over_ladder,lol-ts-kc-2026-07-15-game1-kill-over-36pt5,lol-ts-kc-2026-07-15-game1-kill-over-30pt5,0.01,0.009,0.001,-0.0009,5.0,,,
2026-07-15T14:53:55+00:00,lol-ts-kc-2026-07-15,over_ladder,lol-ts-kc-2026-07-15-game1-kill-over-39pt5,lol-ts-kc-2026-07-15-game1-kill-over-30pt5,0.01,0.009,0.001,-0.0009,0.8,,,
2026-07-15T14:53:55+00:00,lol-ts-kc-2026-07-15,over_ladder,lol-ts-kc-2026-07-15-game1-kill-over-36pt5,lol-ts-kc-2026-07-15-game1-kill-over-33pt5,0.01,0.009,0.001,-0.0009,5.0,,,
2026-07-15T14:53:55+00:00,lol-ts-kc-2026-07-15,over_ladder,lol-ts-kc-2026-07-15-game1-kill-over-39pt5,lol-ts-kc-2026-07-15-game1-kill-over-33pt5,0.01,0.009,0.001,-0.0009,0.8,,,
2026-07-15T14:54:15+00:00,lol-ts-kc-2026-07-15,over_ladder,lol-ts-kc-2026-07-15-game1-kill-over-36pt5,lol-ts-kc-2026-07-15-game1-kill-over-30pt5,0.01,0.009,0.001,-0.0009,5.0,,,
2026-07-15T14:54:15+00:00,lol-ts-kc-2026-07-15,over_ladder,lol-ts-kc-2026-07-15-game1-kill-over-39pt5,lol-ts-kc-2026-07-15-game1-kill-over-30pt5,0.01,0.009,0.001,-0.0009,0.8,,,
2026-07-15T14:54:15+00:00,lol-ts-kc-2026-07-15,over_ladder,lol-ts-kc-2026-07-15-game1-kill-over-36pt5,lol-ts-kc-2026-07-15-game1-kill-over-33pt5,0.01,0.009,0.001,-0.0009,5.0,,,
2026-07-15T14:54:15+00:00,lol-ts-kc-2026-07-15,over_ladder,lol-ts-kc-2026-07-15-game1-kill-over-39pt5,lol-ts-kc-2026-07-15-game1-kill-over-33pt5,0.01,0.009,0.001,-0.0009,0.8,,,
2026-07-15T14:54:35+00:00,lol-ts-kc-2026-07-15,over_ladder,lol-ts-kc-2026-07-15-game1-kill-over-36pt5,lol-ts-kc-2026-07-15-game1-kill-over-30pt5,0.01,0.009,0.001,-0.0009,5.0,,,
2026-07-15T14:54:35+00:00,lol-ts-kc-2026-07-15,over_ladder,lol-ts-kc-2026-07-15-game1-kill-over-39pt5,lol-ts-kc-2026-07-15-game1-kill-over-30pt5,0.01,0.009,0.001,-0.0009,0.8,,,
2026-07-15T14:54:35+00:00,lol-ts-kc-2026-07-15,over_ladder,lol-ts-kc-2026-07-15-game1-kill-over-36pt5,lol-ts-kc-2026-07-15-game1-kill-over-33pt5,0.01,0.009,0.001,-0.0009,5.0,,,
2026-07-15T14:54:35+00:00,lol-ts-kc-2026-07-15,over_ladder,lol-ts-kc-2026-07-15-game1-kill-over-39pt5,lol-ts-kc-2026-07-15-game1-kill-over-33pt5,0.01,0.009,0.001,-0.0009,0.8,,,
2026-07-15T14:54:56+00:00,lol-ts-kc-2026-07-15,over_ladder,lol-ts-kc-2026-07-15-game1-kill-over-36pt5,lol-ts-kc-2026-07-15-game1-kill-over-30pt5,0.01,0.009,0.001,-0.0009,5.0,,,
2026-07-15T14:54:56+00:00,lol-ts-kc-2026-07-15,over_ladder,lol-ts-kc-2026-07-15-game1-kill-over-39pt5,lol-ts-kc-2026-07-15-game1-kill-over-30pt5,0.01,0.009,0.001,-0.0009,0.8,,,
2026-07-15T14:54:56+00:00,lol-ts-kc-2026-07-15,over_ladder,lol-ts-kc-2026-07-15-game1-kill-over-36pt5,lol-ts-kc-2026-07-15-game1-kill-over-33pt5,0.01,0.009,0.001,-0.0009,5.0,,,
2026-07-15T14:54:56+00:00,lol-ts-kc-2026-07-15,over_ladder,lol-ts-kc-2026-07-15-game1-kill-over-39pt5,lol-ts-kc-2026-07-15-game1-kill-over-33pt5,0.01,0.009,0.001,-0.0009,0.8,,,
2026-07-15T14:55:16+00:00,lol-ts-kc-2026-07-15,over_ladder,lol-ts-kc-2026-07-15-game1-kill-over-36pt5,lol-ts-kc-2026-07-15-game1-kill-over-30pt5,0.01,0.009,0.001,-0.0009,5.0,,,
2026-07-15T14:55:16+00:00,lol-ts-kc-2026-07-15,over_ladder,lol-ts-kc-2026-07-15-game1-kill-over-39pt5,lol-ts-kc-2026-07-15-game1-kill-over-30pt5,0.01,0.009,0.001,-0.0009,0.8,,,
2026-07-15T14:55:16+00:00,lol-ts-kc-2026-07-15,over_ladder,lol-ts-kc-2026-07-15-game1-kill-over-36pt5,lol-ts-kc-2026-07-15-game1-kill-over-33pt5,0.01,0.009,0.001,-0.0009,5.0,,,
2026-07-15T14:55:16+00:00,lol-ts-kc-2026-07-15,over_ladder,lol-ts-kc-2026-07-15-game1-kill-over-39pt5,lol-ts-kc-2026-07-15-game1-kill-over-33pt5,0.01,0.009,0.001,-0.0009,0.8,,,
2026-07-15T14:55:36+00:00,lol-ts-kc-2026-07-15,over_ladder,lol-ts-kc-2026-07-15-game1-kill-over-39pt5,lol-ts-kc-2026-07-15-game1-kill-over-30pt5,0.01,0.009,0.001,-0.0009,0.8,,,
2026-07-15T14:55:36+00:00,lol-ts-kc-2026-07-15,over_ladder,lol-ts-kc-2026-07-15-game1-kill-over-39pt5,lol-ts-kc-2026-07-15-game1-kill-over-33pt5,0.01,0.009,0.001,-0.0009,0.8,,,
2026-07-15T17:45:09+00:00,dota2-bb4-lgd-2026-07-15,over_ladder,dota2-bb4-lgd-2026-07-15-game2-kill-over-50pt5,dota2-bb4-lgd-2026-07-15-game2-kill-over-45pt5,0.02,0.01,0.01,0.007,10.0,0.01,True,True
2026-07-15T18:18:10+00:00,atp-cobolli-burruch-2026-07-15,over_ladder,atp-cobolli-burruch-2026-07-15-match-total-23pt5,atp-cobolli-burruch-2026-07-15-match-total-21pt5,0.51,0.5,0.01,-0.005,10.0,,,
2026-07-15T18:33:48+00:00,atp-cobolli-burruch-2026-07-15,over_ladder,atp-cobolli-burruch-2026-07-15-match-total-22pt5,atp-cobolli-burruch-2026-07-15-match-total-21pt5,0.41,0.4,0.01,-0.005,10.0,,,
2026-07-15T18:35:09+00:00,atp-cobolli-burruch-2026-07-15,over_ladder,atp-cobolli-burruch-2026-07-15-match-total-22pt5,atp-cobolli-burruch-2026-07-15-match-total-21pt5,0.41,0.38,0.03,0.015,1.5,,False,True
2026-07-15T18:46:06+00:00,val-tl1-ef-2026-07-15,over_ladder,val-tl1-ef-2026-07-15-game2-round-total-17pt5,val-tl1-ef-2026-07-15-game2-round-total-16pt5,0.02,0.01,0.01,0.007,5.0,,False,True
2026-07-15T18:51:38+00:00,lol-milo-ly-2026-07-15,over_ladder,lol-milo-ly-2026-07-15-game2-kill-over-42pt5,lol-milo-ly-2026-07-15-game2-kill-over-39pt5,0.99,0.98,0.01,0.0071,5.0,0.01,True,True
2026-07-15T19:01:54+00:00,lol-milo-ly-2026-07-15,over_ladder,lol-milo-ly-2026-07-15-game2-kill-over-39pt5,lol-milo-ly-2026-07-15-game2-kill-over-36pt5,0.99,0.98,0.01,0.0071,5.0,0.01,True,True
2026-07-15T19:01:54+00:00,lol-milo-ly-2026-07-15,over_ladder,lol-milo-ly-2026-07-15-game2-kill-over-42pt5,lol-milo-ly-2026-07-15-game2-kill-over-36pt5,0.99,0.98,0.01,0.0071,5.0,0.01,True,True
2026-07-15T19:02:20+00:00,lol-milo-ly-2026-07-15,over_ladder,lol-milo-ly-2026-07-15-game2-kill-over-39pt5,lol-milo-ly-2026-07-15-game2-kill-over-36pt5,0.99,0.98,0.01,0.0071,5.0,0.01,True,True
2026-07-15T19:02:20+00:00,lol-milo-ly-2026-07-15,over_ladder,lol-milo-ly-2026-07-15-game2-kill-over-42pt5,lol-milo-ly-2026-07-15-game2-kill-over-36pt5,0.99,0.98,0.01,0.0071,5.0,0.01,True,True
2026-07-15T19:02:45+00:00,lol-milo-ly-2026-07-15,over_ladder,lol-milo-ly-2026-07-15-game2-kill-over-39pt5,lol-milo-ly-2026-07-15-game2-kill-over-36pt5,0.999,0.98,0.019,0.0169,5.0,0.019,True,True
2026-07-15T19:02:45+00:00,lol-milo-ly-2026-07-15,over_ladder,lol-milo-ly-2026-07-15-game2-kill-over-42pt5,lol-milo-ly-2026-07-15-game2-kill-over-36pt5,0.99,0.98,0.01,0.0071,5.0,0.01,True,True
2026-07-15T19:03:11+00:00,lol-milo-ly-2026-07-15,over_ladder,lol-milo-ly-2026-07-15-game2-kill-over-39pt5,lol-milo-ly-2026-07-15-game2-kill-over-36pt5,0.999,0.98,0.019,0.0169,5.0,0.019,True,True
2026-07-15T19:03:11+00:00,lol-milo-ly-2026-07-15,over_ladder,lol-milo-ly-2026-07-15-game2-kill-over-42pt5,lol-milo-ly-2026-07-15-game2-kill-over-36pt5,0.99,0.98,0.01,0.0071,5.0,0.01,True,True
2026-07-15T19:03:36+00:00,lol-milo-ly-2026-07-15,over_ladder,lol-milo-ly-2026-07-15-game2-kill-over-39pt5,lol-milo-ly-2026-07-15-game2-kill-over-36pt5,0.999,0.98,0.019,0.0169,5.0,0.019,True,True
2026-07-15T19:03:36+00:00,lol-milo-ly-2026-07-15,over_ladder,lol-milo-ly-2026-07-15-game2-kill-over-42pt5,lol-milo-ly-2026-07-15-game2-kill-over-36pt5,0.99,0.98,0.01,0.0071,5.0,0.01,True,True
2026-07-15T19:04:02+00:00,lol-milo-ly-2026-07-15,over_ladder,lol-milo-ly-2026-07-15-game2-kill-over-39pt5,lol-milo-ly-2026-07-15-game2-kill-over-36pt5,0.999,0.98,0.019,0.0169,5.0,0.019,True,True
2026-07-15T19:04:02+00:00,lol-milo-ly-2026-07-15,over_ladder,lol-milo-ly-2026-07-15-game2-kill-over-42pt5,lol-milo-ly-2026-07-15-game2-kill-over-36pt5,0.99,0.98,0.01,0.0071,5.0,0.01,True,True
2026-07-15T19:04:28+00:00,lol-milo-ly-2026-07-15,over_ladder,lol-milo-ly-2026-07-15-game2-kill-over-39pt5,lol-milo-ly-2026-07-15-game2-kill-over-36pt5,0.999,0.98,0.019,0.0169,5.0,0.019,True,True
2026-07-15T19:04:28+00:00,lol-milo-ly-2026-07-15,over_ladder,lol-milo-ly-2026-07-15-game2-kill-over-42pt5,lol-milo-ly-2026-07-15-game2-kill-over-36pt5,0.99,0.98,0.01,0.0071,5.0,0.01,True,True
2026-07-15T19:04:53+00:00,lol-milo-ly-2026-07-15,over_ladder,lol-milo-ly-2026-07-15-game2-kill-over-39pt5,lol-milo-ly-2026-07-15-game2-kill-over-36pt5,0.999,0.98,0.019,0.0169,5.0,0.019,True,True
2026-07-15T19:04:53+00:00,lol-milo-ly-2026-07-15,over_ladder,lol-milo-ly-2026-07-15-game2-kill-over-42pt5,lol-milo-ly-2026-07-15-game2-kill-over-36pt5,0.99,0.98,0.01,0.0071,5.0,0.01,True,True
2026-07-15T19:05:19+00:00,lol-milo-ly-2026-07-15,over_ladder,lol-milo-ly-2026-07-15-game2-kill-over-39pt5,lol-milo-ly-2026-07-15-game2-kill-over-36pt5,0.999,0.98,0.019,0.0169,5.0,0.019,True,True
2026-07-15T19:05:19+00:00,lol-milo-ly-2026-07-15,over_ladder,lol-milo-ly-2026-07-15-game2-kill-over-42pt5,lol-milo-ly-2026-07-15-game2-kill-over-36pt5,0.99,0.98,0.01,0.0071,5.0,0.01,True,True
2026-07-15T19:05:44+00:00,lol-milo-ly-2026-07-15,over_ladder,lol-milo-ly-2026-07-15-game2-kill-over-39pt5,lol-milo-ly-2026-07-15-game2-kill-over-36pt5,0.999,0.98,0.019,0.0169,5.0,0.019,True,True
2026-07-15T19:05:44+00:00,lol-milo-ly-2026-07-15,over_ladder,lol-milo-ly-2026-07-15-game2-kill-over-42pt5,lol-milo-ly-2026-07-15-game2-kill-over-36pt5,0.99,0.98,0.01,0.0071,5.0,0.01,True,True
2026-07-15T19:06:10+00:00,lol-milo-ly-2026-07-15,over_ladder,lol-milo-ly-2026-07-15-game2-kill-over-39pt5,lol-milo-ly-2026-07-15-game2-kill-over-36pt5,0.999,0.98,0.019,0.0169,5.0,0.019,True,True
2026-07-15T19:06:10+00:00,lol-milo-ly-2026-07-15,over_ladder,lol-milo-ly-2026-07-15-game2-kill-over-42pt5,lol-milo-ly-2026-07-15-game2-kill-over-36pt5,0.99,0.98,0.01,0.0071,5.0,0.01,True,True
2026-07-15T19:06:35+00:00,lol-milo-ly-2026-07-15,over_ladder,lol-milo-ly-2026-07-15-game2-kill-over-39pt5,lol-milo-ly-2026-07-15-game2-kill-over-36pt5,0.999,0.98,0.019,0.0169,5.0,0.019,True,True
2026-07-15T19:06:35+00:00,lol-milo-ly-2026-07-15,over_ladder,lol-milo-ly-2026-07-15-game2-kill-over-42pt5,lol-milo-ly-2026-07-15-game2-kill-over-36pt5,0.99,0.98,0.01,0.0071,5.0,0.01,True,True
2026-07-15T19:07:01+00:00,lol-milo-ly-2026-07-15,over_ladder,lol-milo-ly-2026-07-15-game2-kill-over-39pt5,lol-milo-ly-2026-07-15-game2-kill-over-36pt5,0.999,0.98,0.019,0.0169,5.0,0.019,True,True
2026-07-15T19:07:01+00:00,lol-milo-ly-2026-07-15,over_ladder,lol-milo-ly-2026-07-15-game2-kill-over-42pt5,lol-milo-ly-2026-07-15-game2-kill-over-36pt5,0.99,0.98,0.01,0.0071,5.0,0.01,True,True
2026-07-15T19:07:26+00:00,lol-milo-ly-2026-07-15,over_ladder,lol-milo-ly-2026-07-15-game2-kill-over-39pt5,lol-milo-ly-2026-07-15-game2-kill-over-36pt5,0.999,0.98,0.019,0.0169,5.0,0.019,True,True
2026-07-15T19:07:26+00:00,lol-milo-ly-2026-07-15,over_ladder,lol-milo-ly-2026-07-15-game2-kill-over-42pt5,lol-milo-ly-2026-07-15-game2-kill-over-36pt5,0.99,0.98,0.01,0.0071,5.0,0.01,True,True
2026-07-15T19:07:52+00:00,lol-milo-ly-2026-07-15,over_ladder,lol-milo-ly-2026-07-15-game2-kill-over-39pt5,lol-milo-ly-2026-07-15-game2-kill-over-36pt5,0.999,0.98,0.019,0.0169,5.0,0.019,True,True
2026-07-15T19:07:52+00:00,lol-milo-ly-2026-07-15,over_ladder,lol-milo-ly-2026-07-15-game2-kill-over-42pt5,lol-milo-ly-2026-07-15-game2-kill-over-36pt5,0.99,0.98,0.01,0.0071,5.0,0.01,True,True
2026-07-15T19:08:17+00:00,lol-milo-ly-2026-07-15,over_ladder,lol-milo-ly-2026-07-15-game2-kill-over-39pt5,lol-milo-ly-2026-07-15-game2-kill-over-36pt5,0.999,0.98,0.019,0.0169,5.0,0.019,True,True
2026-07-15T19:08:17+00:00,lol-milo-ly-2026-07-15,over_ladder,lol-milo-ly-2026-07-15-game2-kill-over-42pt5,lol-milo-ly-2026-07-15-game2-kill-over-36pt5,0.99,0.98,0.01,0.0071,5.0,0.01,True,True
2026-07-15T19:08:43+00:00,lol-milo-ly-2026-07-15,over_ladder,lol-milo-ly-2026-07-15-game2-kill-over-39pt5,lol-milo-ly-2026-07-15-game2-kill-over-36pt5,0.999,0.98,0.019,0.0169,5.0,0.019,True,True
2026-07-15T19:08:43+00:00,lol-milo-ly-2026-07-15,over_ladder,lol-milo-ly-2026-07-15-game2-kill-over-42pt5,lol-milo-ly-2026-07-15-game2-kill-over-36pt5,0.99,0.98,0.01,0.0071,5.0,0.01,True,True
2026-07-15T19:09:08+00:00,lol-milo-ly-2026-07-15,over_ladder,lol-milo-ly-2026-07-15-game2-kill-over-39pt5,lol-milo-ly-2026-07-15-game2-kill-over-36pt5,0.999,0.98,0.019,0.0169,5.0,0.019,True,True
2026-07-15T19:09:08+00:00,lol-milo-ly-2026-07-15,over_ladder,lol-milo-ly-2026-07-15-game2-kill-over-42pt5,lol-milo-ly-2026-07-15-game2-kill-over-36pt5,0.99,0.98,0.01,0.0071,5.0,0.01,True,True
2026-07-15T19:09:34+00:00,lol-milo-ly-2026-07-15,over_ladder,lol-milo-ly-2026-07-15-game2-kill-over-39pt5,lol-milo-ly-2026-07-15-game2-kill-over-36pt5,0.999,0.98,0.019,0.0169,5.0,0.019,True,True
2026-07-15T19:09:34+00:00,lol-milo-ly-2026-07-15,over_ladder,lol-milo-ly-2026-07-15-game2-kill-over-42pt5,lol-milo-ly-2026-07-15-game2-kill-over-36pt5,0.99,0.98,0.01,0.0071,5.0,0.01,True,True
2026-07-15T19:10:00+00:00,lol-milo-ly-2026-07-15,over_ladder,lol-milo-ly-2026-07-15-game2-kill-over-39pt5,lol-milo-ly-2026-07-15-game2-kill-over-36pt5,0.999,0.98,0.019,0.0169,5.0,0.019,True,True
2026-07-15T19:10:00+00:00,lol-milo-ly-2026-07-15,over_ladder,lol-milo-ly-2026-07-15-game2-kill-over-42pt5,lol-milo-ly-2026-07-15-game2-kill-over-36pt5,0.99,0.98,0.01,0.0071,5.0,0.01,True,True
2026-07-15T19:10:25+00:00,lol-milo-ly-2026-07-15,over_ladder,lol-milo-ly-2026-07-15-game2-kill-over-39pt5,lol-milo-ly-2026-07-15-game2-kill-over-36pt5,0.999,0.98,0.019,0.0169,5.0,0.019,True,True
2026-07-15T19:10:25+00:00,lol-milo-ly-2026-07-15,over_ladder,lol-milo-ly-2026-07-15-game2-kill-over-42pt5,lol-milo-ly-2026-07-15-game2-kill-over-36pt5,0.99,0.98,0.01,0.0071,5.0,0.01,True,True
2026-07-15T19:10:51+00:00,lol-milo-ly-2026-07-15,over_ladder,lol-milo-ly-2026-07-15-game2-kill-over-39pt5,lol-milo-ly-2026-07-15-game2-kill-over-36pt5,0.999,0.98,0.019,0.0169,5.0,0.019,True,True
2026-07-15T19:10:51+00:00,lol-milo-ly-2026-07-15,over_ladder,lol-milo-ly-2026-07-15-game2-kill-over-42pt5,lol-milo-ly-2026-07-15-game2-kill-over-36pt5,0.99,0.98,0.01,0.0071,5.0,0.01,True,True
2026-07-15T19:11:16+00:00,lol-milo-ly-2026-07-15,over_ladder,lol-milo-ly-2026-07-15-game2-kill-over-39pt5,lol-milo-ly-2026-07-15-game2-kill-over-36pt5,0.999,0.98,0.019,0.0169,5.0,0.019,True,True
2026-07-15T19:11:16+00:00,lol-milo-ly-2026-07-15,over_ladder,lol-milo-ly-2026-07-15-game2-kill-over-42pt5,lol-milo-ly-2026-07-15-game2-kill-over-36pt5,0.99,0.98,0.01,0.0071,5.0,0.01,True,True
2026-07-15T19:11:42+00:00,lol-milo-ly-2026-07-15,over_ladder,lol-milo-ly-2026-07-15-game2-kill-over-39pt5,lol-milo-ly-2026-07-15-game2-kill-over-36pt5,0.999,0.98,0.019,0.0169,5.0,0.019,True,True
2026-07-15T19:11:42+00:00,lol-milo-ly-2026-07-15,over_ladder,lol-milo-ly-2026-07-15-game2-kill-over-42pt5,lol-milo-ly-2026-07-15-game2-kill-over-36pt5,0.99,0.98,0.01,0.0071,5.0,0.01,True,True
2026-07-15T19:12:09+00:00,lol-milo-ly-2026-07-15,over_ladder,lol-milo-ly-2026-07-15-game2-kill-over-39pt5,lol-milo-ly-2026-07-15-game2-kill-over-36pt5,0.999,0.98,0.019,0.0169,5.0,0.019,True,True
2026-07-15T19:12:09+00:00,lol-milo-ly-2026-07-15,over_ladder,lol-milo-ly-2026-07-15-game2-kill-over-42pt5,lol-milo-ly-2026-07-15-game2-kill-over-36pt5,0.99,0.98,0.01,0.0071,5.0,0.01,True,True
2026-07-15T19:12:34+00:00,lol-milo-ly-2026-07-15,over_ladder,lol-milo-ly-2026-07-15-game2-kill-over-39pt5,lol-milo-ly-2026-07-15-game2-kill-over-36pt5,0.999,0.98,0.019,0.0169,5.0,0.019,True,True
2026-07-15T19:12:34+00:00,lol-milo-ly-2026-07-15,over_ladder,lol-milo-ly-2026-07-15-game2-kill-over-42pt5,lol-milo-ly-2026-07-15-game2-kill-over-36pt5,0.99,0.98,0.01,0.0071,5.0,0.01,True,True
2026-07-15T19:13:00+00:00,lol-milo-ly-2026-07-15,over_ladder,lol-milo-ly-2026-07-15-game2-kill-over-39pt5,lol-milo-ly-2026-07-15-game2-kill-over-36pt5,0.999,0.98,0.019,0.0169,5.0,0.019,True,True
2026-07-15T19:13:00+00:00,lol-milo-ly-2026-07-15,over_ladder,lol-milo-ly-2026-07-15-game2-kill-over-42pt5,lol-milo-ly-2026-07-15-game2-kill-over-36pt5,0.99,0.98,0.01,0.0071,5.0,0.01,True,True
2026-07-15T19:13:26+00:00,lol-milo-ly-2026-07-15,over_ladder,lol-milo-ly-2026-07-15-game2-kill-over-39pt5,lol-milo-ly-2026-07-15-game2-kill-over-36pt5,0.999,0.98,0.019,0.0169,5.0,0.019,True,True
2026-07-15T19:13:26+00:00,lol-milo-ly-2026-07-15,over_ladder,lol-milo-ly-2026-07-15-game2-kill-over-42pt5,lol-milo-ly-2026-07-15-game2-kill-over-36pt5,0.99,0.98,0.01,0.0071,5.0,0.01,True,True
2026-07-15T19:13:51+00:00,lol-milo-ly-2026-07-15,over_ladder,lol-milo-ly-2026-07-15-game2-kill-over-39pt5,lol-milo-ly-2026-07-15-game2-kill-over-36pt5,0.999,0.98,0.019,0.0169,5.0,0.019,True,True
2026-07-15T19:13:51+00:00,lol-milo-ly-2026-07-15,over_ladder,lol-milo-ly-2026-07-15-game2-kill-over-42pt5,lol-milo-ly-2026-07-15-game2-kill-over-36pt5,0.99,0.98,0.01,0.0071,5.0,0.01,True,True
2026-07-15T19:14:17+00:00,lol-milo-ly-2026-07-15,over_ladder,lol-milo-ly-2026-07-15-game2-kill-over-39pt5,lol-milo-ly-2026-07-15-game2-kill-over-36pt5,0.999,0.98,0.019,0.0169,5.0,0.019,True,True
2026-07-15T19:14:17+00:00,lol-milo-ly-2026-07-15,over_ladder,lol-milo-ly-2026-07-15-game2-kill-over-42pt5,lol-milo-ly-2026-07-15-game2-kill-over-36pt5,0.99,0.98,0.01,0.0071,5.0,0.01,True,True
2026-07-15T19:14:42+00:00,lol-milo-ly-2026-07-15,over_ladder,lol-milo-ly-2026-07-15-game2-kill-over-39pt5,lol-milo-ly-2026-07-15-game2-kill-over-36pt5,0.999,0.98,0.019,0.0169,5.0,0.019,True,True
2026-07-15T19:14:42+00:00,lol-milo-ly-2026-07-15,over_ladder,lol-milo-ly-2026-07-15-game2-kill-over-42pt5,lol-milo-ly-2026-07-15-game2-kill-over-36pt5,0.99,0.98,0.01,0.0071,5.0,0.01,True,True
2026-07-15T19:15:08+00:00,lol-milo-ly-2026-07-15,over_ladder,lol-milo-ly-2026-07-15-game2-kill-over-39pt5,lol-milo-ly-2026-07-15-game2-kill-over-36pt5,0.999,0.98,0.019,0.0169,5.0,0.019,True,True
2026-07-15T19:15:08+00:00,lol-milo-ly-2026-07-15,over_ladder,lol-milo-ly-2026-07-15-game2-kill-over-42pt5,lol-milo-ly-2026-07-15-game2-kill-over-36pt5,0.99,0.98,0.01,0.0071,5.0,0.01,True,True
2026-07-15T19:15:33+00:00,lol-milo-ly-2026-07-15,over_ladder,lol-milo-ly-2026-07-15-game2-kill-over-39pt5,lol-milo-ly-2026-07-15-game2-kill-over-36pt5,0.999,0.98,0.019,0.0169,5.0,0.019,True,True
2026-07-15T19:15:33+00:00,lol-milo-ly-2026-07-15,over_ladder,lol-milo-ly-2026-07-15-game2-kill-over-42pt5,lol-milo-ly-2026-07-15-game2-kill-over-36pt5,0.99,0.98,0.01,0.0071,5.0,0.01,True,True
2026-07-15T19:15:59+00:00,lol-milo-ly-2026-07-15,over_ladder,lol-milo-ly-2026-07-15-game2-kill-over-39pt5,lol-milo-ly-2026-07-15-game2-kill-over-36pt5,0.999,0.98,0.019,0.0169,5.0,0.019,True,True
2026-07-15T19:15:59+00:00,lol-milo-ly-2026-07-15,over_ladder,lol-milo-ly-2026-07-15-game2-kill-over-42pt5,lol-milo-ly-2026-07-15-game2-kill-over-36pt5,0.99,0.98,0.01,0.0071,5.0,0.01,True,True
2026-07-15T19:16:24+00:00,lol-milo-ly-2026-07-15,over_ladder,lol-milo-ly-2026-07-15-game2-kill-over-39pt5,lol-milo-ly-2026-07-15-game2-kill-over-36pt5,0.999,0.98,0.019,0.0169,5.0,0.019,True,True
2026-07-15T19:16:24+00:00,lol-milo-ly-2026-07-15,over_ladder,lol-milo-ly-2026-07-15-game2-kill-over-42pt5,lol-milo-ly-2026-07-15-game2-kill-over-36pt5,0.99,0.98,0.01,0.0071,5.0,0.01,True,True
2026-07-15T19:16:50+00:00,lol-milo-ly-2026-07-15,over_ladder,lol-milo-ly-2026-07-15-game2-kill-over-39pt5,lol-milo-ly-2026-07-15-game2-kill-over-36pt5,0.999,0.98,0.019,0.0169,5.0,0.019,True,True
2026-07-15T19:16:50+00:00,lol-milo-ly-2026-07-15,over_ladder,lol-milo-ly-2026-07-15-game2-kill-over-42pt5,lol-milo-ly-2026-07-15-game2-kill-over-36pt5,0.99,0.98,0.01,0.0071,5.0,0.01,True,True
2026-07-15T19:17:15+00:00,lol-milo-ly-2026-07-15,over_ladder,lol-milo-ly-2026-07-15-game2-kill-over-39pt5,lol-milo-ly-2026-07-15-game2-kill-over-36pt5,0.999,0.98,0.019,0.0169,5.0,0.019,True,True
2026-07-15T19:17:15+00:00,lol-milo-ly-2026-07-15,over_ladder,lol-milo-ly-2026-07-15-game2-kill-over-42pt5,lol-milo-ly-2026-07-15-game2-kill-over-36pt5,0.99,0.98,0.01,0.0071,5.0,0.01,True,True
2026-07-15T19:17:41+00:00,lol-milo-ly-2026-07-15,over_ladder,lol-milo-ly-2026-07-15-game2-kill-over-39pt5,lol-milo-ly-2026-07-15-game2-kill-over-36pt5,0.999,0.98,0.019,0.0169,5.0,0.019,True,True
2026-07-15T19:17:41+00:00,lol-milo-ly-2026-07-15,over_ladder,lol-milo-ly-2026-07-15-game2-kill-over-42pt5,lol-milo-ly-2026-07-15-game2-kill-over-36pt5,0.99,0.98,0.01,0.0071,5.0,0.01,True,True
2026-07-15T19:18:07+00:00,lol-milo-ly-2026-07-15,over_ladder,lol-milo-ly-2026-07-15-game2-kill-over-39pt5,lol-milo-ly-2026-07-15-game2-kill-over-36pt5,0.999,0.98,0.019,0.0169,5.0,0.019,True,True
2026-07-15T19:18:07+00:00,lol-milo-ly-2026-07-15,over_ladder,lol-milo-ly-2026-07-15-game2-kill-over-42pt5,lol-milo-ly-2026-07-15-game2-kill-over-36pt5,0.99,0.98,0.01,0.0071,5.0,0.01,True,True
2026-07-15T19:18:32+00:00,lol-milo-ly-2026-07-15,over_ladder,lol-milo-ly-2026-07-15-game2-kill-over-39pt5,lol-milo-ly-2026-07-15-game2-kill-over-36pt5,0.999,0.98,0.019,0.0169,5.0,0.019,True,True
2026-07-15T19:18:32+00:00,lol-milo-ly-2026-07-15,over_ladder,lol-milo-ly-2026-07-15-game2-kill-over-42pt5,lol-milo-ly-2026-07-15-game2-kill-over-36pt5,0.99,0.98,0.01,0.0071,5.0,0.01,True,True
2026-07-15T19:18:58+00:00,lol-milo-ly-2026-07-15,over_ladder,lol-milo-ly-2026-07-15-game2-kill-over-39pt5,lol-milo-ly-2026-07-15-game2-kill-over-36pt5,0.999,0.98,0.019,0.0169,5.0,0.019,True,True
2026-07-15T19:18:58+00:00,lol-milo-ly-2026-07-15,over_ladder,lol-milo-ly-2026-07-15-game2-kill-over-42pt5,lol-milo-ly-2026-07-15-game2-kill-over-36pt5,0.99,0.98,0.01,0.0071,5.0,0.01,True,True
2026-07-15T19:19:23+00:00,lol-milo-ly-2026-07-15,over_ladder,lol-milo-ly-2026-07-15-game2-kill-over-39pt5,lol-milo-ly-2026-07-15-game2-kill-over-36pt5,0.999,0.98,0.019,0.0169,5.0,0.019,True,True
2026-07-15T19:19:23+00:00,lol-milo-ly-2026-07-15,over_ladder,lol-milo-ly-2026-07-15-game2-kill-over-42pt5,lol-milo-ly-2026-07-15-game2-kill-over-36pt5,0.99,0.98,0.01,0.0071,5.0,0.01,True,True
2026-07-15T19:19:49+00:00,lol-milo-ly-2026-07-15,over_ladder,lol-milo-ly-2026-07-15-game2-kill-over-39pt5,lol-milo-ly-2026-07-15-game2-kill-over-36pt5,0.999,0.98,0.019,0.0169,5.0,0.019,True,True
2026-07-15T19:19:49+00:00,lol-milo-ly-2026-07-15,over_ladder,lol-milo-ly-2026-07-15-game2-kill-over-42pt5,lol-milo-ly-2026-07-15-game2-kill-over-36pt5,0.99,0.98,0.01,0.0071,5.0,0.01,True,True
2026-07-15T19:20:14+00:00,lol-milo-ly-2026-07-15,over_ladder,lol-milo-ly-2026-07-15-game2-kill-over-39pt5,lol-milo-ly-2026-07-15-game2-kill-over-36pt5,0.999,0.98,0.019,0.0169,5.0,0.019,True,True
2026-07-15T19:20:14+00:00,lol-milo-ly-2026-07-15,over_ladder,lol-milo-ly-2026-07-15-game2-kill-over-42pt5,lol-milo-ly-2026-07-15-game2-kill-over-36pt5,0.99,0.98,0.01,0.0071,5.0,0.01,True,True
2026-07-15T19:20:40+00:00,lol-milo-ly-2026-07-15,over_ladder,lol-milo-ly-2026-07-15-game2-kill-over-39pt5,lol-milo-ly-2026-07-15-game2-kill-over-36pt5,0.999,0.98,0.019,0.0169,5.0,0.019,True,True
2026-07-15T19:20:40+00:00,lol-milo-ly-2026-07-15,over_ladder,lol-milo-ly-2026-07-15-game2-kill-over-42pt5,lol-milo-ly-2026-07-15-game2-kill-over-36pt5,0.99,0.98,0.01,0.0071,5.0,0.01,True,True
2026-07-16T04:56:42+00:00,mlb-atl-cws-2026-06-11,spread_implies_ml,mlb-atl-cws-2026-06-11-spread-home-1pt5,mlb-atl-cws-2026-06-11,0.51,0.48,0.03,0.015,5.0,0.03,True,False
2026-07-16T04:57:22+00:00,mlb-atl-cws-2026-06-11,spread_implies_ml,mlb-atl-cws-2026-06-11-spread-home-1pt5,mlb-atl-cws-2026-06-11,0.51,0.48,0.03,0.015,5.0,0.03,True,True
2026-07-16T04:57:48+00:00,mlb-atl-cws-2026-06-11,spread_implies_ml,mlb-atl-cws-2026-06-11-spread-home-1pt5,mlb-atl-cws-2026-06-11,0.51,0.48,0.03,0.015,5.0,0.03,True,True
2026-07-16T04:59:16+00:00,mlb-atl-cws-2026-06-11,spread_implies_ml,mlb-atl-cws-2026-06-11-spread-home-1pt5,mlb-atl-cws-2026-06-11,0.51,0.48,0.03,0.015,5.0,0.03,True,True
2026-07-16T04:59:42+00:00,mlb-atl-cws-2026-06-11,spread_implies_ml,mlb-atl-cws-2026-06-11-spread-home-1pt5,mlb-atl-cws-2026-06-11,0.51,0.48,0.03,0.015,5.0,0.03,True,True
2026-07-16T05:00:07+00:00,mlb-atl-cws-2026-06-11,spread_implies_ml,mlb-atl-cws-2026-06-11-spread-home-1pt5,mlb-atl-cws-2026-06-11,0.51,0.48,0.03,0.015,5.0,0.03,True,True
2026-07-16T05:00:33+00:00,mlb-atl-cws-2026-06-11,spread_implies_ml,mlb-atl-cws-2026-06-11-spread-home-1pt5,mlb-atl-cws-2026-06-11,0.51,0.48,0.03,0.015,5.0,0.03,True,True
2026-07-16T05:00:59+00:00,mlb-atl-cws-2026-06-11,spread_implies_ml,mlb-atl-cws-2026-06-11-spread-home-1pt5,mlb-atl-cws-2026-06-11,0.51,0.48,0.03,0.015,5.0,0.03,True,True
2026-07-16T05:01:24+00:00,mlb-atl-cws-2026-06-11,spread_implies_ml,mlb-atl-cws-2026-06-11-spread-home-1pt5,mlb-atl-cws-2026-06-11,0.51,0.48,0.03,0.015,5.0,0.03,True,True
2026-07-16T05:01:50+00:00,mlb-atl-cws-2026-06-11,spread_implies_ml,mlb-atl-cws-2026-06-11-spread-home-1pt5,mlb-atl-cws-2026-06-11,0.51,0.48,0.03,0.015,5.0,0.03,True,True
2026-07-16T05:02:15+00:00,mlb-atl-cws-2026-06-11,spread_implies_ml,mlb-atl-cws-2026-06-11-spread-home-1pt5,mlb-atl-cws-2026-06-11,0.51,0.48,0.03,0.015,5.0,0.03,True,True
2026-07-16T05:02:41+00:00,mlb-atl-cws-2026-06-11,spread_implies_ml,mlb-atl-cws-2026-06-11-spread-home-1pt5,mlb-atl-cws-2026-06-11,0.51,0.48,0.03,0.015,5.0,0.03,True,True
2026-07-16T05:03:07+00:00,mlb-atl-cws-2026-06-11,spread_implies_ml,mlb-atl-cws-2026-06-11-spread-home-1pt5,mlb-atl-cws-2026-06-11,0.51,0.48,0.03,0.015,5.0,0.03,True,True
2026-07-16T05:03:32+00:00,mlb-atl-cws-2026-06-11,spread_implies_ml,mlb-atl-cws-2026-06-11-spread-home-1pt5,mlb-atl-cws-2026-06-11,0.51,0.48,0.03,0.015,5.0,0.03,True,True
2026-07-16T05:03:58+00:00,mlb-atl-cws-2026-06-11,spread_implies_ml,mlb-atl-cws-2026-06-11-spread-home-1pt5,mlb-atl-cws-2026-06-11,0.51,0.48,0.03,0.015,5.0,0.03,True,True
2026-07-16T05:04:23+00:00,mlb-atl-cws-2026-06-11,spread_implies_ml,mlb-atl-cws-2026-06-11-spread-home-1pt5,mlb-atl-cws-2026-06-11,0.51,0.48,0.03,0.015,5.0,0.03,True,True
2026-07-16T05:04:49+00:00,mlb-atl-cws-2026-06-11,spread_implies_ml,mlb-atl-cws-2026-06-11-spread-home-1pt5,mlb-atl-cws-2026-06-11,0.51,0.48,0.03,0.015,5.0,0.03,True,True
2026-07-16T05:05:14+00:00,mlb-atl-cws-2026-06-11,spread_implies_ml,mlb-atl-cws-2026-06-11-spread-home-1pt5,mlb-atl-cws-2026-06-11,0.51,0.48,0.03,0.015,5.0,0.03,True,True
2026-07-16T05:05:40+00:00,mlb-atl-cws-2026-06-11,spread_implies_ml,mlb-atl-cws-2026-06-11-spread-home-1pt5,mlb-atl-cws-2026-06-11,0.51,0.48,0.03,0.015,5.0,0.03,True,True
2026-07-16T05:06:05+00:00,mlb-atl-cws-2026-06-11,spread_implies_ml,mlb-atl-cws-2026-06-11-spread-home-1pt5,mlb-atl-cws-2026-06-11,0.51,0.48,0.03,0.015,5.0,0.03,True,True
2026-07-16T05:06:31+00:00,mlb-atl-cws-2026-06-11,spread_implies_ml,mlb-atl-cws-2026-06-11-spread-home-1pt5,mlb-atl-cws-2026-06-11,0.51,0.48,0.03,0.015,5.0,0.03,True,True
2026-07-16T05:06:56+00:00,mlb-atl-cws-2026-06-11,spread_implies_ml,mlb-atl-cws-2026-06-11-spread-home-1pt5,mlb-atl-cws-2026-06-11,0.51,0.48,0.03,0.015,5.0,0.03,True,True
2026-07-16T05:07:22+00:00,mlb-atl-cws-2026-06-11,spread_implies_ml,mlb-atl-cws-2026-06-11-spread-home-1pt5,mlb-atl-cws-2026-06-11,0.51,0.48,0.03,0.015,5.0,0.03,True,True
2026-07-16T05:07:47+00:00,mlb-atl-cws-2026-06-11,spread_implies_ml,mlb-atl-cws-2026-06-11-spread-home-1pt5,mlb-atl-cws-2026-06-11,0.51,0.48,0.03,0.015,5.0,0.03,True,True
2026-07-16T05:08:13+00:00,mlb-atl-cws-2026-06-11,spread_implies_ml,mlb-atl-cws-2026-06-11-spread-home-1pt5,mlb-atl-cws-2026-06-11,0.51,0.48,0.03,0.015,5.0,0.03,True,True
2026-07-16T05:09:42+00:00,mlb-atl-cws-2026-06-11,spread_implies_ml,mlb-atl-cws-2026-06-11-spread-home-1pt5,mlb-atl-cws-2026-06-11,0.51,0.48,0.03,0.015,5.0,0.03,True,True
2026-07-16T05:10:07+00:00,mlb-atl-cws-2026-06-11,spread_implies_ml,mlb-atl-cws-2026-06-11-spread-home-1pt5,mlb-atl-cws-2026-06-11,0.51,0.48,0.03,0.015,5.0,0.03,True,True
2026-07-16T05:10:33+00:00,mlb-atl-cws-2026-06-11,spread_implies_ml,mlb-atl-cws-2026-06-11-spread-home-1pt5,mlb-atl-cws-2026-06-11,0.51,0.48,0.03,0.015,5.0,0.03,True,True
2026-07-16T05:10:58+00:00,mlb-atl-cws-2026-06-11,spread_implies_ml,mlb-atl-cws-2026-06-11-spread-home-1pt5,mlb-atl-cws-2026-06-11,0.51,0.48,0.03,0.015,5.0,0.03,True,True
2026-07-16T05:11:24+00:00,mlb-atl-cws-2026-06-11,spread_implies_ml,mlb-atl-cws-2026-06-11-spread-home-1pt5,mlb-atl-cws-2026-06-11,0.51,0.48,0.03,0.015,5.0,0.03,True,True
2026-07-16T05:11:49+00:00,mlb-atl-cws-2026-06-11,spread_implies_ml,mlb-atl-cws-2026-06-11-spread-home-1pt5,mlb-atl-cws-2026-06-11,0.51,0.48,0.03,0.015,5.0,0.03,True,True
2026-07-16T05:12:15+00:00,mlb-atl-cws-2026-06-11,spread_implies_ml,mlb-atl-cws-2026-06-11-spread-home-1pt5,mlb-atl-cws-2026-06-11,0.51,0.48,0.03,0.015,5.0,0.03,True,True
2026-07-16T05:12:40+00:00,mlb-atl-cws-2026-06-11,spread_implies_ml,mlb-atl-cws-2026-06-11-spread-home-1pt5,mlb-atl-cws-2026-06-11,0.51,0.48,0.03,0.015,5.0,0.03,True,True
2026-07-16T05:13:06+00:00,mlb-atl-cws-2026-06-11,spread_implies_ml,mlb-atl-cws-2026-06-11-spread-home-1pt5,mlb-atl-cws-2026-06-11,0.51,0.48,0.03,0.015,5.0,0.03,True,True
2026-07-16T05:13:32+00:00,mlb-atl-cws-2026-06-11,spread_implies_ml,mlb-atl-cws-2026-06-11-spread-home-1pt5,mlb-atl-cws-2026-06-11,0.51,0.48,0.03,0.015,5.0,0.03,True,True
2026-07-16T05:13:57+00:00,mlb-atl-cws-2026-06-11,spread_implies_ml,mlb-atl-cws-2026-06-11-spread-home-1pt5,mlb-atl-cws-2026-06-11,0.51,0.48,0.03,0.015,5.0,0.03,True,True
2026-07-16T05:14:23+00:00,mlb-atl-cws-2026-06-11,spread_implies_ml,mlb-atl-cws-2026-06-11-spread-home-1pt5,mlb-atl-cws-2026-06-11,0.51,0.48,0.03,0.015,5.0,0.03,True,True
2026-07-16T05:14:48+00:00,mlb-atl-cws-2026-06-11,spread_implies_ml,mlb-atl-cws-2026-06-11-spread-home-1pt5,mlb-atl-cws-2026-06-11,0.51,0.48,0.03,0.015,5.0,0.03,True,True
2026-07-16T05:15:14+00:00,mlb-atl-cws-2026-06-11,spread_implies_ml,mlb-atl-cws-2026-06-11-spread-home-1pt5,mlb-atl-cws-2026-06-11,0.51,0.48,0.03,0.015,5.0,0.03,True,True
2026-07-16T05:15:39+00:00,mlb-atl-cws-2026-06-11,spread_implies_ml,mlb-atl-cws-2026-06-11-spread-home-1pt5,mlb-atl-cws-2026-06-11,0.51,0.48,0.03,0.015,5.0,0.03,True,True
2026-07-16T05:16:05+00:00,mlb-atl-cws-2026-06-11,spread_implies_ml,mlb-atl-cws-2026-06-11-spread-home-1pt5,mlb-atl-cws-2026-06-11,0.51,0.48,0.03,0.015,5.0,0.03,True,True
2026-07-16T05:16:30+00:00,mlb-atl-cws-2026-06-11,spread_implies_ml,mlb-atl-cws-2026-06-11-spread-home-1pt5,mlb-atl-cws-2026-06-11,0.51,0.48,0.03,0.015,5.0,0.03,True,True
2026-07-16T05:16:56+00:00,mlb-atl-cws-2026-06-11,spread_implies_ml,mlb-atl-cws-2026-06-11-spread-home-1pt5,mlb-atl-cws-2026-06-11,0.51,0.48,0.03,0.015,5.0,0.03,True,True
2026-07-16T05:17:22+00:00,mlb-atl-cws-2026-06-11,spread_implies_ml,mlb-atl-cws-2026-06-11-spread-home-1pt5,mlb-atl-cws-2026-06-11,0.51,0.48,0.03,0.015,5.0,0.03,True,True
2026-07-16T05:17:47+00:00,mlb-atl-cws-2026-06-11,spread_implies_ml,mlb-atl-cws-2026-06-11-spread-home-1pt5,mlb-atl-cws-2026-06-11,0.51,0.48,0.03,0.015,5.0,0.03,True,True
2026-07-16T05:18:13+00:00,mlb-atl-cws-2026-06-11,spread_implies_ml,mlb-atl-cws-2026-06-11-spread-home-1pt5,mlb-atl-cws-2026-06-11,0.51,0.48,0.03,0.015,5.0,0.03,True,True
2026-07-16T05:18:38+00:00,mlb-atl-cws-2026-06-11,spread_implies_ml,mlb-atl-cws-2026-06-11-spread-home-1pt5,mlb-atl-cws-2026-06-11,0.51,0.48,0.03,0.015,5.0,0.03,True,True
2026-07-16T05:20:36+00:00,mlb-atl-cws-2026-06-11,spread_implies_ml,mlb-atl-cws-2026-06-11-spread-home-1pt5,mlb-atl-cws-2026-06-11,0.51,0.48,0.03,0.015,5.0,0.03,True,True
2026-07-16T05:21:02+00:00,mlb-atl-cws-2026-06-11,spread_implies_ml,mlb-atl-cws-2026-06-11-spread-home-1pt5,mlb-atl-cws-2026-06-11,0.51,0.48,0.03,0.015,5.0,0.03,True,True
2026-07-16T05:21:27+00:00,mlb-atl-cws-2026-06-11,spread_implies_ml,mlb-atl-cws-2026-06-11-spread-home-1pt5,mlb-atl-cws-2026-06-11,0.51,0.48,0.03,0.015,5.0,0.03,True,True
2026-07-16T05:21:53+00:00,mlb-atl-cws-2026-06-11,spread_implies_ml,mlb-atl-cws-2026-06-11-spread-home-1pt5,mlb-atl-cws-2026-06-11,0.51,0.48,0.03,0.015,5.0,0.03,True,True
2026-07-16T05:22:19+00:00,mlb-atl-cws-2026-06-11,spread_implies_ml,mlb-atl-cws-2026-06-11-spread-home-1pt5,mlb-atl-cws-2026-06-11,0.51,0.48,0.03,0.015,5.0,0.03,True,True
2026-07-16T05:22:44+00:00,mlb-atl-cws-2026-06-11,spread_implies_ml,mlb-atl-cws-2026-06-11-spread-home-1pt5,mlb-atl-cws-2026-06-11,0.55,0.48,0.07,0.055,5.0,0.07,True,True
2026-07-16T05:23:10+00:00,mlb-atl-cws-2026-06-11,spread_implies_ml,mlb-atl-cws-2026-06-11-spread-home-1pt5,mlb-atl-cws-2026-06-11,0.55,0.48,0.07,0.055,5.0,0.07,True,True
2026-07-16T05:23:35+00:00,mlb-atl-cws-2026-06-11,spread_implies_ml,mlb-atl-cws-2026-06-11-spread-home-1pt5,mlb-atl-cws-2026-06-11,0.55,0.48,0.07,0.055,5.0,0.07,True,True
2026-07-16T05:24:01+00:00,mlb-atl-cws-2026-06-11,spread_implies_ml,mlb-atl-cws-2026-06-11-spread-home-1pt5,mlb-atl-cws-2026-06-11,0.55,0.48,0.07,0.055,5.0,0.07,True,True
2026-07-16T05:24:26+00:00,mlb-atl-cws-2026-06-11,spread_implies_ml,mlb-atl-cws-2026-06-11-spread-home-1pt5,mlb-atl-cws-2026-06-11,0.55,0.48,0.07,0.055,5.0,0.07,True,True
2026-07-16T05:24:52+00:00,mlb-atl-cws-2026-06-11,spread_implies_ml,mlb-atl-cws-2026-06-11-spread-home-1pt5,mlb-atl-cws-2026-06-11,0.55,0.48,0.07,0.055,5.0,0.07,True,True
2026-07-16T05:25:17+00:00,mlb-atl-cws-2026-06-11,spread_implies_ml,mlb-atl-cws-2026-06-11-spread-home-1pt5,mlb-atl-cws-2026-06-11,0.55,0.48,0.07,0.055,5.0,0.07,True,True
2026-07-16T05:25:43+00:00,mlb-atl-cws-2026-06-11,spread_implies_ml,mlb-atl-cws-2026-06-11-spread-home-1pt5,mlb-atl-cws-2026-06-11,0.55,0.48,0.07,0.055,5.0,0.07,True,True
2026-07-16T05:26:08+00:00,mlb-atl-cws-2026-06-11,spread_implies_ml,mlb-atl-cws-2026-06-11-spread-home-1pt5,mlb-atl-cws-2026-06-11,0.55,0.48,0.07,0.055,5.0,0.07,True,True
2026-07-16T05:26:34+00:00,mlb-atl-cws-2026-06-11,spread_implies_ml,mlb-atl-cws-2026-06-11-spread-home-1pt5,mlb-atl-cws-2026-06-11,0.55,0.48,0.07,0.055,5.0,0.07,True,True
2026-07-16T05:26:59+00:00,mlb-atl-cws-2026-06-11,spread_implies_ml,mlb-atl-cws-2026-06-11-spread-home-1pt5,mlb-atl-cws-2026-06-11,0.55,0.48,0.07,0.055,5.0,0.07,True,True
2026-07-16T05:27:25+00:00,mlb-atl-cws-2026-06-11,spread_implies_ml,mlb-atl-cws-2026-06-11-spread-home-1pt5,mlb-atl-cws-2026-06-11,0.55,0.48,0.07,0.055,5.0,0.07,True,True
2026-07-16T05:27:50+00:00,mlb-atl-cws-2026-06-11,spread_implies_ml,mlb-atl-cws-2026-06-11-spread-home-1pt5,mlb-atl-cws-2026-06-11,0.55,0.48,0.07,0.055,5.0,0.07,True,True
2026-07-16T05:28:16+00:00,mlb-atl-cws-2026-06-11,spread_implies_ml,mlb-atl-cws-2026-06-11-spread-home-1pt5,mlb-atl-cws-2026-06-11,0.56,0.48,0.08,0.065,5.0,0.08,True,True
2026-07-16T05:28:41+00:00,mlb-atl-cws-2026-06-11,spread_implies_ml,mlb-atl-cws-2026-06-11-spread-home-1pt5,mlb-atl-cws-2026-06-11,0.56,0.48,0.08,0.065,5.0,0.08,True,True
2026-07-16T05:30:10+00:00,mlb-atl-cws-2026-06-11,spread_implies_ml,mlb-atl-cws-2026-06-11-spread-home-1pt5,mlb-atl-cws-2026-06-11,0.56,0.48,0.08,0.065,5.0,0.08,True,True
2026-07-16T05:30:35+00:00,mlb-atl-cws-2026-06-11,spread_implies_ml,mlb-atl-cws-2026-06-11-spread-home-1pt5,mlb-atl-cws-2026-06-11,0.56,0.48,0.08,0.065,5.0,0.08,True,True
2026-07-16T05:31:01+00:00,mlb-atl-cws-2026-06-11,spread_implies_ml,mlb-atl-cws-2026-06-11-spread-home-1pt5,mlb-atl-cws-2026-06-11,0.56,0.48,0.08,0.065,5.0,0.08,True,True
2026-07-16T05:31:26+00:00,mlb-atl-cws-2026-06-11,spread_implies_ml,mlb-atl-cws-2026-06-11-spread-home-1pt5,mlb-atl-cws-2026-06-11,0.56,0.48,0.08,0.065,5.0,0.08,True,True
2026-07-16T05:31:52+00:00,mlb-atl-cws-2026-06-11,spread_implies_ml,mlb-atl-cws-2026-06-11-spread-home-1pt5,mlb-atl-cws-2026-06-11,0.56,0.48,0.08,0.065,5.0,0.08,True,True
2026-07-16T05:32:17+00:00,mlb-atl-cws-2026-06-11,spread_implies_ml,mlb-atl-cws-2026-06-11-spread-home-1pt5,mlb-atl-cws-2026-06-11,0.56,0.48,0.08,0.065,5.0,0.08,True,True
2026-07-16T05:32:43+00:00,mlb-atl-cws-2026-06-11,spread_implies_ml,mlb-atl-cws-2026-06-11-spread-home-1pt5,mlb-atl-cws-2026-06-11,0.56,0.48,0.08,0.065,5.0,0.08,True,True
2026-07-16T05:33:08+00:00,mlb-atl-cws-2026-06-11,spread_implies_ml,mlb-atl-cws-2026-06-11-spread-home-1pt5,mlb-atl-cws-2026-06-11,0.56,0.48,0.08,0.065,5.0,0.08,True,True
2026-07-16T05:33:34+00:00,mlb-atl-cws-2026-06-11,spread_implies_ml,mlb-atl-cws-2026-06-11-spread-home-1pt5,mlb-atl-cws-2026-06-11,0.56,0.48,0.08,0.065,5.0,0.08,True,True
2026-07-16T05:34:00+00:00,mlb-atl-cws-2026-06-11,spread_implies_ml,mlb-atl-cws-2026-06-11-spread-home-1pt5,mlb-atl-cws-2026-06-11,0.56,0.48,0.08,0.065,5.0,0.08,True,True
2026-07-16T05:34:25+00:00,mlb-atl-cws-2026-06-11,spread_implies_ml,mlb-atl-cws-2026-06-11-spread-home-1pt5,mlb-atl-cws-2026-06-11,0.56,0.48,0.08,0.065,5.0,0.08,True,True
2026-07-16T05:34:51+00:00,mlb-atl-cws-2026-06-11,spread_implies_ml,mlb-atl-cws-2026-06-11-spread-home-1pt5,mlb-atl-cws-2026-06-11,0.56,0.48,0.08,0.065,5.0,0.08,True,True
2026-07-16T05:35:16+00:00,mlb-atl-cws-2026-06-11,spread_implies_ml,mlb-atl-cws-2026-06-11-spread-home-1pt5,mlb-atl-cws-2026-06-11,0.56,0.48,0.08,0.065,5.0,0.08,True,True
2026-07-16T05:35:42+00:00,mlb-atl-cws-2026-06-11,spread_implies_ml,mlb-atl-cws-2026-06-11-spread-home-1pt5,mlb-atl-cws-2026-06-11,0.56,0.48,0.08,0.065,5.0,0.08,True,True
2026-07-16T05:36:07+00:00,mlb-atl-cws-2026-06-11,spread_implies_ml,mlb-atl-cws-2026-06-11-spread-home-1pt5,mlb-atl-cws-2026-06-11,0.56,0.48,0.08,0.065,5.0,0.08,True,True
2026-07-16T05:36:33+00:00,mlb-atl-cws-2026-06-11,spread_implies_ml,mlb-atl-cws-2026-06-11-spread-home-1pt5,mlb-atl-cws-2026-06-11,0.56,0.48,0.08,0.065,5.0,0.08,True,True
2026-07-16T05:36:58+00:00,mlb-atl-cws-2026-06-11,spread_implies_ml,mlb-atl-cws-2026-06-11-spread-home-1pt5,mlb-atl-cws-2026-06-11,0.56,0.48,0.08,0.065,5.0,0.08,True,True
2026-07-16T05:37:24+00:00,mlb-atl-cws-2026-06-11,spread_implies_ml,mlb-atl-cws-2026-06-11-spread-home-1pt5,mlb-atl-cws-2026-06-11,0.56,0.48,0.08,0.065,5.0,0.08,True,True
2026-07-16T05:37:49+00:00,mlb-atl-cws-2026-06-11,spread_implies_ml,mlb-atl-cws-2026-06-11-spread-home-1pt5,mlb-atl-cws-2026-06-11,0.56,0.48,0.08,0.065,5.0,0.08,True,True
2026-07-16T05:38:15+00:00,mlb-atl-cws-2026-06-11,spread_implies_ml,mlb-atl-cws-2026-06-11-spread-home-1pt5,mlb-atl-cws-2026-06-11,0.56,0.48,0.08,0.065,5.0,0.08,True,True
2026-07-16T05:38:41+00:00,mlb-atl-cws-2026-06-11,spread_implies_ml,mlb-atl-cws-2026-06-11-spread-home-1pt5,mlb-atl-cws-2026-06-11,0.56,0.48,0.08,0.065,5.0,0.08,True,True
2026-07-16T05:39:06+00:00,mlb-atl-cws-2026-06-11,spread_implies_ml,mlb-atl-cws-2026-06-11-spread-home-1pt5,mlb-atl-cws-2026-06-11,0.56,0.48,0.08,0.065,5.0,0.08,True,True
2026-07-16T05:40:35+00:00,mlb-atl-cws-2026-06-11,spread_implies_ml,mlb-atl-cws-2026-06-11-spread-home-1pt5,mlb-atl-cws-2026-06-11,0.56,0.48,0.08,0.065,5.0,0.08,True,True
2026-07-16T05:41:00+00:00,mlb-atl-cws-2026-06-11,spread_implies_ml,mlb-atl-cws-2026-06-11-spread-home-1pt5,mlb-atl-cws-2026-06-11,0.56,0.48,0.08,0.065,5.0,0.08,True,True
2026-07-16T05:41:26+00:00,mlb-atl-cws-2026-06-11,spread_implies_ml,mlb-atl-cws-2026-06-11-spread-home-1pt5,mlb-atl-cws-2026-06-11,0.56,0.48,0.08,0.065,5.0,0.08,True,True
2026-07-16T05:41:51+00:00,mlb-atl-cws-2026-06-11,spread_implies_ml,mlb-atl-cws-2026-06-11-spread-home-1pt5,mlb-atl-cws-2026-06-11,0.56,0.48,0.08,0.065,5.0,0.08,True,True
2026-07-16T05:42:17+00:00,mlb-atl-cws-2026-06-11,spread_implies_ml,mlb-atl-cws-2026-06-11-spread-home-1pt5,mlb-atl-cws-2026-06-11,0.56,0.48,0.08,0.065,5.0,0.08,True,True
2026-07-16T05:42:43+00:00,mlb-atl-cws-2026-06-11,spread_implies_ml,mlb-atl-cws-2026-06-11-spread-home-1pt5,mlb-atl-cws-2026-06-11,0.56,0.48,0.08,0.065,5.0,0.08,True,True
2026-07-16T05:43:08+00:00,mlb-atl-cws-2026-06-11,spread_implies_ml,mlb-atl-cws-2026-06-11-spread-home-1pt5,mlb-atl-cws-2026-06-11,0.56,0.48,0.08,0.065,5.0,0.08,True,True
2026-07-16T05:43:34+00:00,mlb-atl-cws-2026-06-11,spread_implies_ml,mlb-atl-cws-2026-06-11-spread-home-1pt5,mlb-atl-cws-2026-06-11,0.56,0.48,0.08,0.065,5.0,0.08,True,True
2026-07-16T05:43:59+00:00,mlb-atl-cws-2026-06-11,spread_implies_ml,mlb-atl-cws-2026-06-11-spread-home-1pt5,mlb-atl-cws-2026-06-11,0.56,0.48,0.08,0.065,5.0,0.08,True,True
2026-07-16T05:44:25+00:00,mlb-atl-cws-2026-06-11,spread_implies_ml,mlb-atl-cws-2026-06-11-spread-home-1pt5,mlb-atl-cws-2026-06-11,0.56,0.48,0.08,0.065,5.0,0.08,True,True
2026-07-16T05:44:50+00:00,mlb-atl-cws-2026-06-11,spread_implies_ml,mlb-atl-cws-2026-06-11-spread-home-1pt5,mlb-atl-cws-2026-06-11,0.56,0.48,0.08,0.065,5.0,0.08,True,True
2026-07-16T14:30:36+00:00,lol-jdg-milo-2026-07-16,over_ladder,lol-jdg-milo-2026-07-16-game2-kill-over-36pt5,lol-jdg-milo-2026-07-16-game2-kill-over-30pt5,0.02,0.01,0.01,0.007,3.7,,False,True
2026-07-16T14:30:36+00:00,lol-jdg-milo-2026-07-16,over_ladder,lol-jdg-milo-2026-07-16-game2-kill-over-36pt5,lol-jdg-milo-2026-07-16-game2-kill-over-33pt5,0.02,0.01,0.01,0.007,3.7,,False,True
2026-07-16T15:20:57+00:00,cs2-nip-m8-2026-07-16,over_ladder,cs2-nip-m8-2026-07-16-game1-round-total-21pt5,cs2-nip-m8-2026-07-16-game1-round-total-18pt5,0.999,0.99,0.009,0.0079,3.6,0.009,True,True
2026-07-16T15:59:00+00:00,atp-dellien-valle-2026-07-16,over_ladder,atp-dellien-valle-2026-07-16-match-total-23pt5,atp-dellien-valle-2026-07-16-match-total-22pt5,0.57,0.53,0.04,0.025,1342.5,,False,True
2026-07-16T18:33:52+00:00,wta-kovinic-riera-2026-07-15,over_ladder,wta-kovinic-riera-2026-07-15-match-total-23pt5,wta-kovinic-riera-2026-07-15-match-total-22pt5,0.51,0.5,0.01,-0.005,4525.5,,,
2026-07-16T18:34:12+00:00,wta-kovinic-riera-2026-07-15,over_ladder,wta-kovinic-riera-2026-07-15-match-total-23pt5,wta-kovinic-riera-2026-07-15-match-total-22pt5,0.51,0.5,0.01,-0.005,4525.5,,,
2026-07-16T19:09:11+00:00,col-ham-nsi-2026-07-16-more-markets,over_ladder,col-ham-nsi-2026-07-16-total-1pt5,col-ham-nsi-2026-07-16-total-0pt5,0.99,0.989,0.001,-0.0011,5.0,,,
2026-07-16T19:23:36+00:00,col-ham-nsi-2026-07-16-more-markets,over_ladder,col-ham-nsi-2026-07-16-total-2pt5,col-ham-nsi-2026-07-16-total-0pt5,0.99,0.989,0.001,-0.0011,5.0,,,
2026-07-16T19:23:56+00:00,col-ham-nsi-2026-07-16-more-markets,over_ladder,col-ham-nsi-2026-07-16-total-2pt5,col-ham-nsi-2026-07-16-total-0pt5,0.99,0.989,0.001,-0.0011,5.0,,,
2026-07-17T03:19:33+00:00,wnba-nyl-dal-2026-07-16,spread_implies_ml,wnba-nyl-dal-2026-07-16-spread-home-1pt5,wnba-nyl-dal-2026-07-16,0.51,0.5,0.01,-0.005,103.2,,,
2026-07-17T03:19:53+00:00,wnba-nyl-dal-2026-07-16,spread_implies_ml,wnba-nyl-dal-2026-07-16-spread-home-1pt5,wnba-nyl-dal-2026-07-16,0.51,0.5,0.01,-0.005,103.2,,,
2026-07-17T03:20:14+00:00,wnba-nyl-dal-2026-07-16,spread_implies_ml,wnba-nyl-dal-2026-07-16-spread-home-1pt5,wnba-nyl-dal-2026-07-16,0.51,0.5,0.01,-0.005,103.2,,,
2026-07-17T03:20:34+00:00,wnba-nyl-dal-2026-07-16,spread_implies_ml,wnba-nyl-dal-2026-07-16-spread-home-1pt5,wnba-nyl-dal-2026-07-16,0.51,0.5,0.01,-0.005,53.1,,,
2026-07-17T03:20:54+00:00,wnba-nyl-dal-2026-07-16,spread_implies_ml,wnba-nyl-dal-2026-07-16-spread-home-1pt5,wnba-nyl-dal-2026-07-16,0.51,0.5,0.01,-0.005,193.2,,,
2026-07-17T03:21:15+00:00,wnba-nyl-dal-2026-07-16,spread_implies_ml,wnba-nyl-dal-2026-07-16-spread-home-1pt5,wnba-nyl-dal-2026-07-16,0.51,0.5,0.01,-0.005,193.2,,,
2026-07-17T03:21:35+00:00,wnba-nyl-dal-2026-07-16,spread_implies_ml,wnba-nyl-dal-2026-07-16-spread-home-1pt5,wnba-nyl-dal-2026-07-16,0.51,0.5,0.01,-0.005,193.2,,,
2026-07-17T03:21:55+00:00,wnba-nyl-dal-2026-07-16,spread_implies_ml,wnba-nyl-dal-2026-07-16-spread-home-1pt5,wnba-nyl-dal-2026-07-16,0.51,0.5,0.01,-0.005,193.2,,,
2026-07-17T03:22:16+00:00,wnba-nyl-dal-2026-07-16,spread_implies_ml,wnba-nyl-dal-2026-07-16-spread-home-1pt5,wnba-nyl-dal-2026-07-16,0.51,0.5,0.01,-0.005,193.2,,,
2026-07-17T03:22:36+00:00,wnba-nyl-dal-2026-07-16,spread_implies_ml,wnba-nyl-dal-2026-07-16-spread-home-1pt5,wnba-nyl-dal-2026-07-16,0.51,0.5,0.01,-0.005,193.2,,,
2026-07-17T03:22:56+00:00,wnba-nyl-dal-2026-07-16,spread_implies_ml,wnba-nyl-dal-2026-07-16-spread-home-1pt5,wnba-nyl-dal-2026-07-16,0.51,0.5,0.01,-0.005,193.2,,,
2026-07-17T03:23:17+00:00,wnba-nyl-dal-2026-07-16,spread_implies_ml,wnba-nyl-dal-2026-07-16-spread-home-1pt5,wnba-nyl-dal-2026-07-16,0.51,0.5,0.01,-0.005,193.2,,,
2026-07-17T03:23:37+00:00,wnba-nyl-dal-2026-07-16,spread_implies_ml,wnba-nyl-dal-2026-07-16-spread-home-1pt5,wnba-nyl-dal-2026-07-16,0.51,0.5,0.01,-0.005,193.2,,,
2026-07-17T03:23:57+00:00,wnba-nyl-dal-2026-07-16,spread_implies_ml,wnba-nyl-dal-2026-07-16-spread-home-1pt5,wnba-nyl-dal-2026-07-16,0.51,0.5,0.01,-0.005,193.2,,,
2026-07-17T03:24:18+00:00,wnba-nyl-dal-2026-07-16,spread_implies_ml,wnba-nyl-dal-2026-07-16-spread-home-1pt5,wnba-nyl-dal-2026-07-16,0.51,0.5,0.01,-0.005,193.2,,,
2026-07-17T03:24:38+00:00,wnba-nyl-dal-2026-07-16,spread_implies_ml,wnba-nyl-dal-2026-07-16-spread-home-1pt5,wnba-nyl-dal-2026-07-16,0.51,0.5,0.01,-0.005,193.2,,,
2026-07-17T03:24:58+00:00,wnba-nyl-dal-2026-07-16,spread_implies_ml,wnba-nyl-dal-2026-07-16-spread-home-1pt5,wnba-nyl-dal-2026-07-16,0.51,0.5,0.01,-0.005,193.2,,,
2026-07-17T03:25:19+00:00,wnba-nyl-dal-2026-07-16,spread_implies_ml,wnba-nyl-dal-2026-07-16-spread-home-1pt5,wnba-nyl-dal-2026-07-16,0.51,0.5,0.01,-0.005,193.2,,,
2026-07-17T03:25:39+00:00,wnba-nyl-dal-2026-07-16,spread_implies_ml,wnba-nyl-dal-2026-07-16-spread-home-1pt5,wnba-nyl-dal-2026-07-16,0.51,0.5,0.01,-0.005,193.2,,,
2026-07-17T03:25:59+00:00,wnba-nyl-dal-2026-07-16,spread_implies_ml,wnba-nyl-dal-2026-07-16-spread-home-1pt5,wnba-nyl-dal-2026-07-16,0.51,0.5,0.01,-0.005,193.2,,,
2026-07-17T03:26:20+00:00,wnba-nyl-dal-2026-07-16,spread_implies_ml,wnba-nyl-dal-2026-07-16-spread-home-1pt5,wnba-nyl-dal-2026-07-16,0.51,0.5,0.01,-0.005,193.2,,,
2026-07-17T03:26:40+00:00,wnba-nyl-dal-2026-07-16,spread_implies_ml,wnba-nyl-dal-2026-07-16-spread-home-1pt5,wnba-nyl-dal-2026-07-16,0.51,0.5,0.01,-0.005,193.2,,,
2026-07-17T03:27:01+00:00,wnba-nyl-dal-2026-07-16,spread_implies_ml,wnba-nyl-dal-2026-07-16-spread-home-1pt5,wnba-nyl-dal-2026-07-16,0.51,0.5,0.01,-0.005,72.2,,,
2026-07-17T03:27:21+00:00,wnba-nyl-dal-2026-07-16,spread_implies_ml,wnba-nyl-dal-2026-07-16-spread-home-1pt5,wnba-nyl-dal-2026-07-16,0.51,0.5,0.01,-0.005,72.2,,,
2026-07-17T03:27:42+00:00,wnba-nyl-dal-2026-07-16,spread_implies_ml,wnba-nyl-dal-2026-07-16-spread-home-1pt5,wnba-nyl-dal-2026-07-16,0.51,0.5,0.01,-0.005,212.2,,,
2026-07-17T03:28:02+00:00,wnba-nyl-dal-2026-07-16,spread_implies_ml,wnba-nyl-dal-2026-07-16-spread-home-1pt5,wnba-nyl-dal-2026-07-16,0.51,0.5,0.01,-0.005,212.2,,,
2026-07-17T03:28:22+00:00,wnba-nyl-dal-2026-07-16,spread_implies_ml,wnba-nyl-dal-2026-07-16-spread-home-1pt5,wnba-nyl-dal-2026-07-16,0.51,0.5,0.01,-0.005,212.2,,,
2026-07-17T03:28:43+00:00,wnba-nyl-dal-2026-07-16,spread_implies_ml,wnba-nyl-dal-2026-07-16-spread-home-1pt5,wnba-nyl-dal-2026-07-16,0.51,0.5,0.01,-0.005,72.2,,,
2026-07-17T03:29:03+00:00,wnba-nyl-dal-2026-07-16,spread_implies_ml,wnba-nyl-dal-2026-07-16-spread-home-1pt5,wnba-nyl-dal-2026-07-16,0.51,0.5,0.01,-0.005,72.2,,,
2026-07-17T03:29:23+00:00,wnba-nyl-dal-2026-07-16,spread_implies_ml,wnba-nyl-dal-2026-07-16-spread-home-1pt5,wnba-nyl-dal-2026-07-16,0.51,0.5,0.01,-0.005,72.2,,,
2026-07-17T03:29:45+00:00,wnba-nyl-dal-2026-07-16,spread_implies_ml,wnba-nyl-dal-2026-07-16-spread-home-1pt5,wnba-nyl-dal-2026-07-16,0.51,0.5,0.01,-0.005,72.2,,,
2026-07-17T03:30:05+00:00,wnba-nyl-dal-2026-07-16,spread_implies_ml,wnba-nyl-dal-2026-07-16-spread-home-1pt5,wnba-nyl-dal-2026-07-16,0.51,0.5,0.01,-0.005,72.2,,,
2026-07-17T03:30:26+00:00,wnba-nyl-dal-2026-07-16,spread_implies_ml,wnba-nyl-dal-2026-07-16-spread-home-1pt5,wnba-nyl-dal-2026-07-16,0.51,0.49,0.02,0.005,19.0,0.02,True,True
2026-07-17T03:30:51+00:00,wnba-nyl-dal-2026-07-16,spread_implies_ml,wnba-nyl-dal-2026-07-16-spread-home-1pt5,wnba-nyl-dal-2026-07-16,0.51,0.49,0.02,0.005,9.0,0.02,True,True
2026-07-17T03:31:17+00:00,wnba-nyl-dal-2026-07-16,spread_implies_ml,wnba-nyl-dal-2026-07-16-spread-home-1pt5,wnba-nyl-dal-2026-07-16,0.51,0.49,0.02,0.005,9.0,0.02,True,True
2026-07-17T03:31:42+00:00,wnba-nyl-dal-2026-07-16,spread_implies_ml,wnba-nyl-dal-2026-07-16-spread-home-1pt5,wnba-nyl-dal-2026-07-16,0.51,0.49,0.02,0.005,9.0,0.02,True,True
2026-07-17T03:32:08+00:00,wnba-nyl-dal-2026-07-16,spread_implies_ml,wnba-nyl-dal-2026-07-16-spread-home-1pt5,wnba-nyl-dal-2026-07-16,0.51,0.49,0.02,0.005,19.0,0.02,True,True
2026-07-17T03:32:33+00:00,wnba-nyl-dal-2026-07-16,spread_implies_ml,wnba-nyl-dal-2026-07-16-spread-home-1pt5,wnba-nyl-dal-2026-07-16,0.51,0.48,0.03,0.015,10.0,0.03,True,True
2026-07-17T03:32:59+00:00,wnba-nyl-dal-2026-07-16,spread_implies_ml,wnba-nyl-dal-2026-07-16-spread-home-1pt5,wnba-nyl-dal-2026-07-16,0.51,0.48,0.03,0.015,10.0,0.01,True,True
2026-07-17T03:33:24+00:00,wnba-nyl-dal-2026-07-16,spread_implies_ml,wnba-nyl-dal-2026-07-16-spread-home-1pt5,wnba-nyl-dal-2026-07-16,0.51,0.5,0.01,-0.005,242.0,,,
2026-07-17T03:33:45+00:00,wnba-nyl-dal-2026-07-16,spread_implies_ml,wnba-nyl-dal-2026-07-16-spread-home-1pt5,wnba-nyl-dal-2026-07-16,0.51,0.5,0.01,-0.005,242.0,,,
2026-07-17T03:34:05+00:00,wnba-nyl-dal-2026-07-16,spread_implies_ml,wnba-nyl-dal-2026-07-16-spread-home-1pt5,wnba-nyl-dal-2026-07-16,0.51,0.5,0.01,-0.005,102.0,,,
2026-07-17T03:34:25+00:00,wnba-nyl-dal-2026-07-16,spread_implies_ml,wnba-nyl-dal-2026-07-16-spread-home-1pt5,wnba-nyl-dal-2026-07-16,0.51,0.5,0.01,-0.005,102.0,,,
2026-07-17T03:34:46+00:00,wnba-nyl-dal-2026-07-16,spread_implies_ml,wnba-nyl-dal-2026-07-16-spread-home-1pt5,wnba-nyl-dal-2026-07-16,0.51,0.5,0.01,-0.005,102.0,,,
2026-07-17T03:35:06+00:00,wnba-nyl-dal-2026-07-16,spread_implies_ml,wnba-nyl-dal-2026-07-16-spread-home-1pt5,wnba-nyl-dal-2026-07-16,0.51,0.5,0.01,-0.005,102.0,,,
2026-07-17T03:35:26+00:00,wnba-nyl-dal-2026-07-16,spread_implies_ml,wnba-nyl-dal-2026-07-16-spread-home-1pt5,wnba-nyl-dal-2026-07-16,0.51,0.5,0.01,-0.005,102.0,,,
2026-07-17T03:35:47+00:00,wnba-nyl-dal-2026-07-16,spread_implies_ml,wnba-nyl-dal-2026-07-16-spread-home-1pt5,wnba-nyl-dal-2026-07-16,0.51,0.5,0.01,-0.005,102.0,,,
2026-07-17T03:36:07+00:00,wnba-nyl-dal-2026-07-16,spread_implies_ml,wnba-nyl-dal-2026-07-16-spread-home-1pt5,wnba-nyl-dal-2026-07-16,0.51,0.5,0.01,-0.005,102.0,,,
2026-07-17T03:36:27+00:00,wnba-nyl-dal-2026-07-16,spread_implies_ml,wnba-nyl-dal-2026-07-16-spread-home-1pt5,wnba-nyl-dal-2026-07-16,0.51,0.5,0.01,-0.005,242.0,,,
2026-07-17T03:36:48+00:00,wnba-nyl-dal-2026-07-16,spread_implies_ml,wnba-nyl-dal-2026-07-16-spread-home-1pt5,wnba-nyl-dal-2026-07-16,0.51,0.5,0.01,-0.005,187.0,,,
2026-07-17T03:37:08+00:00,wnba-nyl-dal-2026-07-16,spread_implies_ml,wnba-nyl-dal-2026-07-16-spread-home-1pt5,wnba-nyl-dal-2026-07-16,0.51,0.5,0.01,-0.005,244.0,,,
2026-07-17T03:37:28+00:00,wnba-nyl-dal-2026-07-16,spread_implies_ml,wnba-nyl-dal-2026-07-16-spread-home-1pt5,wnba-nyl-dal-2026-07-16,0.51,0.5,0.01,-0.005,244.0,,,
2026-07-17T03:37:49+00:00,wnba-nyl-dal-2026-07-16,spread_implies_ml,wnba-nyl-dal-2026-07-16-spread-home-1pt5,wnba-nyl-dal-2026-07-16,0.51,0.5,0.01,-0.005,244.0,,,
2026-07-17T03:38:09+00:00,wnba-nyl-dal-2026-07-16,spread_implies_ml,wnba-nyl-dal-2026-07-16-spread-home-1pt5,wnba-nyl-dal-2026-07-16,0.51,0.49,0.02,0.005,30.0,0.02,True,True
2026-07-17T03:38:35+00:00,wnba-nyl-dal-2026-07-16,spread_implies_ml,wnba-nyl-dal-2026-07-16-spread-home-1pt5,wnba-nyl-dal-2026-07-16,0.51,0.49,0.02,0.005,170.0,0.02,True,True
2026-07-17T03:39:00+00:00,wnba-nyl-dal-2026-07-16,spread_implies_ml,wnba-nyl-dal-2026-07-16-spread-home-1pt5,wnba-nyl-dal-2026-07-16,0.51,0.48,0.03,0.015,170.0,0.03,True,True
2026-07-17T03:39:26+00:00,wnba-nyl-dal-2026-07-16,spread_implies_ml,wnba-nyl-dal-2026-07-16-spread-home-1pt5,wnba-nyl-dal-2026-07-16,0.51,0.48,0.03,0.015,170.0,0.03,True,True
2026-07-17T03:39:53+00:00,wnba-nyl-dal-2026-07-16,spread_implies_ml,wnba-nyl-dal-2026-07-16-spread-home-1pt5,wnba-nyl-dal-2026-07-16,0.51,0.48,0.03,0.015,30.0,0.03,True,True
2026-07-17T03:40:18+00:00,wnba-nyl-dal-2026-07-16,spread_implies_ml,wnba-nyl-dal-2026-07-16-spread-home-1pt5,wnba-nyl-dal-2026-07-16,0.51,0.48,0.03,0.015,30.0,0.03,True,True
2026-07-17T03:40:44+00:00,wnba-nyl-dal-2026-07-16,spread_implies_ml,wnba-nyl-dal-2026-07-16-spread-home-1pt5,wnba-nyl-dal-2026-07-16,0.51,0.48,0.03,0.015,30.0,0.03,True,True
2026-07-17T03:41:10+00:00,wnba-nyl-dal-2026-07-16,spread_implies_ml,wnba-nyl-dal-2026-07-16-spread-home-1pt5,wnba-nyl-dal-2026-07-16,0.51,0.48,0.03,0.015,30.0,0.03,True,True
2026-07-17T03:41:35+00:00,wnba-nyl-dal-2026-07-16,spread_implies_ml,wnba-nyl-dal-2026-07-16-spread-home-1pt5,wnba-nyl-dal-2026-07-16,0.51,0.48,0.03,0.015,30.0,0.03,True,True
2026-07-17T03:42:00+00:00,wnba-nyl-dal-2026-07-16,spread_implies_ml,wnba-nyl-dal-2026-07-16-spread-home-1pt5,wnba-nyl-dal-2026-07-16,0.51,0.48,0.03,0.015,30.0,0.03,True,True
2026-07-17T03:42:26+00:00,wnba-nyl-dal-2026-07-16,spread_implies_ml,wnba-nyl-dal-2026-07-16-spread-home-1pt5,wnba-nyl-dal-2026-07-16,0.51,0.48,0.03,0.015,20.0,0.03,True,True
2026-07-17T03:42:51+00:00,wnba-nyl-dal-2026-07-16,spread_implies_ml,wnba-nyl-dal-2026-07-16-spread-home-1pt5,wnba-nyl-dal-2026-07-16,0.51,0.48,0.03,0.015,170.0,0.03,True,True
2026-07-17T03:43:17+00:00,wnba-nyl-dal-2026-07-16,spread_implies_ml,wnba-nyl-dal-2026-07-16-spread-home-1pt5,wnba-nyl-dal-2026-07-16,0.51,0.48,0.03,0.015,30.0,0.03,True,True
2026-07-17T03:43:42+00:00,wnba-nyl-dal-2026-07-16,spread_implies_ml,wnba-nyl-dal-2026-07-16-spread-home-1pt5,wnba-nyl-dal-2026-07-16,0.51,0.48,0.03,0.015,30.0,0.04,True,True
2026-07-17T03:44:08+00:00,wnba-nyl-dal-2026-07-16,spread_implies_ml,wnba-nyl-dal-2026-07-16-spread-home-1pt5,wnba-nyl-dal-2026-07-16,0.51,0.48,0.03,0.015,20.0,0.03,True,True
2026-07-17T03:44:34+00:00,wnba-nyl-dal-2026-07-16,spread_implies_ml,wnba-nyl-dal-2026-07-16-spread-home-1pt5,wnba-nyl-dal-2026-07-16,0.51,0.48,0.03,0.015,20.0,0.03,True,True
2026-07-17T03:44:59+00:00,wnba-nyl-dal-2026-07-16,spread_implies_ml,wnba-nyl-dal-2026-07-16-spread-home-1pt5,wnba-nyl-dal-2026-07-16,0.51,0.48,0.03,0.015,30.0,0.03,True,True
2026-07-17T03:45:25+00:00,wnba-nyl-dal-2026-07-16,spread_implies_ml,wnba-nyl-dal-2026-07-16-spread-home-1pt5,wnba-nyl-dal-2026-07-16,0.51,0.48,0.03,0.015,20.0,0.03,True,True
2026-07-17T03:45:50+00:00,wnba-nyl-dal-2026-07-16,spread_implies_ml,wnba-nyl-dal-2026-07-16-spread-home-1pt5,wnba-nyl-dal-2026-07-16,0.51,0.48,0.03,0.015,20.0,0.03,True,True
2026-07-17T03:46:16+00:00,wnba-nyl-dal-2026-07-16,spread_implies_ml,wnba-nyl-dal-2026-07-16-spread-home-1pt5,wnba-nyl-dal-2026-07-16,0.51,0.48,0.03,0.015,20.0,0.03,True,True
2026-07-17T03:46:41+00:00,wnba-nyl-dal-2026-07-16,spread_implies_ml,wnba-nyl-dal-2026-07-16-spread-home-1pt5,wnba-nyl-dal-2026-07-16,0.51,0.48,0.03,0.015,20.0,0.03,True,True
2026-07-17T03:47:07+00:00,wnba-nyl-dal-2026-07-16,spread_implies_ml,wnba-nyl-dal-2026-07-16-spread-home-1pt5,wnba-nyl-dal-2026-07-16,0.51,0.48,0.03,0.015,160.0,0.03,True,True
2026-07-17T03:47:32+00:00,wnba-nyl-dal-2026-07-16,spread_implies_ml,wnba-nyl-dal-2026-07-16-spread-home-1pt5,wnba-nyl-dal-2026-07-16,0.51,0.48,0.03,0.015,10.0,0.02,True,True
2026-07-17T03:47:58+00:00,wnba-nyl-dal-2026-07-16,spread_implies_ml,wnba-nyl-dal-2026-07-16-spread-home-1pt5,wnba-nyl-dal-2026-07-16,0.51,0.49,0.02,0.005,40.0,0.02,True,True
2026-07-17T03:48:23+00:00,wnba-nyl-dal-2026-07-16,spread_implies_ml,wnba-nyl-dal-2026-07-16-spread-home-1pt5,wnba-nyl-dal-2026-07-16,0.51,0.49,0.02,0.005,40.0,0.02,True,True
2026-07-17T03:48:49+00:00,wnba-nyl-dal-2026-07-16,spread_implies_ml,wnba-nyl-dal-2026-07-16-spread-home-1pt5,wnba-nyl-dal-2026-07-16,0.51,0.49,0.02,0.005,30.0,0.02,True,True
2026-07-17T03:49:15+00:00,wnba-nyl-dal-2026-07-16,spread_implies_ml,wnba-nyl-dal-2026-07-16-spread-home-1pt5,wnba-nyl-dal-2026-07-16,0.51,0.49,0.02,0.005,30.0,0.02,True,True
2026-07-17T03:49:40+00:00,wnba-nyl-dal-2026-07-16,spread_implies_ml,wnba-nyl-dal-2026-07-16-spread-home-1pt5,wnba-nyl-dal-2026-07-16,0.51,0.48,0.03,0.015,30.0,0.03,True,True
2026-07-17T03:50:07+00:00,wnba-nyl-dal-2026-07-16,spread_implies_ml,wnba-nyl-dal-2026-07-16-spread-home-1pt5,wnba-nyl-dal-2026-07-16,0.51,0.48,0.03,0.015,30.0,0.03,True,True
2026-07-17T03:50:32+00:00,wnba-nyl-dal-2026-07-16,spread_implies_ml,wnba-nyl-dal-2026-07-16-spread-home-1pt5,wnba-nyl-dal-2026-07-16,0.51,0.5,0.01,-0.005,57.0,,,
2026-07-17T03:50:53+00:00,wnba-nyl-dal-2026-07-16,spread_implies_ml,wnba-nyl-dal-2026-07-16-spread-home-1pt5,wnba-nyl-dal-2026-07-16,0.51,0.5,0.01,-0.005,57.0,,,
2026-07-17T03:51:13+00:00,wnba-nyl-dal-2026-07-16,spread_implies_ml,wnba-nyl-dal-2026-07-16-spread-home-1pt5,wnba-nyl-dal-2026-07-16,0.51,0.5,0.01,-0.005,47.0,,,
2026-07-17T03:51:33+00:00,wnba-nyl-dal-2026-07-16,spread_implies_ml,wnba-nyl-dal-2026-07-16-spread-home-1pt5,wnba-nyl-dal-2026-07-16,0.51,0.5,0.01,-0.005,47.0,,,
2026-07-17T03:51:54+00:00,wnba-nyl-dal-2026-07-16,spread_implies_ml,wnba-nyl-dal-2026-07-16-spread-home-1pt5,wnba-nyl-dal-2026-07-16,0.51,0.5,0.01,-0.005,47.0,,,
2026-07-17T03:52:14+00:00,wnba-nyl-dal-2026-07-16,spread_implies_ml,wnba-nyl-dal-2026-07-16-spread-home-1pt5,wnba-nyl-dal-2026-07-16,0.51,0.5,0.01,-0.005,47.0,,,
2026-07-17T03:52:34+00:00,wnba-nyl-dal-2026-07-16,spread_implies_ml,wnba-nyl-dal-2026-07-16-spread-home-1pt5,wnba-nyl-dal-2026-07-16,0.51,0.5,0.01,-0.005,47.0,,,
2026-07-17T03:52:55+00:00,wnba-nyl-dal-2026-07-16,spread_implies_ml,wnba-nyl-dal-2026-07-16-spread-home-1pt5,wnba-nyl-dal-2026-07-16,0.51,0.5,0.01,-0.005,47.0,,,
2026-07-17T03:53:15+00:00,wnba-nyl-dal-2026-07-16,spread_implies_ml,wnba-nyl-dal-2026-07-16-spread-home-1pt5,wnba-nyl-dal-2026-07-16,0.51,0.5,0.01,-0.005,47.0,,,
2026-07-17T03:53:35+00:00,wnba-nyl-dal-2026-07-16,spread_implies_ml,wnba-nyl-dal-2026-07-16-spread-home-1pt5,wnba-nyl-dal-2026-07-16,0.51,0.5,0.01,-0.005,47.0,,,
2026-07-17T03:53:56+00:00,wnba-nyl-dal-2026-07-16,spread_implies_ml,wnba-nyl-dal-2026-07-16-spread-home-1pt5,wnba-nyl-dal-2026-07-16,0.51,0.5,0.01,-0.005,47.0,,,
2026-07-17T03:54:16+00:00,wnba-nyl-dal-2026-07-16,spread_implies_ml,wnba-nyl-dal-2026-07-16-spread-home-1pt5,wnba-nyl-dal-2026-07-16,0.51,0.5,0.01,-0.005,47.0,,,
2026-07-17T03:54:36+00:00,wnba-nyl-dal-2026-07-16,spread_implies_ml,wnba-nyl-dal-2026-07-16-spread-home-1pt5,wnba-nyl-dal-2026-07-16,0.51,0.5,0.01,-0.005,47.0,,,
2026-07-17T03:54:57+00:00,wnba-nyl-dal-2026-07-16,spread_implies_ml,wnba-nyl-dal-2026-07-16-spread-home-1pt5,wnba-nyl-dal-2026-07-16,0.51,0.5,0.01,-0.005,47.0,,,
2026-07-17T03:55:17+00:00,wnba-nyl-dal-2026-07-16,spread_implies_ml,wnba-nyl-dal-2026-07-16-spread-home-1pt5,wnba-nyl-dal-2026-07-16,0.51,0.5,0.01,-0.005,47.0,,,
2026-07-17T03:55:37+00:00,wnba-nyl-dal-2026-07-16,spread_implies_ml,wnba-nyl-dal-2026-07-16-spread-home-1pt5,wnba-nyl-dal-2026-07-16,0.51,0.5,0.01,-0.005,56.0,,,
2026-07-17T03:55:58+00:00,wnba-nyl-dal-2026-07-16,spread_implies_ml,wnba-nyl-dal-2026-07-16-spread-home-1pt5,wnba-nyl-dal-2026-07-16,0.51,0.5,0.01,-0.005,56.0,,,
2026-07-17T03:56:18+00:00,wnba-nyl-dal-2026-07-16,spread_implies_ml,wnba-nyl-dal-2026-07-16-spread-home-1pt5,wnba-nyl-dal-2026-07-16,0.51,0.5,0.01,-0.005,56.0,,,
2026-07-17T03:56:38+00:00,wnba-nyl-dal-2026-07-16,spread_implies_ml,wnba-nyl-dal-2026-07-16-spread-home-1pt5,wnba-nyl-dal-2026-07-16,0.51,0.5,0.01,-0.005,56.0,,,
2026-07-17T03:56:59+00:00,wnba-nyl-dal-2026-07-16,spread_implies_ml,wnba-nyl-dal-2026-07-16-spread-home-1pt5,wnba-nyl-dal-2026-07-16,0.51,0.5,0.01,-0.005,56.0,,,
2026-07-17T03:57:19+00:00,wnba-nyl-dal-2026-07-16,spread_implies_ml,wnba-nyl-dal-2026-07-16-spread-home-1pt5,wnba-nyl-dal-2026-07-16,0.51,0.5,0.01,-0.005,56.0,,,
2026-07-17T03:57:39+00:00,wnba-nyl-dal-2026-07-16,spread_implies_ml,wnba-nyl-dal-2026-07-16-spread-home-1pt5,wnba-nyl-dal-2026-07-16,0.51,0.5,0.01,-0.005,56.0,,,
2026-07-17T03:58:00+00:00,wnba-nyl-dal-2026-07-16,spread_implies_ml,wnba-nyl-dal-2026-07-16-spread-home-1pt5,wnba-nyl-dal-2026-07-16,0.51,0.5,0.01,-0.005,56.0,,,
2026-07-17T03:58:20+00:00,wnba-nyl-dal-2026-07-16,spread_implies_ml,wnba-nyl-dal-2026-07-16-spread-home-1pt5,wnba-nyl-dal-2026-07-16,0.51,0.5,0.01,-0.005,56.0,,,
2026-07-17T03:58:40+00:00,wnba-nyl-dal-2026-07-16,spread_implies_ml,wnba-nyl-dal-2026-07-16-spread-home-1pt5,wnba-nyl-dal-2026-07-16,0.51,0.5,0.01,-0.005,56.0,,,
2026-07-17T03:59:01+00:00,wnba-nyl-dal-2026-07-16,spread_implies_ml,wnba-nyl-dal-2026-07-16-spread-home-1pt5,wnba-nyl-dal-2026-07-16,0.51,0.5,0.01,-0.005,56.0,,,
2026-07-17T03:59:21+00:00,wnba-nyl-dal-2026-07-16,spread_implies_ml,wnba-nyl-dal-2026-07-16-spread-home-1pt5,wnba-nyl-dal-2026-07-16,0.51,0.5,0.01,-0.005,56.0,,,
2026-07-17T03:59:41+00:00,wnba-nyl-dal-2026-07-16,spread_implies_ml,wnba-nyl-dal-2026-07-16-spread-home-1pt5,wnba-nyl-dal-2026-07-16,0.51,0.5,0.01,-0.005,56.0,,,
2026-07-17T04:00:02+00:00,wnba-nyl-dal-2026-07-16,spread_implies_ml,wnba-nyl-dal-2026-07-16-spread-home-1pt5,wnba-nyl-dal-2026-07-16,0.51,0.5,0.01,-0.005,56.0,,,
2026-07-17T04:00:23+00:00,wnba-nyl-dal-2026-07-16,spread_implies_ml,wnba-nyl-dal-2026-07-16-spread-home-1pt5,wnba-nyl-dal-2026-07-16,0.51,0.5,0.01,-0.005,56.0,,,
2026-07-17T04:00:44+00:00,wnba-nyl-dal-2026-07-16,spread_implies_ml,wnba-nyl-dal-2026-07-16-spread-home-1pt5,wnba-nyl-dal-2026-07-16,0.51,0.5,0.01,-0.005,56.0,,,
2026-07-17T04:01:04+00:00,wnba-nyl-dal-2026-07-16,spread_implies_ml,wnba-nyl-dal-2026-07-16-spread-home-1pt5,wnba-nyl-dal-2026-07-16,0.51,0.5,0.01,-0.005,56.0,,,
2026-07-17T04:01:24+00:00,wnba-nyl-dal-2026-07-16,spread_implies_ml,wnba-nyl-dal-2026-07-16-spread-home-1pt5,wnba-nyl-dal-2026-07-16,0.51,0.5,0.01,-0.005,56.0,,,
2026-07-17T04:01:45+00:00,wnba-nyl-dal-2026-07-16,spread_implies_ml,wnba-nyl-dal-2026-07-16-spread-home-1pt5,wnba-nyl-dal-2026-07-16,0.51,0.5,0.01,-0.005,56.0,,,
2026-07-17T04:02:05+00:00,wnba-nyl-dal-2026-07-16,spread_implies_ml,wnba-nyl-dal-2026-07-16-spread-home-1pt5,wnba-nyl-dal-2026-07-16,0.51,0.5,0.01,-0.005,56.0,,,
2026-07-17T04:02:25+00:00,wnba-nyl-dal-2026-07-16,spread_implies_ml,wnba-nyl-dal-2026-07-16-spread-home-1pt5,wnba-nyl-dal-2026-07-16,0.51,0.5,0.01,-0.005,56.0,,,
2026-07-17T04:02:46+00:00,wnba-nyl-dal-2026-07-16,spread_implies_ml,wnba-nyl-dal-2026-07-16-spread-home-1pt5,wnba-nyl-dal-2026-07-16,0.51,0.5,0.01,-0.005,56.0,,,
2026-07-17T04:03:06+00:00,wnba-nyl-dal-2026-07-16,spread_implies_ml,wnba-nyl-dal-2026-07-16-spread-home-1pt5,wnba-nyl-dal-2026-07-16,0.51,0.5,0.01,-0.005,56.0,,,
2026-07-17T04:03:26+00:00,wnba-nyl-dal-2026-07-16,spread_implies_ml,wnba-nyl-dal-2026-07-16-spread-home-1pt5,wnba-nyl-dal-2026-07-16,0.51,0.5,0.01,-0.005,56.0,,,
2026-07-17T04:03:47+00:00,wnba-nyl-dal-2026-07-16,spread_implies_ml,wnba-nyl-dal-2026-07-16-spread-home-1pt5,wnba-nyl-dal-2026-07-16,0.51,0.5,0.01,-0.005,56.0,,,
2026-07-17T04:04:07+00:00,wnba-nyl-dal-2026-07-16,spread_implies_ml,wnba-nyl-dal-2026-07-16-spread-home-1pt5,wnba-nyl-dal-2026-07-16,0.51,0.5,0.01,-0.005,56.0,,,
2026-07-17T04:04:27+00:00,wnba-nyl-dal-2026-07-16,spread_implies_ml,wnba-nyl-dal-2026-07-16-spread-home-1pt5,wnba-nyl-dal-2026-07-16,0.51,0.5,0.01,-0.005,56.0,,,
2026-07-17T04:04:48+00:00,wnba-nyl-dal-2026-07-16,spread_implies_ml,wnba-nyl-dal-2026-07-16-spread-home-1pt5,wnba-nyl-dal-2026-07-16,0.51,0.5,0.01,-0.005,56.0,,,
2026-07-17T04:05:08+00:00,wnba-nyl-dal-2026-07-16,spread_implies_ml,wnba-nyl-dal-2026-07-16-spread-home-1pt5,wnba-nyl-dal-2026-07-16,0.51,0.5,0.01,-0.005,56.0,,,
2026-07-17T04:05:28+00:00,wnba-nyl-dal-2026-07-16,spread_implies_ml,wnba-nyl-dal-2026-07-16-spread-home-1pt5,wnba-nyl-dal-2026-07-16,0.51,0.5,0.01,-0.005,56.0,,,
2026-07-17T04:05:49+00:00,wnba-nyl-dal-2026-07-16,spread_implies_ml,wnba-nyl-dal-2026-07-16-spread-home-1pt5,wnba-nyl-dal-2026-07-16,0.51,0.5,0.01,-0.005,56.0,,,
2026-07-17T04:06:09+00:00,wnba-nyl-dal-2026-07-16,spread_implies_ml,wnba-nyl-dal-2026-07-16-spread-home-1pt5,wnba-nyl-dal-2026-07-16,0.51,0.5,0.01,-0.005,56.0,,,
2026-07-17T04:06:29+00:00,wnba-nyl-dal-2026-07-16,spread_implies_ml,wnba-nyl-dal-2026-07-16-spread-home-1pt5,wnba-nyl-dal-2026-07-16,0.51,0.5,0.01,-0.005,56.0,,,
2026-07-17T04:06:50+00:00,wnba-nyl-dal-2026-07-16,spread_implies_ml,wnba-nyl-dal-2026-07-16-spread-home-1pt5,wnba-nyl-dal-2026-07-16,0.51,0.5,0.01,-0.005,56.0,,,
2026-07-17T04:07:10+00:00,wnba-nyl-dal-2026-07-16,spread_implies_ml,wnba-nyl-dal-2026-07-16-spread-home-1pt5,wnba-nyl-dal-2026-07-16,0.51,0.5,0.01,-0.005,56.0,,,
2026-07-17T04:07:30+00:00,wnba-nyl-dal-2026-07-16,spread_implies_ml,wnba-nyl-dal-2026-07-16-spread-home-1pt5,wnba-nyl-dal-2026-07-16,0.51,0.5,0.01,-0.005,56.0,,,
2026-07-17T04:07:51+00:00,wnba-nyl-dal-2026-07-16,spread_implies_ml,wnba-nyl-dal-2026-07-16-spread-home-1pt5,wnba-nyl-dal-2026-07-16,0.51,0.5,0.01,-0.005,56.0,,,
2026-07-17T04:08:11+00:00,wnba-nyl-dal-2026-07-16,spread_implies_ml,wnba-nyl-dal-2026-07-16-spread-home-1pt5,wnba-nyl-dal-2026-07-16,0.51,0.5,0.01,-0.005,56.0,,,
2026-07-17T04:08:31+00:00,wnba-nyl-dal-2026-07-16,spread_implies_ml,wnba-nyl-dal-2026-07-16-spread-home-1pt5,wnba-nyl-dal-2026-07-16,0.51,0.5,0.01,-0.005,56.0,,,
2026-07-17T04:08:52+00:00,wnba-nyl-dal-2026-07-16,spread_implies_ml,wnba-nyl-dal-2026-07-16-spread-home-1pt5,wnba-nyl-dal-2026-07-16,0.51,0.5,0.01,-0.005,56.0,,,
2026-07-17T04:09:12+00:00,wnba-nyl-dal-2026-07-16,spread_implies_ml,wnba-nyl-dal-2026-07-16-spread-home-1pt5,wnba-nyl-dal-2026-07-16,0.51,0.5,0.01,-0.005,56.0,,,
2026-07-17T04:09:32+00:00,wnba-nyl-dal-2026-07-16,spread_implies_ml,wnba-nyl-dal-2026-07-16-spread-home-1pt5,wnba-nyl-dal-2026-07-16,0.51,0.5,0.01,-0.005,56.0,,,
2026-07-17T04:09:53+00:00,wnba-nyl-dal-2026-07-16,spread_implies_ml,wnba-nyl-dal-2026-07-16-spread-home-1pt5,wnba-nyl-dal-2026-07-16,0.51,0.5,0.01,-0.005,56.0,,,
2026-07-17T04:10:13+00:00,wnba-nyl-dal-2026-07-16,spread_implies_ml,wnba-nyl-dal-2026-07-16-spread-home-1pt5,wnba-nyl-dal-2026-07-16,0.51,0.5,0.01,-0.005,56.0,,,
2026-07-17T04:10:38+00:00,wnba-nyl-dal-2026-07-16,spread_implies_ml,wnba-nyl-dal-2026-07-16-spread-home-1pt5,wnba-nyl-dal-2026-07-16,0.51,0.5,0.01,-0.005,56.0,,,
2026-07-17T04:10:58+00:00,wnba-nyl-dal-2026-07-16,spread_implies_ml,wnba-nyl-dal-2026-07-16-spread-home-1pt5,wnba-nyl-dal-2026-07-16,0.51,0.5,0.01,-0.005,56.0,,,
2026-07-17T04:11:18+00:00,wnba-nyl-dal-2026-07-16,spread_implies_ml,wnba-nyl-dal-2026-07-16-spread-home-1pt5,wnba-nyl-dal-2026-07-16,0.51,0.5,0.01,-0.005,56.0,,,
2026-07-17T04:41:10+00:00,wnba-nyl-dal-2026-07-16,spread_implies_ml,wnba-nyl-dal-2026-07-16-spread-home-1pt5,wnba-nyl-dal-2026-07-16,0.51,0.5,0.01,-0.005,20.0,,,
2026-07-17T04:41:30+00:00,wnba-nyl-dal-2026-07-16,spread_implies_ml,wnba-nyl-dal-2026-07-16-spread-home-1pt5,wnba-nyl-dal-2026-07-16,0.51,0.5,0.01,-0.005,40.0,,,
2026-07-17T04:41:51+00:00,wnba-nyl-dal-2026-07-16,spread_implies_ml,wnba-nyl-dal-2026-07-16-spread-home-1pt5,wnba-nyl-dal-2026-07-16,0.51,0.5,0.01,-0.005,40.0,,,
2026-07-17T04:42:11+00:00,wnba-nyl-dal-2026-07-16,spread_implies_ml,wnba-nyl-dal-2026-07-16-spread-home-1pt5,wnba-nyl-dal-2026-07-16,0.51,0.5,0.01,-0.005,40.0,,,
2026-07-17T04:42:31+00:00,wnba-nyl-dal-2026-07-16,spread_implies_ml,wnba-nyl-dal-2026-07-16-spread-home-1pt5,wnba-nyl-dal-2026-07-16,0.51,0.5,0.01,-0.005,40.0,,,
2026-07-17T04:42:52+00:00,wnba-nyl-dal-2026-07-16,spread_implies_ml,wnba-nyl-dal-2026-07-16-spread-home-1pt5,wnba-nyl-dal-2026-07-16,0.51,0.5,0.01,-0.005,40.0,,,
2026-07-17T04:43:12+00:00,wnba-nyl-dal-2026-07-16,spread_implies_ml,wnba-nyl-dal-2026-07-16-spread-home-1pt5,wnba-nyl-dal-2026-07-16,0.51,0.5,0.01,-0.005,40.0,,,
2026-07-17T04:43:32+00:00,wnba-nyl-dal-2026-07-16,spread_implies_ml,wnba-nyl-dal-2026-07-16-spread-home-1pt5,wnba-nyl-dal-2026-07-16,0.51,0.5,0.01,-0.005,40.0,,,
2026-07-17T04:43:52+00:00,wnba-nyl-dal-2026-07-16,spread_implies_ml,wnba-nyl-dal-2026-07-16-spread-home-1pt5,wnba-nyl-dal-2026-07-16,0.51,0.5,0.01,-0.005,40.0,,,
2026-07-17T04:44:13+00:00,wnba-nyl-dal-2026-07-16,spread_implies_ml,wnba-nyl-dal-2026-07-16-spread-home-1pt5,wnba-nyl-dal-2026-07-16,0.51,0.5,0.01,-0.005,40.0,,,
2026-07-17T04:44:33+00:00,wnba-nyl-dal-2026-07-16,spread_implies_ml,wnba-nyl-dal-2026-07-16-spread-home-1pt5,wnba-nyl-dal-2026-07-16,0.51,0.5,0.01,-0.005,40.0,,,
2026-07-17T04:44:53+00:00,wnba-nyl-dal-2026-07-16,spread_implies_ml,wnba-nyl-dal-2026-07-16-spread-home-1pt5,wnba-nyl-dal-2026-07-16,0.51,0.5,0.01,-0.005,30.0,,,
2026-07-17T04:45:14+00:00,wnba-nyl-dal-2026-07-16,spread_implies_ml,wnba-nyl-dal-2026-07-16-spread-home-1pt5,wnba-nyl-dal-2026-07-16,0.51,0.5,0.01,-0.005,30.0,,,
2026-07-17T04:45:34+00:00,wnba-nyl-dal-2026-07-16,spread_implies_ml,wnba-nyl-dal-2026-07-16-spread-home-1pt5,wnba-nyl-dal-2026-07-16,0.51,0.5,0.01,-0.005,30.0,,,
2026-07-17T04:45:54+00:00,wnba-nyl-dal-2026-07-16,spread_implies_ml,wnba-nyl-dal-2026-07-16-spread-home-1pt5,wnba-nyl-dal-2026-07-16,0.51,0.5,0.01,-0.005,30.0,,,
2026-07-17T04:46:15+00:00,wnba-nyl-dal-2026-07-16,spread_implies_ml,wnba-nyl-dal-2026-07-16-spread-home-1pt5,wnba-nyl-dal-2026-07-16,0.51,0.5,0.01,-0.005,30.0,,,
2026-07-17T04:46:35+00:00,wnba-nyl-dal-2026-07-16,spread_implies_ml,wnba-nyl-dal-2026-07-16-spread-home-1pt5,wnba-nyl-dal-2026-07-16,0.51,0.5,0.01,-0.005,40.0,,,
2026-07-17T04:46:55+00:00,wnba-nyl-dal-2026-07-16,spread_implies_ml,wnba-nyl-dal-2026-07-16-spread-home-1pt5,wnba-nyl-dal-2026-07-16,0.51,0.5,0.01,-0.005,40.0,,,
2026-07-17T04:47:16+00:00,wnba-nyl-dal-2026-07-16,spread_implies_ml,wnba-nyl-dal-2026-07-16-spread-home-1pt5,wnba-nyl-dal-2026-07-16,0.51,0.5,0.01,-0.005,40.0,,,
2026-07-17T04:47:36+00:00,wnba-nyl-dal-2026-07-16,spread_implies_ml,wnba-nyl-dal-2026-07-16-spread-home-1pt5,wnba-nyl-dal-2026-07-16,0.51,0.5,0.01,-0.005,40.0,,,
2026-07-17T04:47:56+00:00,wnba-nyl-dal-2026-07-16,spread_implies_ml,wnba-nyl-dal-2026-07-16-spread-home-1pt5,wnba-nyl-dal-2026-07-16,0.51,0.5,0.01,-0.005,40.0,,,
2026-07-17T04:48:17+00:00,wnba-nyl-dal-2026-07-16,spread_implies_ml,wnba-nyl-dal-2026-07-16-spread-home-1pt5,wnba-nyl-dal-2026-07-16,0.51,0.5,0.01,-0.005,40.0,,,
2026-07-17T04:48:37+00:00,wnba-nyl-dal-2026-07-16,spread_implies_ml,wnba-nyl-dal-2026-07-16-spread-home-1pt5,wnba-nyl-dal-2026-07-16,0.51,0.5,0.01,-0.005,40.0,,,
2026-07-17T04:48:57+00:00,wnba-nyl-dal-2026-07-16,spread_implies_ml,wnba-nyl-dal-2026-07-16-spread-home-1pt5,wnba-nyl-dal-2026-07-16,0.51,0.5,0.01,-0.005,40.0,,,
2026-07-17T04:49:18+00:00,wnba-nyl-dal-2026-07-16,spread_implies_ml,wnba-nyl-dal-2026-07-16-spread-home-1pt5,wnba-nyl-dal-2026-07-16,0.51,0.5,0.01,-0.005,40.0,,,
2026-07-17T04:49:38+00:00,wnba-nyl-dal-2026-07-16,spread_implies_ml,wnba-nyl-dal-2026-07-16-spread-home-1pt5,wnba-nyl-dal-2026-07-16,0.51,0.5,0.01,-0.005,20.0,,,
2026-07-17T04:49:58+00:00,wnba-nyl-dal-2026-07-16,spread_implies_ml,wnba-nyl-dal-2026-07-16-spread-home-1pt5,wnba-nyl-dal-2026-07-16,0.51,0.5,0.01,-0.005,20.0,,,
2026-07-17T04:50:19+00:00,wnba-nyl-dal-2026-07-16,spread_implies_ml,wnba-nyl-dal-2026-07-16-spread-home-1pt5,wnba-nyl-dal-2026-07-16,0.51,0.5,0.01,-0.005,20.0,,,
2026-07-17T04:50:39+00:00,wnba-nyl-dal-2026-07-16,spread_implies_ml,wnba-nyl-dal-2026-07-16-spread-home-1pt5,wnba-nyl-dal-2026-07-16,0.51,0.5,0.01,-0.005,30.0,,,
2026-07-17T04:50:59+00:00,wnba-nyl-dal-2026-07-16,spread_implies_ml,wnba-nyl-dal-2026-07-16-spread-home-1pt5,wnba-nyl-dal-2026-07-16,0.51,0.5,0.01,-0.005,30.0,,,
2026-07-17T04:51:21+00:00,wnba-nyl-dal-2026-07-16,spread_implies_ml,wnba-nyl-dal-2026-07-16-spread-home-1pt5,wnba-nyl-dal-2026-07-16,0.51,0.5,0.01,-0.005,30.0,,,
2026-07-17T04:51:41+00:00,wnba-nyl-dal-2026-07-16,spread_implies_ml,wnba-nyl-dal-2026-07-16-spread-home-1pt5,wnba-nyl-dal-2026-07-16,0.51,0.5,0.01,-0.005,30.0,,,
2026-07-17T04:52:01+00:00,wnba-nyl-dal-2026-07-16,spread_implies_ml,wnba-nyl-dal-2026-07-16-spread-home-1pt5,wnba-nyl-dal-2026-07-16,0.51,0.5,0.01,-0.005,30.0,,,
2026-07-17T04:52:22+00:00,wnba-nyl-dal-2026-07-16,spread_implies_ml,wnba-nyl-dal-2026-07-16-spread-home-1pt5,wnba-nyl-dal-2026-07-16,0.51,0.5,0.01,-0.005,30.0,,,
2026-07-17T04:52:42+00:00,wnba-nyl-dal-2026-07-16,spread_implies_ml,wnba-nyl-dal-2026-07-16-spread-home-1pt5,wnba-nyl-dal-2026-07-16,0.51,0.5,0.01,-0.005,30.0,,,
2026-07-17T04:53:02+00:00,wnba-nyl-dal-2026-07-16,spread_implies_ml,wnba-nyl-dal-2026-07-16-spread-home-1pt5,wnba-nyl-dal-2026-07-16,0.51,0.5,0.01,-0.005,30.0,,,
2026-07-17T04:53:23+00:00,wnba-nyl-dal-2026-07-16,spread_implies_ml,wnba-nyl-dal-2026-07-16-spread-home-1pt5,wnba-nyl-dal-2026-07-16,0.51,0.5,0.01,-0.005,30.0,,,
2026-07-17T04:53:43+00:00,wnba-nyl-dal-2026-07-16,spread_implies_ml,wnba-nyl-dal-2026-07-16-spread-home-1pt5,wnba-nyl-dal-2026-07-16,0.51,0.5,0.01,-0.005,30.0,,,
2026-07-17T04:54:03+00:00,wnba-nyl-dal-2026-07-16,spread_implies_ml,wnba-nyl-dal-2026-07-16-spread-home-1pt5,wnba-nyl-dal-2026-07-16,0.51,0.5,0.01,-0.005,30.0,,,
2026-07-17T04:54:23+00:00,wnba-nyl-dal-2026-07-16,spread_implies_ml,wnba-nyl-dal-2026-07-16-spread-home-1pt5,wnba-nyl-dal-2026-07-16,0.51,0.5,0.01,-0.005,30.0,,,
2026-07-17T04:54:44+00:00,wnba-nyl-dal-2026-07-16,spread_implies_ml,wnba-nyl-dal-2026-07-16-spread-home-1pt5,wnba-nyl-dal-2026-07-16,0.51,0.5,0.01,-0.005,30.0,,,
2026-07-17T04:55:04+00:00,wnba-nyl-dal-2026-07-16,spread_implies_ml,wnba-nyl-dal-2026-07-16-spread-home-1pt5,wnba-nyl-dal-2026-07-16,0.51,0.5,0.01,-0.005,30.0,,,
2026-07-17T04:55:24+00:00,wnba-nyl-dal-2026-07-16,spread_implies_ml,wnba-nyl-dal-2026-07-16-spread-home-1pt5,wnba-nyl-dal-2026-07-16,0.51,0.5,0.01,-0.005,30.0,,,
2026-07-17T04:55:45+00:00,wnba-nyl-dal-2026-07-16,spread_implies_ml,wnba-nyl-dal-2026-07-16-spread-home-1pt5,wnba-nyl-dal-2026-07-16,0.51,0.5,0.01,-0.005,30.0,,,
2026-07-17T04:56:05+00:00,wnba-nyl-dal-2026-07-16,spread_implies_ml,wnba-nyl-dal-2026-07-16-spread-home-1pt5,wnba-nyl-dal-2026-07-16,0.51,0.5,0.01,-0.005,30.0,,,
2026-07-17T04:56:25+00:00,wnba-nyl-dal-2026-07-16,spread_implies_ml,wnba-nyl-dal-2026-07-16-spread-home-1pt5,wnba-nyl-dal-2026-07-16,0.51,0.5,0.01,-0.005,30.0,,,
2026-07-17T04:56:46+00:00,wnba-nyl-dal-2026-07-16,spread_implies_ml,wnba-nyl-dal-2026-07-16-spread-home-1pt5,wnba-nyl-dal-2026-07-16,0.51,0.5,0.01,-0.005,30.0,,,
2026-07-17T04:57:06+00:00,wnba-nyl-dal-2026-07-16,spread_implies_ml,wnba-nyl-dal-2026-07-16-spread-home-1pt5,wnba-nyl-dal-2026-07-16,0.51,0.5,0.01,-0.005,30.0,,,
2026-07-17T04:57:26+00:00,wnba-nyl-dal-2026-07-16,spread_implies_ml,wnba-nyl-dal-2026-07-16-spread-home-1pt5,wnba-nyl-dal-2026-07-16,0.51,0.5,0.01,-0.005,30.0,,,
2026-07-17T04:57:47+00:00,wnba-nyl-dal-2026-07-16,spread_implies_ml,wnba-nyl-dal-2026-07-16-spread-home-1pt5,wnba-nyl-dal-2026-07-16,0.51,0.5,0.01,-0.005,30.0,,,
2026-07-17T04:58:07+00:00,wnba-nyl-dal-2026-07-16,spread_implies_ml,wnba-nyl-dal-2026-07-16-spread-home-1pt5,wnba-nyl-dal-2026-07-16,0.51,0.5,0.01,-0.005,30.0,,,
2026-07-17T04:58:27+00:00,wnba-nyl-dal-2026-07-16,spread_implies_ml,wnba-nyl-dal-2026-07-16-spread-home-1pt5,wnba-nyl-dal-2026-07-16,0.51,0.5,0.01,-0.005,30.0,,,
2026-07-17T04:58:48+00:00,wnba-nyl-dal-2026-07-16,spread_implies_ml,wnba-nyl-dal-2026-07-16-spread-home-1pt5,wnba-nyl-dal-2026-07-16,0.51,0.5,0.01,-0.005,30.0,,,
2026-07-17T04:59:08+00:00,wnba-nyl-dal-2026-07-16,spread_implies_ml,wnba-nyl-dal-2026-07-16-spread-home-1pt5,wnba-nyl-dal-2026-07-16,0.51,0.5,0.01,-0.005,30.0,,,
2026-07-17T04:59:28+00:00,wnba-nyl-dal-2026-07-16,spread_implies_ml,wnba-nyl-dal-2026-07-16-spread-home-1pt5,wnba-nyl-dal-2026-07-16,0.51,0.5,0.01,-0.005,30.0,,,
2026-07-17T04:59:49+00:00,wnba-nyl-dal-2026-07-16,spread_implies_ml,wnba-nyl-dal-2026-07-16-spread-home-1pt5,wnba-nyl-dal-2026-07-16,0.51,0.5,0.01,-0.005,30.0,,,
2026-07-17T05:00:09+00:00,wnba-nyl-dal-2026-07-16,spread_implies_ml,wnba-nyl-dal-2026-07-16-spread-home-1pt5,wnba-nyl-dal-2026-07-16,0.51,0.5,0.01,-0.005,30.0,,,
2026-07-17T05:00:29+00:00,wnba-nyl-dal-2026-07-16,spread_implies_ml,wnba-nyl-dal-2026-07-16-spread-home-1pt5,wnba-nyl-dal-2026-07-16,0.51,0.5,0.01,-0.005,30.0,,,
2026-07-17T05:00:50+00:00,wnba-nyl-dal-2026-07-16,spread_implies_ml,wnba-nyl-dal-2026-07-16-spread-home-1pt5,wnba-nyl-dal-2026-07-16,0.51,0.5,0.01,-0.005,30.0,,,
2026-07-17T05:01:10+00:00,wnba-nyl-dal-2026-07-16,spread_implies_ml,wnba-nyl-dal-2026-07-16-spread-home-1pt5,wnba-nyl-dal-2026-07-16,0.51,0.5,0.01,-0.005,30.0,,,
2026-07-17T05:01:31+00:00,wnba-nyl-dal-2026-07-16,spread_implies_ml,wnba-nyl-dal-2026-07-16-spread-home-1pt5,wnba-nyl-dal-2026-07-16,0.51,0.5,0.01,-0.005,30.0,,,
2026-07-17T05:01:52+00:00,wnba-nyl-dal-2026-07-16,spread_implies_ml,wnba-nyl-dal-2026-07-16-spread-home-1pt5,wnba-nyl-dal-2026-07-16,0.51,0.5,0.01,-0.005,30.0,,,
2026-07-17T05:02:12+00:00,wnba-nyl-dal-2026-07-16,spread_implies_ml,wnba-nyl-dal-2026-07-16-spread-home-1pt5,wnba-nyl-dal-2026-07-16,0.51,0.5,0.01,-0.005,30.0,,,
2026-07-17T05:02:32+00:00,wnba-nyl-dal-2026-07-16,spread_implies_ml,wnba-nyl-dal-2026-07-16-spread-home-1pt5,wnba-nyl-dal-2026-07-16,0.51,0.5,0.01,-0.005,30.0,,,
2026-07-17T05:02:53+00:00,wnba-nyl-dal-2026-07-16,spread_implies_ml,wnba-nyl-dal-2026-07-16-spread-home-1pt5,wnba-nyl-dal-2026-07-16,0.51,0.5,0.01,-0.005,30.0,,,
2026-07-17T05:03:13+00:00,wnba-nyl-dal-2026-07-16,spread_implies_ml,wnba-nyl-dal-2026-07-16-spread-home-1pt5,wnba-nyl-dal-2026-07-16,0.51,0.5,0.01,-0.005,30.0,,,
2026-07-17T05:03:33+00:00,wnba-nyl-dal-2026-07-16,spread_implies_ml,wnba-nyl-dal-2026-07-16-spread-home-1pt5,wnba-nyl-dal-2026-07-16,0.51,0.5,0.01,-0.005,102.0,,,
2026-07-17T05:03:54+00:00,wnba-nyl-dal-2026-07-16,spread_implies_ml,wnba-nyl-dal-2026-07-16-spread-home-1pt5,wnba-nyl-dal-2026-07-16,0.51,0.5,0.01,-0.005,102.0,,,
2026-07-17T05:04:14+00:00,wnba-nyl-dal-2026-07-16,spread_implies_ml,wnba-nyl-dal-2026-07-16-spread-home-1pt5,wnba-nyl-dal-2026-07-16,0.51,0.5,0.01,-0.005,102.0,,,
2026-07-17T05:04:34+00:00,wnba-nyl-dal-2026-07-16,spread_implies_ml,wnba-nyl-dal-2026-07-16-spread-home-1pt5,wnba-nyl-dal-2026-07-16,0.51,0.5,0.01,-0.005,102.0,,,
2026-07-17T05:04:55+00:00,wnba-nyl-dal-2026-07-16,spread_implies_ml,wnba-nyl-dal-2026-07-16-spread-home-1pt5,wnba-nyl-dal-2026-07-16,0.51,0.5,0.01,-0.005,102.0,,,
2026-07-17T05:05:15+00:00,wnba-nyl-dal-2026-07-16,spread_implies_ml,wnba-nyl-dal-2026-07-16-spread-home-1pt5,wnba-nyl-dal-2026-07-16,0.51,0.5,0.01,-0.005,102.0,,,
2026-07-17T05:05:35+00:00,wnba-nyl-dal-2026-07-16,spread_implies_ml,wnba-nyl-dal-2026-07-16-spread-home-1pt5,wnba-nyl-dal-2026-07-16,0.51,0.5,0.01,-0.005,102.0,,,
2026-07-17T05:05:56+00:00,wnba-nyl-dal-2026-07-16,spread_implies_ml,wnba-nyl-dal-2026-07-16-spread-home-1pt5,wnba-nyl-dal-2026-07-16,0.51,0.5,0.01,-0.005,102.0,,,
2026-07-17T05:06:16+00:00,wnba-nyl-dal-2026-07-16,spread_implies_ml,wnba-nyl-dal-2026-07-16-spread-home-1pt5,wnba-nyl-dal-2026-07-16,0.51,0.5,0.01,-0.005,102.0,,,
2026-07-17T05:06:36+00:00,wnba-nyl-dal-2026-07-16,spread_implies_ml,wnba-nyl-dal-2026-07-16-spread-home-1pt5,wnba-nyl-dal-2026-07-16,0.51,0.5,0.01,-0.005,102.0,,,
2026-07-17T05:06:56+00:00,wnba-nyl-dal-2026-07-16,spread_implies_ml,wnba-nyl-dal-2026-07-16-spread-home-1pt5,wnba-nyl-dal-2026-07-16,0.51,0.5,0.01,-0.005,102.0,,,
2026-07-17T05:07:17+00:00,wnba-nyl-dal-2026-07-16,spread_implies_ml,wnba-nyl-dal-2026-07-16-spread-home-1pt5,wnba-nyl-dal-2026-07-16,0.51,0.5,0.01,-0.005,102.0,,,
2026-07-17T05:07:37+00:00,wnba-nyl-dal-2026-07-16,spread_implies_ml,wnba-nyl-dal-2026-07-16-spread-home-1pt5,wnba-nyl-dal-2026-07-16,0.51,0.5,0.01,-0.005,102.0,,,
2026-07-17T05:07:57+00:00,wnba-nyl-dal-2026-07-16,spread_implies_ml,wnba-nyl-dal-2026-07-16-spread-home-1pt5,wnba-nyl-dal-2026-07-16,0.51,0.5,0.01,-0.005,102.0,,,
2026-07-17T05:08:18+00:00,wnba-nyl-dal-2026-07-16,spread_implies_ml,wnba-nyl-dal-2026-07-16-spread-home-1pt5,wnba-nyl-dal-2026-07-16,0.51,0.5,0.01,-0.005,102.0,,,
2026-07-17T05:08:38+00:00,wnba-nyl-dal-2026-07-16,spread_implies_ml,wnba-nyl-dal-2026-07-16-spread-home-1pt5,wnba-nyl-dal-2026-07-16,0.51,0.5,0.01,-0.005,102.0,,,
2026-07-17T05:08:58+00:00,wnba-nyl-dal-2026-07-16,spread_implies_ml,wnba-nyl-dal-2026-07-16-spread-home-1pt5,wnba-nyl-dal-2026-07-16,0.51,0.5,0.01,-0.005,92.0,,,
2026-07-17T05:09:19+00:00,wnba-nyl-dal-2026-07-16,spread_implies_ml,wnba-nyl-dal-2026-07-16-spread-home-1pt5,wnba-nyl-dal-2026-07-16,0.51,0.5,0.01,-0.005,92.0,,,
2026-07-17T05:09:39+00:00,wnba-nyl-dal-2026-07-16,spread_implies_ml,wnba-nyl-dal-2026-07-16-spread-home-1pt5,wnba-nyl-dal-2026-07-16,0.51,0.5,0.01,-0.005,92.0,,,
2026-07-17T05:10:00+00:00,wnba-nyl-dal-2026-07-16,spread_implies_ml,wnba-nyl-dal-2026-07-16-spread-home-1pt5,wnba-nyl-dal-2026-07-16,0.51,0.5,0.01,-0.005,92.0,,,
2026-07-17T05:10:20+00:00,wnba-nyl-dal-2026-07-16,spread_implies_ml,wnba-nyl-dal-2026-07-16-spread-home-1pt5,wnba-nyl-dal-2026-07-16,0.51,0.5,0.01,-0.005,102.0,,,
2026-07-17T05:10:40+00:00,wnba-nyl-dal-2026-07-16,spread_implies_ml,wnba-nyl-dal-2026-07-16-spread-home-1pt5,wnba-nyl-dal-2026-07-16,0.51,0.5,0.01,-0.005,102.0,,,
2026-07-17T05:11:01+00:00,wnba-nyl-dal-2026-07-16,spread_implies_ml,wnba-nyl-dal-2026-07-16-spread-home-1pt5,wnba-nyl-dal-2026-07-16,0.51,0.5,0.01,-0.005,102.0,,,
2026-07-17T05:11:21+00:00,wnba-nyl-dal-2026-07-16,spread_implies_ml,wnba-nyl-dal-2026-07-16-spread-home-1pt5,wnba-nyl-dal-2026-07-16,0.51,0.5,0.01,-0.005,102.0,,,
2026-07-17T05:11:42+00:00,wnba-nyl-dal-2026-07-16,spread_implies_ml,wnba-nyl-dal-2026-07-16-spread-home-1pt5,wnba-nyl-dal-2026-07-16,0.51,0.5,0.01,-0.005,102.0,,,
2026-07-17T05:12:03+00:00,wnba-nyl-dal-2026-07-16,spread_implies_ml,wnba-nyl-dal-2026-07-16-spread-home-1pt5,wnba-nyl-dal-2026-07-16,0.51,0.5,0.01,-0.005,102.0,,,
2026-07-17T05:12:23+00:00,wnba-nyl-dal-2026-07-16,spread_implies_ml,wnba-nyl-dal-2026-07-16-spread-home-1pt5,wnba-nyl-dal-2026-07-16,0.51,0.5,0.01,-0.005,102.0,,,
2026-07-17T05:12:43+00:00,wnba-nyl-dal-2026-07-16,spread_implies_ml,wnba-nyl-dal-2026-07-16-spread-home-1pt5,wnba-nyl-dal-2026-07-16,0.51,0.5,0.01,-0.005,102.0,,,
2026-07-17T05:13:04+00:00,wnba-nyl-dal-2026-07-16,spread_implies_ml,wnba-nyl-dal-2026-07-16-spread-home-1pt5,wnba-nyl-dal-2026-07-16,0.51,0.5,0.01,-0.005,92.0,,,
2026-07-17T05:13:24+00:00,wnba-nyl-dal-2026-07-16,spread_implies_ml,wnba-nyl-dal-2026-07-16-spread-home-1pt5,wnba-nyl-dal-2026-07-16,0.51,0.5,0.01,-0.005,101.0,,,
2026-07-17T05:13:44+00:00,wnba-nyl-dal-2026-07-16,spread_implies_ml,wnba-nyl-dal-2026-07-16-spread-home-1pt5,wnba-nyl-dal-2026-07-16,0.51,0.5,0.01,-0.005,101.0,,,
2026-07-17T05:14:05+00:00,wnba-nyl-dal-2026-07-16,spread_implies_ml,wnba-nyl-dal-2026-07-16-spread-home-1pt5,wnba-nyl-dal-2026-07-16,0.51,0.5,0.01,-0.005,101.0,,,
2026-07-17T05:14:25+00:00,wnba-nyl-dal-2026-07-16,spread_implies_ml,wnba-nyl-dal-2026-07-16-spread-home-1pt5,wnba-nyl-dal-2026-07-16,0.51,0.5,0.01,-0.005,101.0,,,
2026-07-17T05:14:45+00:00,wnba-nyl-dal-2026-07-16,spread_implies_ml,wnba-nyl-dal-2026-07-16-spread-home-1pt5,wnba-nyl-dal-2026-07-16,0.51,0.5,0.01,-0.005,101.0,,,
2026-07-17T05:15:05+00:00,wnba-nyl-dal-2026-07-16,spread_implies_ml,wnba-nyl-dal-2026-07-16-spread-home-1pt5,wnba-nyl-dal-2026-07-16,0.51,0.5,0.01,-0.005,111.0,,,
2026-07-17T05:15:26+00:00,wnba-nyl-dal-2026-07-16,spread_implies_ml,wnba-nyl-dal-2026-07-16-spread-home-1pt5,wnba-nyl-dal-2026-07-16,0.51,0.5,0.01,-0.005,111.0,,,
2026-07-17T05:15:46+00:00,wnba-nyl-dal-2026-07-16,spread_implies_ml,wnba-nyl-dal-2026-07-16-spread-home-1pt5,wnba-nyl-dal-2026-07-16,0.51,0.5,0.01,-0.005,111.0,,,
2026-07-17T05:16:06+00:00,wnba-nyl-dal-2026-07-16,spread_implies_ml,wnba-nyl-dal-2026-07-16-spread-home-1pt5,wnba-nyl-dal-2026-07-16,0.51,0.5,0.01,-0.005,111.0,,,
2026-07-17T05:16:27+00:00,wnba-nyl-dal-2026-07-16,spread_implies_ml,wnba-nyl-dal-2026-07-16-spread-home-1pt5,wnba-nyl-dal-2026-07-16,0.51,0.5,0.01,-0.005,111.0,,,
2026-07-17T05:16:47+00:00,wnba-nyl-dal-2026-07-16,spread_implies_ml,wnba-nyl-dal-2026-07-16-spread-home-1pt5,wnba-nyl-dal-2026-07-16,0.51,0.5,0.01,-0.005,111.0,,,
2026-07-17T05:17:07+00:00,wnba-nyl-dal-2026-07-16,spread_implies_ml,wnba-nyl-dal-2026-07-16-spread-home-1pt5,wnba-nyl-dal-2026-07-16,0.51,0.5,0.01,-0.005,111.0,,,
2026-07-17T05:17:28+00:00,wnba-nyl-dal-2026-07-16,spread_implies_ml,wnba-nyl-dal-2026-07-16-spread-home-1pt5,wnba-nyl-dal-2026-07-16,0.51,0.5,0.01,-0.005,111.0,,,
2026-07-17T05:17:48+00:00,wnba-nyl-dal-2026-07-16,spread_implies_ml,wnba-nyl-dal-2026-07-16-spread-home-1pt5,wnba-nyl-dal-2026-07-16,0.51,0.5,0.01,-0.005,111.0,,,
2026-07-17T05:18:08+00:00,wnba-nyl-dal-2026-07-16,spread_implies_ml,wnba-nyl-dal-2026-07-16-spread-home-1pt5,wnba-nyl-dal-2026-07-16,0.51,0.5,0.01,-0.005,111.0,,,
2026-07-17T05:18:29+00:00,wnba-nyl-dal-2026-07-16,spread_implies_ml,wnba-nyl-dal-2026-07-16-spread-home-1pt5,wnba-nyl-dal-2026-07-16,0.51,0.5,0.01,-0.005,105.0,,,
2026-07-17T05:18:49+00:00,wnba-nyl-dal-2026-07-16,spread_implies_ml,wnba-nyl-dal-2026-07-16-spread-home-1pt5,wnba-nyl-dal-2026-07-16,0.51,0.5,0.01,-0.005,105.0,,,
2026-07-17T05:19:09+00:00,wnba-nyl-dal-2026-07-16,spread_implies_ml,wnba-nyl-dal-2026-07-16-spread-home-1pt5,wnba-nyl-dal-2026-07-16,0.51,0.5,0.01,-0.005,505.0,,,
2026-07-17T05:19:30+00:00,wnba-nyl-dal-2026-07-16,spread_implies_ml,wnba-nyl-dal-2026-07-16-spread-home-1pt5,wnba-nyl-dal-2026-07-16,0.51,0.5,0.01,-0.005,105.0,,,
2026-07-17T05:19:50+00:00,wnba-nyl-dal-2026-07-16,spread_implies_ml,wnba-nyl-dal-2026-07-16-spread-home-1pt5,wnba-nyl-dal-2026-07-16,0.51,0.5,0.01,-0.005,105.0,,,
2026-07-17T05:20:10+00:00,wnba-nyl-dal-2026-07-16,spread_implies_ml,wnba-nyl-dal-2026-07-16-spread-home-1pt5,wnba-nyl-dal-2026-07-16,0.51,0.5,0.01,-0.005,105.0,,,
2026-07-17T05:20:31+00:00,wnba-nyl-dal-2026-07-16,spread_implies_ml,wnba-nyl-dal-2026-07-16-spread-home-1pt5,wnba-nyl-dal-2026-07-16,0.51,0.5,0.01,-0.005,105.0,,,
2026-07-17T05:20:51+00:00,wnba-nyl-dal-2026-07-16,spread_implies_ml,wnba-nyl-dal-2026-07-16-spread-home-1pt5,wnba-nyl-dal-2026-07-16,0.51,0.5,0.01,-0.005,505.0,,,
2026-07-17T05:21:11+00:00,wnba-nyl-dal-2026-07-16,spread_implies_ml,wnba-nyl-dal-2026-07-16-spread-home-1pt5,wnba-nyl-dal-2026-07-16,0.51,0.5,0.01,-0.005,105.0,,,
2026-07-17T05:21:32+00:00,wnba-nyl-dal-2026-07-16,spread_implies_ml,wnba-nyl-dal-2026-07-16-spread-home-1pt5,wnba-nyl-dal-2026-07-16,0.51,0.5,0.01,-0.005,105.0,,,
2026-07-17T05:21:53+00:00,wnba-nyl-dal-2026-07-16,spread_implies_ml,wnba-nyl-dal-2026-07-16-spread-home-1pt5,wnba-nyl-dal-2026-07-16,0.51,0.5,0.01,-0.005,105.0,,,
2026-07-17T05:22:13+00:00,wnba-nyl-dal-2026-07-16,spread_implies_ml,wnba-nyl-dal-2026-07-16-spread-home-1pt5,wnba-nyl-dal-2026-07-16,0.51,0.5,0.01,-0.005,105.0,,,
2026-07-17T05:22:33+00:00,wnba-nyl-dal-2026-07-16,spread_implies_ml,wnba-nyl-dal-2026-07-16-spread-home-1pt5,wnba-nyl-dal-2026-07-16,0.51,0.5,0.01,-0.005,105.0,,,
2026-07-17T05:22:54+00:00,wnba-nyl-dal-2026-07-16,spread_implies_ml,wnba-nyl-dal-2026-07-16-spread-home-1pt5,wnba-nyl-dal-2026-07-16,0.51,0.5,0.01,-0.005,105.0,,,
2026-07-17T05:23:14+00:00,wnba-nyl-dal-2026-07-16,spread_implies_ml,wnba-nyl-dal-2026-07-16-spread-home-1pt5,wnba-nyl-dal-2026-07-16,0.51,0.5,0.01,-0.005,105.0,,,
2026-07-17T05:23:34+00:00,wnba-nyl-dal-2026-07-16,spread_implies_ml,wnba-nyl-dal-2026-07-16-spread-home-1pt5,wnba-nyl-dal-2026-07-16,0.51,0.5,0.01,-0.005,105.0,,,
2026-07-17T05:23:55+00:00,wnba-nyl-dal-2026-07-16,spread_implies_ml,wnba-nyl-dal-2026-07-16-spread-home-1pt5,wnba-nyl-dal-2026-07-16,0.51,0.5,0.01,-0.005,105.0,,,
2026-07-17T05:24:15+00:00,wnba-nyl-dal-2026-07-16,spread_implies_ml,wnba-nyl-dal-2026-07-16-spread-home-1pt5,wnba-nyl-dal-2026-07-16,0.51,0.5,0.01,-0.005,105.0,,,
2026-07-17T05:24:35+00:00,wnba-nyl-dal-2026-07-16,spread_implies_ml,wnba-nyl-dal-2026-07-16-spread-home-1pt5,wnba-nyl-dal-2026-07-16,0.51,0.5,0.01,-0.005,105.0,,,
2026-07-17T05:24:56+00:00,wnba-nyl-dal-2026-07-16,spread_implies_ml,wnba-nyl-dal-2026-07-16-spread-home-1pt5,wnba-nyl-dal-2026-07-16,0.51,0.5,0.01,-0.005,505.0,,,
2026-07-17T05:25:16+00:00,wnba-nyl-dal-2026-07-16,spread_implies_ml,wnba-nyl-dal-2026-07-16-spread-home-1pt5,wnba-nyl-dal-2026-07-16,0.51,0.5,0.01,-0.005,105.0,,,
2026-07-17T05:25:36+00:00,wnba-nyl-dal-2026-07-16,spread_implies_ml,wnba-nyl-dal-2026-07-16-spread-home-1pt5,wnba-nyl-dal-2026-07-16,0.51,0.5,0.01,-0.005,105.0,,,
2026-07-17T05:25:57+00:00,wnba-nyl-dal-2026-07-16,spread_implies_ml,wnba-nyl-dal-2026-07-16-spread-home-1pt5,wnba-nyl-dal-2026-07-16,0.51,0.5,0.01,-0.005,105.0,,,
2026-07-17T05:26:17+00:00,wnba-nyl-dal-2026-07-16,spread_implies_ml,wnba-nyl-dal-2026-07-16-spread-home-1pt5,wnba-nyl-dal-2026-07-16,0.51,0.5,0.01,-0.005,105.0,,,
2026-07-17T05:26:37+00:00,wnba-nyl-dal-2026-07-16,spread_implies_ml,wnba-nyl-dal-2026-07-16-spread-home-1pt5,wnba-nyl-dal-2026-07-16,0.51,0.5,0.01,-0.005,105.0,,,
2026-07-17T05:26:58+00:00,wnba-nyl-dal-2026-07-16,spread_implies_ml,wnba-nyl-dal-2026-07-16-spread-home-1pt5,wnba-nyl-dal-2026-07-16,0.51,0.5,0.01,-0.005,105.0,,,
2026-07-17T05:27:18+00:00,wnba-nyl-dal-2026-07-16,spread_implies_ml,wnba-nyl-dal-2026-07-16-spread-home-1pt5,wnba-nyl-dal-2026-07-16,0.51,0.5,0.01,-0.005,105.0,,,
2026-07-17T05:27:38+00:00,wnba-nyl-dal-2026-07-16,spread_implies_ml,wnba-nyl-dal-2026-07-16-spread-home-1pt5,wnba-nyl-dal-2026-07-16,0.51,0.5,0.01,-0.005,105.0,,,
2026-07-17T05:27:59+00:00,wnba-nyl-dal-2026-07-16,spread_implies_ml,wnba-nyl-dal-2026-07-16-spread-home-1pt5,wnba-nyl-dal-2026-07-16,0.51,0.5,0.01,-0.005,105.0,,,
2026-07-17T05:28:19+00:00,wnba-nyl-dal-2026-07-16,spread_implies_ml,wnba-nyl-dal-2026-07-16-spread-home-1pt5,wnba-nyl-dal-2026-07-16,0.51,0.5,0.01,-0.005,106.0,,,
2026-07-17T05:28:39+00:00,wnba-nyl-dal-2026-07-16,spread_implies_ml,wnba-nyl-dal-2026-07-16-spread-home-1pt5,wnba-nyl-dal-2026-07-16,0.51,0.5,0.01,-0.005,106.0,,,
2026-07-17T05:28:59+00:00,wnba-nyl-dal-2026-07-16,spread_implies_ml,wnba-nyl-dal-2026-07-16-spread-home-1pt5,wnba-nyl-dal-2026-07-16,0.51,0.5,0.01,-0.005,106.0,,,
2026-07-17T05:29:20+00:00,wnba-nyl-dal-2026-07-16,spread_implies_ml,wnba-nyl-dal-2026-07-16-spread-home-1pt5,wnba-nyl-dal-2026-07-16,0.51,0.5,0.01,-0.005,106.0,,,
2026-07-17T05:29:40+00:00,wnba-nyl-dal-2026-07-16,spread_implies_ml,wnba-nyl-dal-2026-07-16-spread-home-1pt5,wnba-nyl-dal-2026-07-16,0.51,0.5,0.01,-0.005,106.0,,,
2026-07-17T05:30:00+00:00,wnba-nyl-dal-2026-07-16,spread_implies_ml,wnba-nyl-dal-2026-07-16-spread-home-1pt5,wnba-nyl-dal-2026-07-16,0.51,0.5,0.01,-0.005,106.0,,,
2026-07-17T05:30:21+00:00,wnba-nyl-dal-2026-07-16,spread_implies_ml,wnba-nyl-dal-2026-07-16-spread-home-1pt5,wnba-nyl-dal-2026-07-16,0.51,0.5,0.01,-0.005,106.0,,,
2026-07-17T05:30:41+00:00,wnba-nyl-dal-2026-07-16,spread_implies_ml,wnba-nyl-dal-2026-07-16-spread-home-1pt5,wnba-nyl-dal-2026-07-16,0.51,0.5,0.01,-0.005,106.0,,,
2026-07-17T05:31:02+00:00,wnba-nyl-dal-2026-07-16,spread_implies_ml,wnba-nyl-dal-2026-07-16-spread-home-1pt5,wnba-nyl-dal-2026-07-16,0.51,0.5,0.01,-0.005,106.0,,,
2026-07-17T05:31:22+00:00,wnba-nyl-dal-2026-07-16,spread_implies_ml,wnba-nyl-dal-2026-07-16-spread-home-1pt5,wnba-nyl-dal-2026-07-16,0.51,0.5,0.01,-0.005,106.0,,,
2026-07-17T05:31:42+00:00,wnba-nyl-dal-2026-07-16,spread_implies_ml,wnba-nyl-dal-2026-07-16-spread-home-1pt5,wnba-nyl-dal-2026-07-16,0.51,0.5,0.01,-0.005,66.0,,,
2026-07-17T05:32:03+00:00,wnba-nyl-dal-2026-07-16,spread_implies_ml,wnba-nyl-dal-2026-07-16-spread-home-1pt5,wnba-nyl-dal-2026-07-16,0.51,0.5,0.01,-0.005,66.0,,,
2026-07-17T05:32:24+00:00,wnba-nyl-dal-2026-07-16,spread_implies_ml,wnba-nyl-dal-2026-07-16-spread-home-1pt5,wnba-nyl-dal-2026-07-16,0.51,0.5,0.01,-0.005,66.0,,,
2026-07-17T05:33:04+00:00,wnba-nyl-dal-2026-07-16,spread_implies_ml,wnba-nyl-dal-2026-07-16-spread-home-1pt5,wnba-nyl-dal-2026-07-16,0.51,0.5,0.01,-0.005,93.0,,,
2026-07-17T05:35:27+00:00,wnba-nyl-dal-2026-07-16,spread_implies_ml,wnba-nyl-dal-2026-07-16-spread-home-1pt5,wnba-nyl-dal-2026-07-16,0.51,0.49,0.02,0.005,19.0,0.02,True,True
2026-07-17T05:35:52+00:00,wnba-nyl-dal-2026-07-16,spread_implies_ml,wnba-nyl-dal-2026-07-16-spread-home-1pt5,wnba-nyl-dal-2026-07-16,0.51,0.49,0.02,0.005,19.0,0.02,True,True
2026-07-17T05:36:18+00:00,wnba-nyl-dal-2026-07-16,spread_implies_ml,wnba-nyl-dal-2026-07-16-spread-home-1pt5,wnba-nyl-dal-2026-07-16,0.51,0.49,0.02,0.005,29.0,0.02,True,True
2026-07-17T05:36:43+00:00,wnba-nyl-dal-2026-07-16,spread_implies_ml,wnba-nyl-dal-2026-07-16-spread-home-1pt5,wnba-nyl-dal-2026-07-16,0.51,0.49,0.02,0.005,29.0,0.02,True,True
2026-07-17T05:37:09+00:00,wnba-nyl-dal-2026-07-16,spread_implies_ml,wnba-nyl-dal-2026-07-16-spread-home-1pt5,wnba-nyl-dal-2026-07-16,0.51,0.49,0.02,0.005,189.0,0.02,True,True
2026-07-17T05:37:34+00:00,wnba-nyl-dal-2026-07-16,spread_implies_ml,wnba-nyl-dal-2026-07-16-spread-home-1pt5,wnba-nyl-dal-2026-07-16,0.51,0.5,0.01,-0.005,263.0,,,
2026-07-17T05:37:55+00:00,wnba-nyl-dal-2026-07-16,spread_implies_ml,wnba-nyl-dal-2026-07-16-spread-home-1pt5,wnba-nyl-dal-2026-07-16,0.51,0.5,0.01,-0.005,263.0,,,
2026-07-17T05:38:15+00:00,wnba-nyl-dal-2026-07-16,spread_implies_ml,wnba-nyl-dal-2026-07-16-spread-home-1pt5,wnba-nyl-dal-2026-07-16,0.51,0.5,0.01,-0.005,263.0,,,
2026-07-17T05:38:35+00:00,wnba-nyl-dal-2026-07-16,spread_implies_ml,wnba-nyl-dal-2026-07-16-spread-home-1pt5,wnba-nyl-dal-2026-07-16,0.51,0.5,0.01,-0.005,263.0,,,
2026-07-17T05:38:56+00:00,wnba-nyl-dal-2026-07-16,spread_implies_ml,wnba-nyl-dal-2026-07-16-spread-home-1pt5,wnba-nyl-dal-2026-07-16,0.51,0.5,0.01,-0.005,263.0,,,
2026-07-17T05:39:16+00:00,wnba-nyl-dal-2026-07-16,spread_implies_ml,wnba-nyl-dal-2026-07-16-spread-home-1pt5,wnba-nyl-dal-2026-07-16,0.51,0.5,0.01,-0.005,263.0,,,
2026-07-17T05:39:36+00:00,wnba-nyl-dal-2026-07-16,spread_implies_ml,wnba-nyl-dal-2026-07-16-spread-home-1pt5,wnba-nyl-dal-2026-07-16,0.51,0.5,0.01,-0.005,263.0,,,
2026-07-17T05:39:57+00:00,wnba-nyl-dal-2026-07-16,spread_implies_ml,wnba-nyl-dal-2026-07-16-spread-home-1pt5,wnba-nyl-dal-2026-07-16,0.51,0.5,0.01,-0.005,263.0,,,
2026-07-17T05:40:17+00:00,wnba-nyl-dal-2026-07-16,spread_implies_ml,wnba-nyl-dal-2026-07-16-spread-home-1pt5,wnba-nyl-dal-2026-07-16,0.51,0.5,0.01,-0.005,263.0,,,
2026-07-17T05:40:37+00:00,wnba-nyl-dal-2026-07-16,spread_implies_ml,wnba-nyl-dal-2026-07-16-spread-home-1pt5,wnba-nyl-dal-2026-07-16,0.51,0.5,0.01,-0.005,263.0,,,
2026-07-17T05:40:58+00:00,wnba-nyl-dal-2026-07-16,spread_implies_ml,wnba-nyl-dal-2026-07-16-spread-home-1pt5,wnba-nyl-dal-2026-07-16,0.51,0.5,0.01,-0.005,263.0,,,
2026-07-17T05:41:18+00:00,wnba-nyl-dal-2026-07-16,spread_implies_ml,wnba-nyl-dal-2026-07-16-spread-home-1pt5,wnba-nyl-dal-2026-07-16,0.51,0.5,0.01,-0.005,263.0,,,
2026-07-17T05:41:38+00:00,wnba-nyl-dal-2026-07-16,spread_implies_ml,wnba-nyl-dal-2026-07-16-spread-home-1pt5,wnba-nyl-dal-2026-07-16,0.51,0.49,0.02,0.005,189.0,0.02,True,True
2026-07-17T05:42:05+00:00,wnba-nyl-dal-2026-07-16,spread_implies_ml,wnba-nyl-dal-2026-07-16-spread-home-1pt5,wnba-nyl-dal-2026-07-16,0.51,0.49,0.02,0.005,29.0,0.02,True,True
2026-07-17T05:42:31+00:00,wnba-nyl-dal-2026-07-16,spread_implies_ml,wnba-nyl-dal-2026-07-16-spread-home-1pt5,wnba-nyl-dal-2026-07-16,0.51,0.5,0.01,-0.005,263.0,,,
2026-07-17T05:42:51+00:00,wnba-nyl-dal-2026-07-16,spread_implies_ml,wnba-nyl-dal-2026-07-16-spread-home-1pt5,wnba-nyl-dal-2026-07-16,0.51,0.5,0.01,-0.005,263.0,,,
2026-07-17T05:43:11+00:00,wnba-nyl-dal-2026-07-16,spread_implies_ml,wnba-nyl-dal-2026-07-16-spread-home-1pt5,wnba-nyl-dal-2026-07-16,0.51,0.5,0.01,-0.005,263.0,,,
2026-07-17T05:43:32+00:00,wnba-nyl-dal-2026-07-16,spread_implies_ml,wnba-nyl-dal-2026-07-16-spread-home-1pt5,wnba-nyl-dal-2026-07-16,0.51,0.5,0.01,-0.005,263.0,,,
2026-07-17T05:43:52+00:00,wnba-nyl-dal-2026-07-16,spread_implies_ml,wnba-nyl-dal-2026-07-16-spread-home-1pt5,wnba-nyl-dal-2026-07-16,0.51,0.5,0.01,-0.005,263.0,,,
2026-07-17T05:44:12+00:00,wnba-nyl-dal-2026-07-16,spread_implies_ml,wnba-nyl-dal-2026-07-16-spread-home-1pt5,wnba-nyl-dal-2026-07-16,0.51,0.5,0.01,-0.005,263.0,,,
2026-07-17T05:44:32+00:00,wnba-nyl-dal-2026-07-16,spread_implies_ml,wnba-nyl-dal-2026-07-16-spread-home-1pt5,wnba-nyl-dal-2026-07-16,0.51,0.5,0.01,-0.005,263.0,,,
2026-07-17T05:44:53+00:00,wnba-nyl-dal-2026-07-16,spread_implies_ml,wnba-nyl-dal-2026-07-16-spread-home-1pt5,wnba-nyl-dal-2026-07-16,0.51,0.5,0.01,-0.005,263.0,,,
2026-07-17T05:45:13+00:00,wnba-nyl-dal-2026-07-16,spread_implies_ml,wnba-nyl-dal-2026-07-16-spread-home-1pt5,wnba-nyl-dal-2026-07-16,0.51,0.5,0.01,-0.005,263.0,,,
2026-07-17T05:45:33+00:00,wnba-nyl-dal-2026-07-16,spread_implies_ml,wnba-nyl-dal-2026-07-16-spread-home-1pt5,wnba-nyl-dal-2026-07-16,0.51,0.5,0.01,-0.005,263.0,,,
2026-07-17T05:45:54+00:00,wnba-nyl-dal-2026-07-16,spread_implies_ml,wnba-nyl-dal-2026-07-16-spread-home-1pt5,wnba-nyl-dal-2026-07-16,0.51,0.5,0.01,-0.005,263.0,,,
2026-07-17T05:46:14+00:00,wnba-nyl-dal-2026-07-16,spread_implies_ml,wnba-nyl-dal-2026-07-16-spread-home-1pt5,wnba-nyl-dal-2026-07-16,0.51,0.5,0.01,-0.005,263.0,,,
2026-07-17T05:46:34+00:00,wnba-nyl-dal-2026-07-16,spread_implies_ml,wnba-nyl-dal-2026-07-16-spread-home-1pt5,wnba-nyl-dal-2026-07-16,0.51,0.49,0.02,0.005,189.0,0.02,True,True
2026-07-17T05:47:00+00:00,wnba-nyl-dal-2026-07-16,spread_implies_ml,wnba-nyl-dal-2026-07-16-spread-home-1pt5,wnba-nyl-dal-2026-07-16,0.51,0.49,0.02,0.005,29.0,0.02,True,True
2026-07-17T05:47:26+00:00,wnba-nyl-dal-2026-07-16,spread_implies_ml,wnba-nyl-dal-2026-07-16-spread-home-1pt5,wnba-nyl-dal-2026-07-16,0.51,0.49,0.02,0.005,19.0,0.02,True,True
2026-07-17T05:47:51+00:00,wnba-nyl-dal-2026-07-16,spread_implies_ml,wnba-nyl-dal-2026-07-16-spread-home-1pt5,wnba-nyl-dal-2026-07-16,0.51,0.49,0.02,0.005,19.0,0.02,True,True
2026-07-17T05:48:17+00:00,wnba-nyl-dal-2026-07-16,spread_implies_ml,wnba-nyl-dal-2026-07-16-spread-home-1pt5,wnba-nyl-dal-2026-07-16,0.51,0.49,0.02,0.005,19.0,0.01,True,True
2026-07-17T05:48:42+00:00,wnba-nyl-dal-2026-07-16,spread_implies_ml,wnba-nyl-dal-2026-07-16-spread-home-1pt5,wnba-nyl-dal-2026-07-16,0.51,0.5,0.01,-0.005,263.0,,,
2026-07-17T05:49:03+00:00,wnba-nyl-dal-2026-07-16,spread_implies_ml,wnba-nyl-dal-2026-07-16-spread-home-1pt5,wnba-nyl-dal-2026-07-16,0.51,0.5,0.01,-0.005,263.0,,,
2026-07-17T05:49:23+00:00,wnba-nyl-dal-2026-07-16,spread_implies_ml,wnba-nyl-dal-2026-07-16-spread-home-1pt5,wnba-nyl-dal-2026-07-16,0.51,0.5,0.01,-0.005,263.0,,,
2026-07-17T05:49:43+00:00,wnba-nyl-dal-2026-07-16,spread_implies_ml,wnba-nyl-dal-2026-07-16-spread-home-1pt5,wnba-nyl-dal-2026-07-16,0.51,0.5,0.01,-0.005,263.0,,,
2026-07-17T05:50:04+00:00,wnba-nyl-dal-2026-07-16,spread_implies_ml,wnba-nyl-dal-2026-07-16-spread-home-1pt5,wnba-nyl-dal-2026-07-16,0.51,0.5,0.01,-0.005,263.0,,,
2026-07-17T05:50:24+00:00,wnba-nyl-dal-2026-07-16,spread_implies_ml,wnba-nyl-dal-2026-07-16-spread-home-1pt5,wnba-nyl-dal-2026-07-16,0.51,0.5,0.01,-0.005,263.0,,,
2026-07-17T05:50:44+00:00,wnba-nyl-dal-2026-07-16,spread_implies_ml,wnba-nyl-dal-2026-07-16-spread-home-1pt5,wnba-nyl-dal-2026-07-16,0.51,0.5,0.01,-0.005,263.0,,,
2026-07-17T05:51:04+00:00,wnba-nyl-dal-2026-07-16,spread_implies_ml,wnba-nyl-dal-2026-07-16-spread-home-1pt5,wnba-nyl-dal-2026-07-16,0.51,0.5,0.01,-0.005,263.0,,,
2026-07-17T05:51:25+00:00,wnba-nyl-dal-2026-07-16,spread_implies_ml,wnba-nyl-dal-2026-07-16-spread-home-1pt5,wnba-nyl-dal-2026-07-16,0.51,0.5,0.01,-0.005,263.0,,,
2026-07-17T05:51:45+00:00,wnba-nyl-dal-2026-07-16,spread_implies_ml,wnba-nyl-dal-2026-07-16-spread-home-1pt5,wnba-nyl-dal-2026-07-16,0.51,0.5,0.01,-0.005,263.0,,,
2026-07-17T05:52:06+00:00,wnba-nyl-dal-2026-07-16,spread_implies_ml,wnba-nyl-dal-2026-07-16-spread-home-1pt5,wnba-nyl-dal-2026-07-16,0.51,0.5,0.01,-0.005,263.0,,,
2026-07-17T05:52:27+00:00,wnba-nyl-dal-2026-07-16,spread_implies_ml,wnba-nyl-dal-2026-07-16-spread-home-1pt5,wnba-nyl-dal-2026-07-16,0.51,0.5,0.01,-0.005,263.0,,,
2026-07-17T05:52:47+00:00,wnba-nyl-dal-2026-07-16,spread_implies_ml,wnba-nyl-dal-2026-07-16-spread-home-1pt5,wnba-nyl-dal-2026-07-16,0.51,0.5,0.01,-0.005,263.0,,,
2026-07-17T05:53:07+00:00,wnba-nyl-dal-2026-07-16,spread_implies_ml,wnba-nyl-dal-2026-07-16-spread-home-1pt5,wnba-nyl-dal-2026-07-16,0.51,0.5,0.01,-0.005,263.0,,,
2026-07-17T05:53:28+00:00,wnba-nyl-dal-2026-07-16,spread_implies_ml,wnba-nyl-dal-2026-07-16-spread-home-1pt5,wnba-nyl-dal-2026-07-16,0.51,0.5,0.01,-0.005,263.0,,,
2026-07-17T05:53:48+00:00,wnba-nyl-dal-2026-07-16,spread_implies_ml,wnba-nyl-dal-2026-07-16-spread-home-1pt5,wnba-nyl-dal-2026-07-16,0.51,0.5,0.01,-0.005,263.0,,,
2026-07-17T05:54:08+00:00,wnba-nyl-dal-2026-07-16,spread_implies_ml,wnba-nyl-dal-2026-07-16-spread-home-1pt5,wnba-nyl-dal-2026-07-16,0.51,0.5,0.01,-0.005,263.0,,,
2026-07-17T05:54:29+00:00,wnba-nyl-dal-2026-07-16,spread_implies_ml,wnba-nyl-dal-2026-07-16-spread-home-1pt5,wnba-nyl-dal-2026-07-16,0.51,0.5,0.01,-0.005,263.0,,,
2026-07-17T05:54:49+00:00,wnba-nyl-dal-2026-07-16,spread_implies_ml,wnba-nyl-dal-2026-07-16-spread-home-1pt5,wnba-nyl-dal-2026-07-16,0.51,0.5,0.01,-0.005,263.0,,,
2026-07-17T05:55:09+00:00,wnba-nyl-dal-2026-07-16,spread_implies_ml,wnba-nyl-dal-2026-07-16-spread-home-1pt5,wnba-nyl-dal-2026-07-16,0.51,0.5,0.01,-0.005,263.0,,,
2026-07-17T05:55:30+00:00,wnba-nyl-dal-2026-07-16,spread_implies_ml,wnba-nyl-dal-2026-07-16-spread-home-1pt5,wnba-nyl-dal-2026-07-16,0.51,0.5,0.01,-0.005,263.0,,,
2026-07-17T05:55:50+00:00,wnba-nyl-dal-2026-07-16,spread_implies_ml,wnba-nyl-dal-2026-07-16-spread-home-1pt5,wnba-nyl-dal-2026-07-16,0.51,0.5,0.01,-0.005,263.0,,,
2026-07-17T05:56:10+00:00,wnba-nyl-dal-2026-07-16,spread_implies_ml,wnba-nyl-dal-2026-07-16-spread-home-1pt5,wnba-nyl-dal-2026-07-16,0.51,0.5,0.01,-0.005,263.0,,,
2026-07-17T05:56:31+00:00,wnba-nyl-dal-2026-07-16,spread_implies_ml,wnba-nyl-dal-2026-07-16-spread-home-1pt5,wnba-nyl-dal-2026-07-16,0.51,0.5,0.01,-0.005,263.0,,,
2026-07-17T05:56:51+00:00,wnba-nyl-dal-2026-07-16,spread_implies_ml,wnba-nyl-dal-2026-07-16-spread-home-1pt5,wnba-nyl-dal-2026-07-16,0.51,0.5,0.01,-0.005,263.0,,,
2026-07-17T05:57:11+00:00,wnba-nyl-dal-2026-07-16,spread_implies_ml,wnba-nyl-dal-2026-07-16-spread-home-1pt5,wnba-nyl-dal-2026-07-16,0.51,0.5,0.01,-0.005,263.0,,,
2026-07-17T05:57:32+00:00,wnba-nyl-dal-2026-07-16,spread_implies_ml,wnba-nyl-dal-2026-07-16-spread-home-1pt5,wnba-nyl-dal-2026-07-16,0.51,0.5,0.01,-0.005,263.0,,,
2026-07-17T05:57:52+00:00,wnba-nyl-dal-2026-07-16,spread_implies_ml,wnba-nyl-dal-2026-07-16-spread-home-1pt5,wnba-nyl-dal-2026-07-16,0.51,0.5,0.01,-0.005,263.0,,,
2026-07-17T05:58:12+00:00,wnba-nyl-dal-2026-07-16,spread_implies_ml,wnba-nyl-dal-2026-07-16-spread-home-1pt5,wnba-nyl-dal-2026-07-16,0.51,0.5,0.01,-0.005,263.0,,,
2026-07-17T05:58:33+00:00,wnba-nyl-dal-2026-07-16,spread_implies_ml,wnba-nyl-dal-2026-07-16-spread-home-1pt5,wnba-nyl-dal-2026-07-16,0.51,0.5,0.01,-0.005,263.0,,,
2026-07-17T05:58:53+00:00,wnba-nyl-dal-2026-07-16,spread_implies_ml,wnba-nyl-dal-2026-07-16-spread-home-1pt5,wnba-nyl-dal-2026-07-16,0.51,0.5,0.01,-0.005,263.0,,,
2026-07-17T05:59:13+00:00,wnba-nyl-dal-2026-07-16,spread_implies_ml,wnba-nyl-dal-2026-07-16-spread-home-1pt5,wnba-nyl-dal-2026-07-16,0.51,0.49,0.02,0.005,29.0,0.02,True,True
2026-07-17T05:59:39+00:00,wnba-nyl-dal-2026-07-16,spread_implies_ml,wnba-nyl-dal-2026-07-16-spread-home-1pt5,wnba-nyl-dal-2026-07-16,0.51,0.49,0.02,0.005,199.0,0.02,True,True
2026-07-17T06:00:04+00:00,wnba-nyl-dal-2026-07-16,spread_implies_ml,wnba-nyl-dal-2026-07-16-spread-home-1pt5,wnba-nyl-dal-2026-07-16,0.51,0.49,0.02,0.005,29.0,0.02,True,True
2026-07-17T06:00:30+00:00,wnba-nyl-dal-2026-07-16,spread_implies_ml,wnba-nyl-dal-2026-07-16-spread-home-1pt5,wnba-nyl-dal-2026-07-16,0.51,0.49,0.02,0.005,29.0,0.02,True,True
2026-07-17T06:00:55+00:00,wnba-nyl-dal-2026-07-16,spread_implies_ml,wnba-nyl-dal-2026-07-16-spread-home-1pt5,wnba-nyl-dal-2026-07-16,0.51,0.49,0.02,0.005,29.0,0.02,True,True
2026-07-17T06:01:21+00:00,wnba-nyl-dal-2026-07-16,spread_implies_ml,wnba-nyl-dal-2026-07-16-spread-home-1pt5,wnba-nyl-dal-2026-07-16,0.51,0.5,0.01,-0.005,254.0,,,
2026-07-17T06:01:41+00:00,wnba-nyl-dal-2026-07-16,spread_implies_ml,wnba-nyl-dal-2026-07-16-spread-home-1pt5,wnba-nyl-dal-2026-07-16,0.51,0.49,0.02,0.005,29.0,0.02,True,True
2026-07-17T06:02:08+00:00,wnba-nyl-dal-2026-07-16,spread_implies_ml,wnba-nyl-dal-2026-07-16-spread-home-1pt5,wnba-nyl-dal-2026-07-16,0.51,0.49,0.02,0.005,199.0,0.02,True,True
2026-07-17T06:02:33+00:00,wnba-nyl-dal-2026-07-16,spread_implies_ml,wnba-nyl-dal-2026-07-16-spread-home-1pt5,wnba-nyl-dal-2026-07-16,0.51,0.49,0.02,0.005,199.0,0.02,True,True
2026-07-17T06:02:59+00:00,wnba-nyl-dal-2026-07-16,spread_implies_ml,wnba-nyl-dal-2026-07-16-spread-home-1pt5,wnba-nyl-dal-2026-07-16,0.51,0.5,0.01,-0.005,95.0,,,
2026-07-17T06:03:19+00:00,wnba-nyl-dal-2026-07-16,spread_implies_ml,wnba-nyl-dal-2026-07-16-spread-home-1pt5,wnba-nyl-dal-2026-07-16,0.51,0.5,0.01,-0.005,95.0,,,
2026-07-17T06:03:39+00:00,wnba-nyl-dal-2026-07-16,spread_implies_ml,wnba-nyl-dal-2026-07-16-spread-home-1pt5,wnba-nyl-dal-2026-07-16,0.51,0.5,0.01,-0.005,95.0,,,
2026-07-17T06:04:00+00:00,wnba-nyl-dal-2026-07-16,spread_implies_ml,wnba-nyl-dal-2026-07-16-spread-home-1pt5,wnba-nyl-dal-2026-07-16,0.51,0.5,0.01,-0.005,95.0,,,
2026-07-17T06:04:20+00:00,wnba-nyl-dal-2026-07-16,spread_implies_ml,wnba-nyl-dal-2026-07-16-spread-home-1pt5,wnba-nyl-dal-2026-07-16,0.51,0.49,0.02,0.005,39.0,0.02,True,True
2026-07-17T06:04:45+00:00,wnba-nyl-dal-2026-07-16,spread_implies_ml,wnba-nyl-dal-2026-07-16-spread-home-1pt5,wnba-nyl-dal-2026-07-16,0.51,0.49,0.02,0.005,39.0,0.02,True,True
2026-07-17T06:05:11+00:00,wnba-nyl-dal-2026-07-16,spread_implies_ml,wnba-nyl-dal-2026-07-16-spread-home-1pt5,wnba-nyl-dal-2026-07-16,0.51,0.49,0.02,0.005,39.0,0.02,True,True
2026-07-17T06:05:36+00:00,wnba-nyl-dal-2026-07-16,spread_implies_ml,wnba-nyl-dal-2026-07-16-spread-home-1pt5,wnba-nyl-dal-2026-07-16,0.51,0.5,0.01,-0.005,255.0,,,
2026-07-17T06:05:57+00:00,wnba-nyl-dal-2026-07-16,spread_implies_ml,wnba-nyl-dal-2026-07-16-spread-home-1pt5,wnba-nyl-dal-2026-07-16,0.51,0.5,0.01,-0.005,285.0,,,
2026-07-17T06:06:17+00:00,wnba-nyl-dal-2026-07-16,spread_implies_ml,wnba-nyl-dal-2026-07-16-spread-home-1pt5,wnba-nyl-dal-2026-07-16,0.51,0.49,0.02,0.005,199.0,0.02,True,True
2026-07-17T06:06:43+00:00,wnba-nyl-dal-2026-07-16,spread_implies_ml,wnba-nyl-dal-2026-07-16-spread-home-1pt5,wnba-nyl-dal-2026-07-16,0.51,0.49,0.02,0.005,199.0,0.02,True,True
2026-07-17T06:07:08+00:00,wnba-nyl-dal-2026-07-16,spread_implies_ml,wnba-nyl-dal-2026-07-16-spread-home-1pt5,wnba-nyl-dal-2026-07-16,0.51,0.49,0.02,0.005,199.0,0.02,True,True
2026-07-17T06:07:34+00:00,wnba-nyl-dal-2026-07-16,spread_implies_ml,wnba-nyl-dal-2026-07-16-spread-home-1pt5,wnba-nyl-dal-2026-07-16,0.51,0.49,0.02,0.005,9.0,0.01,True,True
2026-07-17T06:07:59+00:00,wnba-nyl-dal-2026-07-16,spread_implies_ml,wnba-nyl-dal-2026-07-16-spread-home-1pt5,wnba-nyl-dal-2026-07-16,0.51,0.5,0.01,-0.005,125.0,,,
2026-07-17T06:08:20+00:00,wnba-nyl-dal-2026-07-16,spread_implies_ml,wnba-nyl-dal-2026-07-16-spread-home-1pt5,wnba-nyl-dal-2026-07-16,0.51,0.5,0.01,-0.005,125.0,,,
2026-07-17T06:08:40+00:00,wnba-nyl-dal-2026-07-16,spread_implies_ml,wnba-nyl-dal-2026-07-16-spread-home-1pt5,wnba-nyl-dal-2026-07-16,0.51,0.5,0.01,-0.005,125.0,,,
2026-07-17T06:09:00+00:00,wnba-nyl-dal-2026-07-16,spread_implies_ml,wnba-nyl-dal-2026-07-16-spread-home-1pt5,wnba-nyl-dal-2026-07-16,0.51,0.5,0.01,-0.005,125.0,,,
2026-07-17T06:09:21+00:00,wnba-nyl-dal-2026-07-16,spread_implies_ml,wnba-nyl-dal-2026-07-16-spread-home-1pt5,wnba-nyl-dal-2026-07-16,0.51,0.5,0.01,-0.005,106.0,,,
2026-07-17T06:10:01+00:00,wnba-nyl-dal-2026-07-16,spread_implies_ml,wnba-nyl-dal-2026-07-16-spread-home-1pt5,wnba-nyl-dal-2026-07-16,0.51,0.5,0.01,-0.005,143.0,,,
2026-07-17T06:10:22+00:00,wnba-nyl-dal-2026-07-16,spread_implies_ml,wnba-nyl-dal-2026-07-16-spread-home-1pt5,wnba-nyl-dal-2026-07-16,0.51,0.5,0.01,-0.005,123.0,,,
2026-07-17T06:10:42+00:00,wnba-nyl-dal-2026-07-16,spread_implies_ml,wnba-nyl-dal-2026-07-16-spread-home-1pt5,wnba-nyl-dal-2026-07-16,0.51,0.5,0.01,-0.005,123.0,,,
2026-07-17T06:11:02+00:00,wnba-nyl-dal-2026-07-16,spread_implies_ml,wnba-nyl-dal-2026-07-16-spread-home-1pt5,wnba-nyl-dal-2026-07-16,0.51,0.5,0.01,-0.005,123.0,,,
2026-07-17T06:11:23+00:00,wnba-nyl-dal-2026-07-16,spread_implies_ml,wnba-nyl-dal-2026-07-16-spread-home-1pt5,wnba-nyl-dal-2026-07-16,0.51,0.5,0.01,-0.005,123.0,,,
2026-07-17T06:11:43+00:00,wnba-nyl-dal-2026-07-16,spread_implies_ml,wnba-nyl-dal-2026-07-16-spread-home-1pt5,wnba-nyl-dal-2026-07-16,0.51,0.5,0.01,-0.005,123.0,,,
2026-07-17T06:12:03+00:00,wnba-nyl-dal-2026-07-16,spread_implies_ml,wnba-nyl-dal-2026-07-16-spread-home-1pt5,wnba-nyl-dal-2026-07-16,0.51,0.5,0.01,-0.005,283.0,,,
2026-07-17T06:12:25+00:00,wnba-nyl-dal-2026-07-16,spread_implies_ml,wnba-nyl-dal-2026-07-16-spread-home-1pt5,wnba-nyl-dal-2026-07-16,0.51,0.5,0.01,-0.005,283.0,,,
2026-07-17T06:12:45+00:00,wnba-nyl-dal-2026-07-16,spread_implies_ml,wnba-nyl-dal-2026-07-16-spread-home-1pt5,wnba-nyl-dal-2026-07-16,0.51,0.5,0.01,-0.005,283.0,,,
2026-07-17T06:13:05+00:00,wnba-nyl-dal-2026-07-16,spread_implies_ml,wnba-nyl-dal-2026-07-16-spread-home-1pt5,wnba-nyl-dal-2026-07-16,0.51,0.5,0.01,-0.005,283.0,,,
2026-07-17T06:13:26+00:00,wnba-nyl-dal-2026-07-16,spread_implies_ml,wnba-nyl-dal-2026-07-16-spread-home-1pt5,wnba-nyl-dal-2026-07-16,0.51,0.5,0.01,-0.005,283.0,,,
2026-07-17T06:13:46+00:00,wnba-nyl-dal-2026-07-16,spread_implies_ml,wnba-nyl-dal-2026-07-16-spread-home-1pt5,wnba-nyl-dal-2026-07-16,0.51,0.5,0.01,-0.005,283.0,,,
2026-07-17T06:14:06+00:00,wnba-nyl-dal-2026-07-16,spread_implies_ml,wnba-nyl-dal-2026-07-16-spread-home-1pt5,wnba-nyl-dal-2026-07-16,0.51,0.5,0.01,-0.005,283.0,,,
2026-07-17T06:14:27+00:00,wnba-nyl-dal-2026-07-16,spread_implies_ml,wnba-nyl-dal-2026-07-16-spread-home-1pt5,wnba-nyl-dal-2026-07-16,0.51,0.5,0.01,-0.005,283.0,,,
2026-07-17T06:14:47+00:00,wnba-nyl-dal-2026-07-16,spread_implies_ml,wnba-nyl-dal-2026-07-16-spread-home-1pt5,wnba-nyl-dal-2026-07-16,0.51,0.5,0.01,-0.005,283.0,,,
2026-07-17T06:15:07+00:00,wnba-nyl-dal-2026-07-16,spread_implies_ml,wnba-nyl-dal-2026-07-16-spread-home-1pt5,wnba-nyl-dal-2026-07-16,0.51,0.5,0.01,-0.005,253.0,,,
2026-07-17T06:15:28+00:00,wnba-nyl-dal-2026-07-16,spread_implies_ml,wnba-nyl-dal-2026-07-16-spread-home-1pt5,wnba-nyl-dal-2026-07-16,0.51,0.5,0.01,-0.005,283.0,,,
2026-07-17T06:15:48+00:00,wnba-nyl-dal-2026-07-16,spread_implies_ml,wnba-nyl-dal-2026-07-16-spread-home-1pt5,wnba-nyl-dal-2026-07-16,0.51,0.5,0.01,-0.005,283.0,,,
2026-07-17T06:16:08+00:00,wnba-nyl-dal-2026-07-16,spread_implies_ml,wnba-nyl-dal-2026-07-16-spread-home-1pt5,wnba-nyl-dal-2026-07-16,0.51,0.5,0.01,-0.005,283.0,,,
2026-07-17T06:16:29+00:00,wnba-nyl-dal-2026-07-16,spread_implies_ml,wnba-nyl-dal-2026-07-16-spread-home-1pt5,wnba-nyl-dal-2026-07-16,0.51,0.5,0.01,-0.005,283.0,,,
2026-07-17T06:16:49+00:00,wnba-nyl-dal-2026-07-16,spread_implies_ml,wnba-nyl-dal-2026-07-16-spread-home-1pt5,wnba-nyl-dal-2026-07-16,0.51,0.5,0.01,-0.005,253.0,,,
2026-07-17T06:17:09+00:00,wnba-nyl-dal-2026-07-16,spread_implies_ml,wnba-nyl-dal-2026-07-16-spread-home-1pt5,wnba-nyl-dal-2026-07-16,0.51,0.5,0.01,-0.005,253.0,,,
2026-07-17T06:17:30+00:00,wnba-nyl-dal-2026-07-16,spread_implies_ml,wnba-nyl-dal-2026-07-16-spread-home-1pt5,wnba-nyl-dal-2026-07-16,0.51,0.5,0.01,-0.005,253.0,,,
2026-07-17T06:17:50+00:00,wnba-nyl-dal-2026-07-16,spread_implies_ml,wnba-nyl-dal-2026-07-16-spread-home-1pt5,wnba-nyl-dal-2026-07-16,0.51,0.5,0.01,-0.005,253.0,,,
2026-07-17T06:18:10+00:00,wnba-nyl-dal-2026-07-16,spread_implies_ml,wnba-nyl-dal-2026-07-16-spread-home-1pt5,wnba-nyl-dal-2026-07-16,0.51,0.5,0.01,-0.005,253.0,,,
2026-07-17T06:18:31+00:00,wnba-nyl-dal-2026-07-16,spread_implies_ml,wnba-nyl-dal-2026-07-16-spread-home-1pt5,wnba-nyl-dal-2026-07-16,0.51,0.5,0.01,-0.005,283.0,,,
2026-07-17T06:18:51+00:00,wnba-nyl-dal-2026-07-16,spread_implies_ml,wnba-nyl-dal-2026-07-16-spread-home-1pt5,wnba-nyl-dal-2026-07-16,0.51,0.5,0.01,-0.005,283.0,,,
2026-07-17T06:19:11+00:00,wnba-nyl-dal-2026-07-16,spread_implies_ml,wnba-nyl-dal-2026-07-16-spread-home-1pt5,wnba-nyl-dal-2026-07-16,0.51,0.5,0.01,-0.005,283.0,,,
2026-07-17T06:19:32+00:00,wnba-nyl-dal-2026-07-16,spread_implies_ml,wnba-nyl-dal-2026-07-16-spread-home-1pt5,wnba-nyl-dal-2026-07-16,0.51,0.5,0.01,-0.005,253.0,,,
2026-07-17T06:19:52+00:00,wnba-nyl-dal-2026-07-16,spread_implies_ml,wnba-nyl-dal-2026-07-16-spread-home-1pt5,wnba-nyl-dal-2026-07-16,0.51,0.5,0.01,-0.005,253.0,,,
2026-07-17T06:20:12+00:00,wnba-nyl-dal-2026-07-16,spread_implies_ml,wnba-nyl-dal-2026-07-16-spread-home-1pt5,wnba-nyl-dal-2026-07-16,0.51,0.5,0.01,-0.005,253.0,,,
2026-07-17T06:20:33+00:00,wnba-nyl-dal-2026-07-16,spread_implies_ml,wnba-nyl-dal-2026-07-16-spread-home-1pt5,wnba-nyl-dal-2026-07-16,0.51,0.49,0.02,0.005,199.0,0.02,True,True
2026-07-17T06:20:58+00:00,wnba-nyl-dal-2026-07-16,spread_implies_ml,wnba-nyl-dal-2026-07-16-spread-home-1pt5,wnba-nyl-dal-2026-07-16,0.51,0.49,0.02,0.005,199.0,0.02,True,True
2026-07-17T06:21:24+00:00,wnba-nyl-dal-2026-07-16,spread_implies_ml,wnba-nyl-dal-2026-07-16-spread-home-1pt5,wnba-nyl-dal-2026-07-16,0.51,0.49,0.02,0.005,199.0,0.02,True,True
2026-07-17T06:21:49+00:00,wnba-nyl-dal-2026-07-16,spread_implies_ml,wnba-nyl-dal-2026-07-16-spread-home-1pt5,wnba-nyl-dal-2026-07-16,0.51,0.49,0.02,0.005,199.0,0.02,True,True
2026-07-17T06:22:15+00:00,wnba-nyl-dal-2026-07-16,spread_implies_ml,wnba-nyl-dal-2026-07-16-spread-home-1pt5,wnba-nyl-dal-2026-07-16,0.51,0.49,0.02,0.005,199.0,0.02,True,True
2026-07-17T06:22:41+00:00,wnba-nyl-dal-2026-07-16,spread_implies_ml,wnba-nyl-dal-2026-07-16-spread-home-1pt5,wnba-nyl-dal-2026-07-16,0.51,0.5,0.01,-0.005,283.0,,,
2026-07-17T06:23:02+00:00,wnba-nyl-dal-2026-07-16,spread_implies_ml,wnba-nyl-dal-2026-07-16-spread-home-1pt5,wnba-nyl-dal-2026-07-16,0.51,0.5,0.01,-0.005,283.0,,,
2026-07-17T06:23:22+00:00,wnba-nyl-dal-2026-07-16,spread_implies_ml,wnba-nyl-dal-2026-07-16-spread-home-1pt5,wnba-nyl-dal-2026-07-16,0.51,0.5,0.01,-0.005,283.0,,,
2026-07-17T06:23:42+00:00,wnba-nyl-dal-2026-07-16,spread_implies_ml,wnba-nyl-dal-2026-07-16-spread-home-1pt5,wnba-nyl-dal-2026-07-16,0.51,0.5,0.01,-0.005,283.0,,,
2026-07-17T06:24:03+00:00,wnba-nyl-dal-2026-07-16,spread_implies_ml,wnba-nyl-dal-2026-07-16-spread-home-1pt5,wnba-nyl-dal-2026-07-16,0.51,0.5,0.01,-0.005,283.0,,,
2026-07-17T06:24:23+00:00,wnba-nyl-dal-2026-07-16,spread_implies_ml,wnba-nyl-dal-2026-07-16-spread-home-1pt5,wnba-nyl-dal-2026-07-16,0.51,0.5,0.01,-0.005,283.0,,,
2026-07-17T06:24:43+00:00,wnba-nyl-dal-2026-07-16,spread_implies_ml,wnba-nyl-dal-2026-07-16-spread-home-1pt5,wnba-nyl-dal-2026-07-16,0.51,0.5,0.01,-0.005,283.0,,,
2026-07-17T06:25:04+00:00,wnba-nyl-dal-2026-07-16,spread_implies_ml,wnba-nyl-dal-2026-07-16-spread-home-1pt5,wnba-nyl-dal-2026-07-16,0.51,0.5,0.01,-0.005,283.0,,,
2026-07-17T06:25:24+00:00,wnba-nyl-dal-2026-07-16,spread_implies_ml,wnba-nyl-dal-2026-07-16-spread-home-1pt5,wnba-nyl-dal-2026-07-16,0.51,0.5,0.01,-0.005,283.0,,,
2026-07-17T06:25:44+00:00,wnba-nyl-dal-2026-07-16,spread_implies_ml,wnba-nyl-dal-2026-07-16-spread-home-1pt5,wnba-nyl-dal-2026-07-16,0.51,0.5,0.01,-0.005,253.0,,,
2026-07-17T06:26:05+00:00,wnba-nyl-dal-2026-07-16,spread_implies_ml,wnba-nyl-dal-2026-07-16-spread-home-1pt5,wnba-nyl-dal-2026-07-16,0.51,0.5,0.01,-0.005,253.0,,,
2026-07-17T06:26:25+00:00,wnba-nyl-dal-2026-07-16,spread_implies_ml,wnba-nyl-dal-2026-07-16-spread-home-1pt5,wnba-nyl-dal-2026-07-16,0.51,0.5,0.01,-0.005,253.0,,,
2026-07-17T06:26:45+00:00,wnba-nyl-dal-2026-07-16,spread_implies_ml,wnba-nyl-dal-2026-07-16-spread-home-1pt5,wnba-nyl-dal-2026-07-16,0.51,0.5,0.01,-0.005,253.0,,,
2026-07-17T06:27:06+00:00,wnba-nyl-dal-2026-07-16,spread_implies_ml,wnba-nyl-dal-2026-07-16-spread-home-1pt5,wnba-nyl-dal-2026-07-16,0.51,0.49,0.02,0.005,199.0,0.02,True,True
2026-07-17T06:27:31+00:00,wnba-nyl-dal-2026-07-16,spread_implies_ml,wnba-nyl-dal-2026-07-16-spread-home-1pt5,wnba-nyl-dal-2026-07-16,0.51,0.49,0.02,0.005,199.0,0.02,True,True
2026-07-17T06:27:57+00:00,wnba-nyl-dal-2026-07-16,spread_implies_ml,wnba-nyl-dal-2026-07-16-spread-home-1pt5,wnba-nyl-dal-2026-07-16,0.51,0.5,0.01,-0.005,253.0,,,
2026-07-17T06:28:17+00:00,wnba-nyl-dal-2026-07-16,spread_implies_ml,wnba-nyl-dal-2026-07-16-spread-home-1pt5,wnba-nyl-dal-2026-07-16,0.51,0.5,0.01,-0.005,253.0,,,
2026-07-17T06:28:38+00:00,wnba-nyl-dal-2026-07-16,spread_implies_ml,wnba-nyl-dal-2026-07-16-spread-home-1pt5,wnba-nyl-dal-2026-07-16,0.51,0.5,0.01,-0.005,283.0,,,
2026-07-17T06:28:58+00:00,wnba-nyl-dal-2026-07-16,spread_implies_ml,wnba-nyl-dal-2026-07-16-spread-home-1pt5,wnba-nyl-dal-2026-07-16,0.51,0.5,0.01,-0.005,283.0,,,
2026-07-17T06:29:18+00:00,wnba-nyl-dal-2026-07-16,spread_implies_ml,wnba-nyl-dal-2026-07-16-spread-home-1pt5,wnba-nyl-dal-2026-07-16,0.51,0.5,0.01,-0.005,283.0,,,
2026-07-17T06:29:39+00:00,wnba-nyl-dal-2026-07-16,spread_implies_ml,wnba-nyl-dal-2026-07-16-spread-home-1pt5,wnba-nyl-dal-2026-07-16,0.51,0.5,0.01,-0.005,283.0,,,
2026-07-17T06:29:59+00:00,wnba-nyl-dal-2026-07-16,spread_implies_ml,wnba-nyl-dal-2026-07-16-spread-home-1pt5,wnba-nyl-dal-2026-07-16,0.51,0.49,0.02,0.005,9.0,0.03,True,True
2026-07-17T06:30:24+00:00,wnba-nyl-dal-2026-07-16,spread_implies_ml,wnba-nyl-dal-2026-07-16-spread-home-1pt5,wnba-nyl-dal-2026-07-16,0.51,0.48,0.03,0.015,10.0,0.03,True,True
2026-07-17T06:30:50+00:00,wnba-nyl-dal-2026-07-16,spread_implies_ml,wnba-nyl-dal-2026-07-16-spread-home-1pt5,wnba-nyl-dal-2026-07-16,0.51,0.48,0.03,0.015,10.0,0.03,True,True
2026-07-17T06:31:15+00:00,wnba-nyl-dal-2026-07-16,spread_implies_ml,wnba-nyl-dal-2026-07-16-spread-home-1pt5,wnba-nyl-dal-2026-07-16,0.51,0.48,0.03,0.015,10.0,0.03,True,True
2026-07-17T06:31:41+00:00,wnba-nyl-dal-2026-07-16,spread_implies_ml,wnba-nyl-dal-2026-07-16-spread-home-1pt5,wnba-nyl-dal-2026-07-16,0.51,0.48,0.03,0.015,10.0,0.03,True,True
2026-07-17T06:32:06+00:00,wnba-nyl-dal-2026-07-16,spread_implies_ml,wnba-nyl-dal-2026-07-16-spread-home-1pt5,wnba-nyl-dal-2026-07-16,0.51,0.48,0.03,0.015,10.0,0.03,True,True
2026-07-17T06:32:32+00:00,wnba-nyl-dal-2026-07-16,spread_implies_ml,wnba-nyl-dal-2026-07-16-spread-home-1pt5,wnba-nyl-dal-2026-07-16,0.51,0.48,0.03,0.015,10.0,0.03,True,True
2026-07-17T06:32:59+00:00,wnba-nyl-dal-2026-07-16,spread_implies_ml,wnba-nyl-dal-2026-07-16-spread-home-1pt5,wnba-nyl-dal-2026-07-16,0.51,0.48,0.03,0.015,10.0,0.03,True,True
2026-07-17T06:33:25+00:00,wnba-nyl-dal-2026-07-16,spread_implies_ml,wnba-nyl-dal-2026-07-16-spread-home-1pt5,wnba-nyl-dal-2026-07-16,0.51,0.48,0.03,0.015,10.0,0.03,True,True
2026-07-17T06:33:50+00:00,wnba-nyl-dal-2026-07-16,spread_implies_ml,wnba-nyl-dal-2026-07-16-spread-home-1pt5,wnba-nyl-dal-2026-07-16,0.51,0.48,0.03,0.015,10.0,0.03,True,True
2026-07-17T06:34:16+00:00,wnba-nyl-dal-2026-07-16,spread_implies_ml,wnba-nyl-dal-2026-07-16-spread-home-1pt5,wnba-nyl-dal-2026-07-16,0.51,0.48,0.03,0.015,10.0,0.03,True,True
2026-07-17T06:34:41+00:00,wnba-nyl-dal-2026-07-16,spread_implies_ml,wnba-nyl-dal-2026-07-16-spread-home-1pt5,wnba-nyl-dal-2026-07-16,0.51,0.48,0.03,0.015,10.0,0.03,True,True
2026-07-17T06:35:07+00:00,wnba-nyl-dal-2026-07-16,spread_implies_ml,wnba-nyl-dal-2026-07-16-spread-home-1pt5,wnba-nyl-dal-2026-07-16,0.51,0.48,0.03,0.015,10.0,0.03,True,True
2026-07-17T06:35:32+00:00,wnba-nyl-dal-2026-07-16,spread_implies_ml,wnba-nyl-dal-2026-07-16-spread-home-1pt5,wnba-nyl-dal-2026-07-16,0.51,0.48,0.03,0.015,10.0,0.03,True,True
2026-07-17T06:35:58+00:00,wnba-nyl-dal-2026-07-16,spread_implies_ml,wnba-nyl-dal-2026-07-16-spread-home-1pt5,wnba-nyl-dal-2026-07-16,0.51,0.48,0.03,0.015,10.0,0.03,True,True
2026-07-17T06:36:23+00:00,wnba-nyl-dal-2026-07-16,spread_implies_ml,wnba-nyl-dal-2026-07-16-spread-home-1pt5,wnba-nyl-dal-2026-07-16,0.51,0.5,0.01,-0.005,283.0,,,
2026-07-17T06:36:44+00:00,wnba-nyl-dal-2026-07-16,spread_implies_ml,wnba-nyl-dal-2026-07-16-spread-home-1pt5,wnba-nyl-dal-2026-07-16,0.51,0.5,0.01,-0.005,283.0,,,
2026-07-17T06:37:04+00:00,wnba-nyl-dal-2026-07-16,spread_implies_ml,wnba-nyl-dal-2026-07-16-spread-home-1pt5,wnba-nyl-dal-2026-07-16,0.51,0.5,0.01,-0.005,283.0,,,
2026-07-17T06:37:24+00:00,wnba-nyl-dal-2026-07-16,spread_implies_ml,wnba-nyl-dal-2026-07-16-spread-home-1pt5,wnba-nyl-dal-2026-07-16,0.51,0.5,0.01,-0.005,283.0,,,
2026-07-17T06:37:45+00:00,wnba-nyl-dal-2026-07-16,spread_implies_ml,wnba-nyl-dal-2026-07-16-spread-home-1pt5,wnba-nyl-dal-2026-07-16,0.51,0.5,0.01,-0.005,283.0,,,
2026-07-17T06:38:05+00:00,wnba-nyl-dal-2026-07-16,spread_implies_ml,wnba-nyl-dal-2026-07-16-spread-home-1pt5,wnba-nyl-dal-2026-07-16,0.51,0.5,0.01,-0.005,283.0,,,
2026-07-17T06:38:25+00:00,wnba-nyl-dal-2026-07-16,spread_implies_ml,wnba-nyl-dal-2026-07-16-spread-home-1pt5,wnba-nyl-dal-2026-07-16,0.51,0.5,0.01,-0.005,283.0,,,
2026-07-17T06:38:46+00:00,wnba-nyl-dal-2026-07-16,spread_implies_ml,wnba-nyl-dal-2026-07-16-spread-home-1pt5,wnba-nyl-dal-2026-07-16,0.51,0.5,0.01,-0.005,283.0,,,
2026-07-17T06:39:06+00:00,wnba-nyl-dal-2026-07-16,spread_implies_ml,wnba-nyl-dal-2026-07-16-spread-home-1pt5,wnba-nyl-dal-2026-07-16,0.51,0.5,0.01,-0.005,283.0,,,
2026-07-17T06:39:26+00:00,wnba-nyl-dal-2026-07-16,spread_implies_ml,wnba-nyl-dal-2026-07-16-spread-home-1pt5,wnba-nyl-dal-2026-07-16,0.51,0.5,0.01,-0.005,283.0,,,
2026-07-17T06:39:47+00:00,wnba-nyl-dal-2026-07-16,spread_implies_ml,wnba-nyl-dal-2026-07-16-spread-home-1pt5,wnba-nyl-dal-2026-07-16,0.51,0.5,0.01,-0.005,283.0,,,
2026-07-17T06:40:07+00:00,wnba-nyl-dal-2026-07-16,spread_implies_ml,wnba-nyl-dal-2026-07-16-spread-home-1pt5,wnba-nyl-dal-2026-07-16,0.51,0.5,0.01,-0.005,283.0,,,
2026-07-17T06:40:27+00:00,wnba-nyl-dal-2026-07-16,spread_implies_ml,wnba-nyl-dal-2026-07-16-spread-home-1pt5,wnba-nyl-dal-2026-07-16,0.51,0.5,0.01,-0.005,283.0,,,
2026-07-17T06:40:48+00:00,wnba-nyl-dal-2026-07-16,spread_implies_ml,wnba-nyl-dal-2026-07-16-spread-home-1pt5,wnba-nyl-dal-2026-07-16,0.51,0.5,0.01,-0.005,283.0,,,
2026-07-17T06:41:08+00:00,wnba-nyl-dal-2026-07-16,spread_implies_ml,wnba-nyl-dal-2026-07-16-spread-home-1pt5,wnba-nyl-dal-2026-07-16,0.51,0.5,0.01,-0.005,283.0,,,
2026-07-17T06:41:28+00:00,wnba-nyl-dal-2026-07-16,spread_implies_ml,wnba-nyl-dal-2026-07-16-spread-home-1pt5,wnba-nyl-dal-2026-07-16,0.51,0.5,0.01,-0.005,283.0,,,
2026-07-17T06:41:49+00:00,wnba-nyl-dal-2026-07-16,spread_implies_ml,wnba-nyl-dal-2026-07-16-spread-home-1pt5,wnba-nyl-dal-2026-07-16,0.51,0.5,0.01,-0.005,283.0,,,
2026-07-17T06:42:09+00:00,wnba-nyl-dal-2026-07-16,spread_implies_ml,wnba-nyl-dal-2026-07-16-spread-home-1pt5,wnba-nyl-dal-2026-07-16,0.51,0.5,0.01,-0.005,283.0,,,
2026-07-17T06:42:29+00:00,wnba-nyl-dal-2026-07-16,spread_implies_ml,wnba-nyl-dal-2026-07-16-spread-home-1pt5,wnba-nyl-dal-2026-07-16,0.51,0.5,0.01,-0.005,283.0,,,
2026-07-17T06:42:50+00:00,wnba-nyl-dal-2026-07-16,spread_implies_ml,wnba-nyl-dal-2026-07-16-spread-home-1pt5,wnba-nyl-dal-2026-07-16,0.51,0.5,0.01,-0.005,283.0,,,
2026-07-17T06:43:11+00:00,wnba-nyl-dal-2026-07-16,spread_implies_ml,wnba-nyl-dal-2026-07-16-spread-home-1pt5,wnba-nyl-dal-2026-07-16,0.51,0.49,0.02,0.005,160.0,0.02,True,True
2026-07-17T06:43:36+00:00,wnba-nyl-dal-2026-07-16,spread_implies_ml,wnba-nyl-dal-2026-07-16-spread-home-1pt5,wnba-nyl-dal-2026-07-16,0.51,0.49,0.02,0.005,160.0,0.02,True,True
2026-07-17T06:44:02+00:00,wnba-nyl-dal-2026-07-16,spread_implies_ml,wnba-nyl-dal-2026-07-16-spread-home-1pt5,wnba-nyl-dal-2026-07-16,0.51,0.49,0.02,0.005,160.0,0.02,True,True
2026-07-17T06:44:27+00:00,wnba-nyl-dal-2026-07-16,spread_implies_ml,wnba-nyl-dal-2026-07-16-spread-home-1pt5,wnba-nyl-dal-2026-07-16,0.51,0.49,0.02,0.005,160.0,0.02,True,True
2026-07-17T06:44:53+00:00,wnba-nyl-dal-2026-07-16,spread_implies_ml,wnba-nyl-dal-2026-07-16-spread-home-1pt5,wnba-nyl-dal-2026-07-16,0.51,0.49,0.02,0.005,160.0,0.02,True,True
2026-07-17T06:45:18+00:00,wnba-nyl-dal-2026-07-16,spread_implies_ml,wnba-nyl-dal-2026-07-16-spread-home-1pt5,wnba-nyl-dal-2026-07-16,0.51,0.49,0.02,0.005,160.0,0.02,True,True
2026-07-17T06:45:44+00:00,wnba-nyl-dal-2026-07-16,spread_implies_ml,wnba-nyl-dal-2026-07-16-spread-home-1pt5,wnba-nyl-dal-2026-07-16,0.51,0.49,0.02,0.005,160.0,0.02,True,True
2026-07-17T06:46:10+00:00,wnba-nyl-dal-2026-07-16,spread_implies_ml,wnba-nyl-dal-2026-07-16-spread-home-1pt5,wnba-nyl-dal-2026-07-16,0.51,0.49,0.02,0.005,160.0,0.02,True,True
2026-07-17T06:46:35+00:00,wnba-nyl-dal-2026-07-16,spread_implies_ml,wnba-nyl-dal-2026-07-16-spread-home-1pt5,wnba-nyl-dal-2026-07-16,0.51,0.49,0.02,0.005,160.0,0.02,True,True
2026-07-17T06:47:01+00:00,wnba-nyl-dal-2026-07-16,spread_implies_ml,wnba-nyl-dal-2026-07-16-spread-home-1pt5,wnba-nyl-dal-2026-07-16,0.51,0.49,0.02,0.005,160.0,0.02,True,True
2026-07-17T06:47:26+00:00,wnba-nyl-dal-2026-07-16,spread_implies_ml,wnba-nyl-dal-2026-07-16-spread-home-1pt5,wnba-nyl-dal-2026-07-16,0.51,0.49,0.02,0.005,160.0,0.02,True,True
2026-07-17T06:47:52+00:00,wnba-nyl-dal-2026-07-16,spread_implies_ml,wnba-nyl-dal-2026-07-16-spread-home-1pt5,wnba-nyl-dal-2026-07-16,0.51,0.49,0.02,0.005,160.0,0.02,True,True
2026-07-17T06:48:17+00:00,wnba-nyl-dal-2026-07-16,spread_implies_ml,wnba-nyl-dal-2026-07-16-spread-home-1pt5,wnba-nyl-dal-2026-07-16,0.51,0.48,0.03,0.015,10.0,0.03,True,True
2026-07-17T06:48:43+00:00,wnba-nyl-dal-2026-07-16,spread_implies_ml,wnba-nyl-dal-2026-07-16-spread-home-1pt5,wnba-nyl-dal-2026-07-16,0.51,0.48,0.03,0.015,10.0,0.03,True,True
2026-07-17T06:49:08+00:00,wnba-nyl-dal-2026-07-16,spread_implies_ml,wnba-nyl-dal-2026-07-16-spread-home-1pt5,wnba-nyl-dal-2026-07-16,0.51,0.48,0.03,0.015,10.0,0.03,True,True
2026-07-17T06:49:34+00:00,wnba-nyl-dal-2026-07-16,spread_implies_ml,wnba-nyl-dal-2026-07-16-spread-home-1pt5,wnba-nyl-dal-2026-07-16,0.51,0.48,0.03,0.015,10.0,0.03,True,True
2026-07-17T06:49:59+00:00,wnba-nyl-dal-2026-07-16,spread_implies_ml,wnba-nyl-dal-2026-07-16-spread-home-1pt5,wnba-nyl-dal-2026-07-16,0.51,0.48,0.03,0.015,10.0,0.03,True,True
2026-07-17T06:50:25+00:00,wnba-nyl-dal-2026-07-16,spread_implies_ml,wnba-nyl-dal-2026-07-16-spread-home-1pt5,wnba-nyl-dal-2026-07-16,0.51,0.48,0.03,0.015,10.0,0.03,True,True
2026-07-17T06:50:50+00:00,wnba-nyl-dal-2026-07-16,spread_implies_ml,wnba-nyl-dal-2026-07-16-spread-home-1pt5,wnba-nyl-dal-2026-07-16,0.51,0.48,0.03,0.015,10.0,0.03,True,True
2026-07-17T06:51:16+00:00,wnba-nyl-dal-2026-07-16,spread_implies_ml,wnba-nyl-dal-2026-07-16-spread-home-1pt5,wnba-nyl-dal-2026-07-16,0.51,0.48,0.03,0.015,10.0,0.01,True,True
2026-07-17T06:51:41+00:00,wnba-nyl-dal-2026-07-16,spread_implies_ml,wnba-nyl-dal-2026-07-16-spread-home-1pt5,wnba-nyl-dal-2026-07-16,0.51,0.5,0.01,-0.005,283.0,,,
2026-07-17T06:52:02+00:00,wnba-nyl-dal-2026-07-16,spread_implies_ml,wnba-nyl-dal-2026-07-16-spread-home-1pt5,wnba-nyl-dal-2026-07-16,0.51,0.5,0.01,-0.005,283.0,,,
2026-07-17T06:52:22+00:00,wnba-nyl-dal-2026-07-16,spread_implies_ml,wnba-nyl-dal-2026-07-16-spread-home-1pt5,wnba-nyl-dal-2026-07-16,0.51,0.5,0.01,-0.005,283.0,,,
2026-07-17T06:52:42+00:00,wnba-nyl-dal-2026-07-16,spread_implies_ml,wnba-nyl-dal-2026-07-16-spread-home-1pt5,wnba-nyl-dal-2026-07-16,0.51,0.5,0.01,-0.005,283.0,,,
2026-07-17T06:53:03+00:00,wnba-nyl-dal-2026-07-16,spread_implies_ml,wnba-nyl-dal-2026-07-16-spread-home-1pt5,wnba-nyl-dal-2026-07-16,0.51,0.5,0.01,-0.005,283.0,,,
2026-07-17T06:53:24+00:00,wnba-nyl-dal-2026-07-16,spread_implies_ml,wnba-nyl-dal-2026-07-16-spread-home-1pt5,wnba-nyl-dal-2026-07-16,0.51,0.5,0.01,-0.005,283.0,,,
2026-07-17T06:53:45+00:00,wnba-nyl-dal-2026-07-16,spread_implies_ml,wnba-nyl-dal-2026-07-16-spread-home-1pt5,wnba-nyl-dal-2026-07-16,0.51,0.5,0.01,-0.005,283.0,,,
2026-07-17T06:54:05+00:00,wnba-nyl-dal-2026-07-16,spread_implies_ml,wnba-nyl-dal-2026-07-16-spread-home-1pt5,wnba-nyl-dal-2026-07-16,0.51,0.5,0.01,-0.005,283.0,,,
2026-07-17T06:54:25+00:00,wnba-nyl-dal-2026-07-16,spread_implies_ml,wnba-nyl-dal-2026-07-16-spread-home-1pt5,wnba-nyl-dal-2026-07-16,0.51,0.5,0.01,-0.005,283.0,,,
2026-07-17T06:54:46+00:00,wnba-nyl-dal-2026-07-16,spread_implies_ml,wnba-nyl-dal-2026-07-16-spread-home-1pt5,wnba-nyl-dal-2026-07-16,0.51,0.5,0.01,-0.005,283.0,,,
2026-07-17T06:55:06+00:00,wnba-nyl-dal-2026-07-16,spread_implies_ml,wnba-nyl-dal-2026-07-16-spread-home-1pt5,wnba-nyl-dal-2026-07-16,0.51,0.5,0.01,-0.005,283.0,,,
2026-07-17T06:55:26+00:00,wnba-nyl-dal-2026-07-16,spread_implies_ml,wnba-nyl-dal-2026-07-16-spread-home-1pt5,wnba-nyl-dal-2026-07-16,0.51,0.5,0.01,-0.005,283.0,,,
2026-07-17T06:55:47+00:00,wnba-nyl-dal-2026-07-16,spread_implies_ml,wnba-nyl-dal-2026-07-16-spread-home-1pt5,wnba-nyl-dal-2026-07-16,0.51,0.5,0.01,-0.005,283.0,,,
2026-07-17T06:56:07+00:00,wnba-nyl-dal-2026-07-16,spread_implies_ml,wnba-nyl-dal-2026-07-16-spread-home-1pt5,wnba-nyl-dal-2026-07-16,0.51,0.5,0.01,-0.005,283.0,,,
2026-07-17T06:56:27+00:00,wnba-nyl-dal-2026-07-16,spread_implies_ml,wnba-nyl-dal-2026-07-16-spread-home-1pt5,wnba-nyl-dal-2026-07-16,0.51,0.5,0.01,-0.005,283.0,,,
2026-07-17T06:56:48+00:00,wnba-nyl-dal-2026-07-16,spread_implies_ml,wnba-nyl-dal-2026-07-16-spread-home-1pt5,wnba-nyl-dal-2026-07-16,0.51,0.49,0.02,0.005,199.0,0.02,True,True
2026-07-17T06:57:13+00:00,wnba-nyl-dal-2026-07-16,spread_implies_ml,wnba-nyl-dal-2026-07-16-spread-home-1pt5,wnba-nyl-dal-2026-07-16,0.51,0.49,0.02,0.005,199.0,0.02,True,True
2026-07-17T06:57:39+00:00,wnba-nyl-dal-2026-07-16,spread_implies_ml,wnba-nyl-dal-2026-07-16-spread-home-1pt5,wnba-nyl-dal-2026-07-16,0.51,0.49,0.02,0.005,199.0,0.02,True,True
2026-07-17T06:58:04+00:00,wnba-nyl-dal-2026-07-16,spread_implies_ml,wnba-nyl-dal-2026-07-16-spread-home-1pt5,wnba-nyl-dal-2026-07-16,0.51,0.49,0.02,0.005,199.0,0.02,True,True
2026-07-17T06:58:30+00:00,wnba-nyl-dal-2026-07-16,spread_implies_ml,wnba-nyl-dal-2026-07-16-spread-home-1pt5,wnba-nyl-dal-2026-07-16,0.51,0.5,0.01,-0.005,283.0,,,
2026-07-17T06:58:50+00:00,wnba-nyl-dal-2026-07-16,spread_implies_ml,wnba-nyl-dal-2026-07-16-spread-home-1pt5,wnba-nyl-dal-2026-07-16,0.51,0.5,0.01,-0.005,283.0,,,
2026-07-17T06:59:31+00:00,wnba-nyl-dal-2026-07-16,spread_implies_ml,wnba-nyl-dal-2026-07-16-spread-home-1pt5,wnba-nyl-dal-2026-07-16,0.51,0.5,0.01,-0.005,141.0,,,
2026-07-17T06:59:51+00:00,wnba-nyl-dal-2026-07-16,spread_implies_ml,wnba-nyl-dal-2026-07-16-spread-home-1pt5,wnba-nyl-dal-2026-07-16,0.51,0.5,0.01,-0.005,271.0,,,
2026-07-17T07:00:11+00:00,wnba-nyl-dal-2026-07-16,spread_implies_ml,wnba-nyl-dal-2026-07-16-spread-home-1pt5,wnba-nyl-dal-2026-07-16,0.51,0.5,0.01,-0.005,260.0,,,
2026-07-17T07:00:32+00:00,wnba-nyl-dal-2026-07-16,spread_implies_ml,wnba-nyl-dal-2026-07-16-spread-home-1pt5,wnba-nyl-dal-2026-07-16,0.51,0.5,0.01,-0.005,260.0,,,
2026-07-17T07:00:52+00:00,wnba-nyl-dal-2026-07-16,spread_implies_ml,wnba-nyl-dal-2026-07-16-spread-home-1pt5,wnba-nyl-dal-2026-07-16,0.51,0.5,0.01,-0.005,100.0,,,
2026-07-17T07:01:12+00:00,wnba-nyl-dal-2026-07-16,spread_implies_ml,wnba-nyl-dal-2026-07-16-spread-home-1pt5,wnba-nyl-dal-2026-07-16,0.51,0.5,0.01,-0.005,100.0,,,
2026-07-17T07:01:33+00:00,wnba-nyl-dal-2026-07-16,spread_implies_ml,wnba-nyl-dal-2026-07-16-spread-home-1pt5,wnba-nyl-dal-2026-07-16,0.51,0.5,0.01,-0.005,100.0,,,
2026-07-17T07:01:53+00:00,wnba-nyl-dal-2026-07-16,spread_implies_ml,wnba-nyl-dal-2026-07-16-spread-home-1pt5,wnba-nyl-dal-2026-07-16,0.51,0.5,0.01,-0.005,260.0,,,
2026-07-17T07:02:13+00:00,wnba-nyl-dal-2026-07-16,spread_implies_ml,wnba-nyl-dal-2026-07-16-spread-home-1pt5,wnba-nyl-dal-2026-07-16,0.51,0.5,0.01,-0.005,260.0,,,
2026-07-17T07:02:34+00:00,wnba-nyl-dal-2026-07-16,spread_implies_ml,wnba-nyl-dal-2026-07-16-spread-home-1pt5,wnba-nyl-dal-2026-07-16,0.51,0.5,0.01,-0.005,260.0,,,
2026-07-17T07:02:54+00:00,wnba-nyl-dal-2026-07-16,spread_implies_ml,wnba-nyl-dal-2026-07-16-spread-home-1pt5,wnba-nyl-dal-2026-07-16,0.51,0.5,0.01,-0.005,260.0,,,
2026-07-17T07:03:14+00:00,wnba-nyl-dal-2026-07-16,spread_implies_ml,wnba-nyl-dal-2026-07-16-spread-home-1pt5,wnba-nyl-dal-2026-07-16,0.51,0.5,0.01,-0.005,260.0,,,
2026-07-17T07:03:36+00:00,wnba-nyl-dal-2026-07-16,spread_implies_ml,wnba-nyl-dal-2026-07-16-spread-home-1pt5,wnba-nyl-dal-2026-07-16,0.51,0.5,0.01,-0.005,575.0,,,
2026-07-17T07:03:56+00:00,wnba-nyl-dal-2026-07-16,spread_implies_ml,wnba-nyl-dal-2026-07-16-spread-home-1pt5,wnba-nyl-dal-2026-07-16,0.51,0.5,0.01,-0.005,575.0,,,
2026-07-17T07:04:16+00:00,wnba-nyl-dal-2026-07-16,spread_implies_ml,wnba-nyl-dal-2026-07-16-spread-home-1pt5,wnba-nyl-dal-2026-07-16,0.51,0.5,0.01,-0.005,575.0,,,
2026-07-17T07:04:37+00:00,wnba-nyl-dal-2026-07-16,spread_implies_ml,wnba-nyl-dal-2026-07-16-spread-home-1pt5,wnba-nyl-dal-2026-07-16,0.51,0.5,0.01,-0.005,575.0,,,
2026-07-17T07:04:57+00:00,wnba-nyl-dal-2026-07-16,spread_implies_ml,wnba-nyl-dal-2026-07-16-spread-home-1pt5,wnba-nyl-dal-2026-07-16,0.51,0.5,0.01,-0.005,575.0,,,
2026-07-17T07:05:17+00:00,wnba-nyl-dal-2026-07-16,spread_implies_ml,wnba-nyl-dal-2026-07-16-spread-home-1pt5,wnba-nyl-dal-2026-07-16,0.51,0.5,0.01,-0.005,575.0,,,
2026-07-17T07:05:38+00:00,wnba-nyl-dal-2026-07-16,spread_implies_ml,wnba-nyl-dal-2026-07-16-spread-home-1pt5,wnba-nyl-dal-2026-07-16,0.51,0.5,0.01,-0.005,575.0,,,
2026-07-17T07:05:58+00:00,wnba-nyl-dal-2026-07-16,spread_implies_ml,wnba-nyl-dal-2026-07-16-spread-home-1pt5,wnba-nyl-dal-2026-07-16,0.51,0.5,0.01,-0.005,575.0,,,
2026-07-17T07:06:18+00:00,wnba-nyl-dal-2026-07-16,spread_implies_ml,wnba-nyl-dal-2026-07-16-spread-home-1pt5,wnba-nyl-dal-2026-07-16,0.51,0.5,0.01,-0.005,575.0,,,
2026-07-17T07:06:39+00:00,wnba-nyl-dal-2026-07-16,spread_implies_ml,wnba-nyl-dal-2026-07-16-spread-home-1pt5,wnba-nyl-dal-2026-07-16,0.51,0.5,0.01,-0.005,575.0,,,
2026-07-17T07:07:00+00:00,wnba-nyl-dal-2026-07-16,spread_implies_ml,wnba-nyl-dal-2026-07-16-spread-home-1pt5,wnba-nyl-dal-2026-07-16,0.51,0.5,0.01,-0.005,415.0,,,
2026-07-17T07:07:20+00:00,wnba-nyl-dal-2026-07-16,spread_implies_ml,wnba-nyl-dal-2026-07-16-spread-home-1pt5,wnba-nyl-dal-2026-07-16,0.51,0.5,0.01,-0.005,415.0,,,
2026-07-17T07:07:41+00:00,wnba-nyl-dal-2026-07-16,spread_implies_ml,wnba-nyl-dal-2026-07-16-spread-home-1pt5,wnba-nyl-dal-2026-07-16,0.51,0.5,0.01,-0.005,415.0,,,
2026-07-17T07:08:01+00:00,wnba-nyl-dal-2026-07-16,spread_implies_ml,wnba-nyl-dal-2026-07-16-spread-home-1pt5,wnba-nyl-dal-2026-07-16,0.51,0.5,0.01,-0.005,415.0,,,
2026-07-17T07:08:21+00:00,wnba-nyl-dal-2026-07-16,spread_implies_ml,wnba-nyl-dal-2026-07-16-spread-home-1pt5,wnba-nyl-dal-2026-07-16,0.51,0.5,0.01,-0.005,415.0,,,
2026-07-17T07:08:42+00:00,wnba-nyl-dal-2026-07-16,spread_implies_ml,wnba-nyl-dal-2026-07-16-spread-home-1pt5,wnba-nyl-dal-2026-07-16,0.51,0.5,0.01,-0.005,415.0,,,
2026-07-17T07:09:02+00:00,wnba-nyl-dal-2026-07-16,spread_implies_ml,wnba-nyl-dal-2026-07-16-spread-home-1pt5,wnba-nyl-dal-2026-07-16,0.51,0.5,0.01,-0.005,415.0,,,
2026-07-17T07:09:22+00:00,wnba-nyl-dal-2026-07-16,spread_implies_ml,wnba-nyl-dal-2026-07-16-spread-home-1pt5,wnba-nyl-dal-2026-07-16,0.51,0.5,0.01,-0.005,415.0,,,
2026-07-17T07:09:43+00:00,wnba-nyl-dal-2026-07-16,spread_implies_ml,wnba-nyl-dal-2026-07-16-spread-home-1pt5,wnba-nyl-dal-2026-07-16,0.51,0.5,0.01,-0.005,415.0,,,
2026-07-17T07:10:03+00:00,wnba-nyl-dal-2026-07-16,spread_implies_ml,wnba-nyl-dal-2026-07-16-spread-home-1pt5,wnba-nyl-dal-2026-07-16,0.51,0.5,0.01,-0.005,415.0,,,
2026-07-17T07:10:23+00:00,wnba-nyl-dal-2026-07-16,spread_implies_ml,wnba-nyl-dal-2026-07-16-spread-home-1pt5,wnba-nyl-dal-2026-07-16,0.51,0.5,0.01,-0.005,415.0,,,
2026-07-17T07:10:44+00:00,wnba-nyl-dal-2026-07-16,spread_implies_ml,wnba-nyl-dal-2026-07-16-spread-home-1pt5,wnba-nyl-dal-2026-07-16,0.51,0.5,0.01,-0.005,415.0,,,
2026-07-17T07:11:04+00:00,wnba-nyl-dal-2026-07-16,spread_implies_ml,wnba-nyl-dal-2026-07-16-spread-home-1pt5,wnba-nyl-dal-2026-07-16,0.51,0.5,0.01,-0.005,415.0,,,
2026-07-17T07:11:25+00:00,wnba-nyl-dal-2026-07-16,spread_implies_ml,wnba-nyl-dal-2026-07-16-spread-home-1pt5,wnba-nyl-dal-2026-07-16,0.51,0.5,0.01,-0.005,385.0,,,
2026-07-17T07:11:45+00:00,wnba-nyl-dal-2026-07-16,spread_implies_ml,wnba-nyl-dal-2026-07-16-spread-home-1pt5,wnba-nyl-dal-2026-07-16,0.51,0.5,0.01,-0.005,385.0,,,
2026-07-17T07:12:06+00:00,wnba-nyl-dal-2026-07-16,spread_implies_ml,wnba-nyl-dal-2026-07-16-spread-home-1pt5,wnba-nyl-dal-2026-07-16,0.51,0.5,0.01,-0.005,385.0,,,
2026-07-17T07:12:26+00:00,wnba-nyl-dal-2026-07-16,spread_implies_ml,wnba-nyl-dal-2026-07-16-spread-home-1pt5,wnba-nyl-dal-2026-07-16,0.51,0.5,0.01,-0.005,385.0,,,
2026-07-17T07:12:46+00:00,wnba-nyl-dal-2026-07-16,spread_implies_ml,wnba-nyl-dal-2026-07-16-spread-home-1pt5,wnba-nyl-dal-2026-07-16,0.51,0.5,0.01,-0.005,385.0,,,
2026-07-17T07:13:07+00:00,wnba-nyl-dal-2026-07-16,spread_implies_ml,wnba-nyl-dal-2026-07-16-spread-home-1pt5,wnba-nyl-dal-2026-07-16,0.51,0.5,0.01,-0.005,385.0,,,
2026-07-17T07:13:27+00:00,wnba-nyl-dal-2026-07-16,spread_implies_ml,wnba-nyl-dal-2026-07-16-spread-home-1pt5,wnba-nyl-dal-2026-07-16,0.51,0.5,0.01,-0.005,385.0,,,
2026-07-17T07:13:49+00:00,wnba-nyl-dal-2026-07-16,spread_implies_ml,wnba-nyl-dal-2026-07-16-spread-home-1pt5,wnba-nyl-dal-2026-07-16,0.51,0.5,0.01,-0.005,385.0,,,
2026-07-17T07:14:10+00:00,wnba-nyl-dal-2026-07-16,spread_implies_ml,wnba-nyl-dal-2026-07-16-spread-home-1pt5,wnba-nyl-dal-2026-07-16,0.51,0.5,0.01,-0.005,385.0,,,
2026-07-17T07:14:30+00:00,wnba-nyl-dal-2026-07-16,spread_implies_ml,wnba-nyl-dal-2026-07-16-spread-home-1pt5,wnba-nyl-dal-2026-07-16,0.51,0.5,0.01,-0.005,385.0,,,
2026-07-17T07:14:50+00:00,wnba-nyl-dal-2026-07-16,spread_implies_ml,wnba-nyl-dal-2026-07-16-spread-home-1pt5,wnba-nyl-dal-2026-07-16,0.51,0.5,0.01,-0.005,385.0,,,
2026-07-17T07:15:11+00:00,wnba-nyl-dal-2026-07-16,spread_implies_ml,wnba-nyl-dal-2026-07-16-spread-home-1pt5,wnba-nyl-dal-2026-07-16,0.51,0.5,0.01,-0.005,385.0,,,
2026-07-17T07:15:31+00:00,wnba-nyl-dal-2026-07-16,spread_implies_ml,wnba-nyl-dal-2026-07-16-spread-home-1pt5,wnba-nyl-dal-2026-07-16,0.51,0.5,0.01,-0.005,104.0,,,
2026-07-17T07:15:52+00:00,wnba-nyl-dal-2026-07-16,spread_implies_ml,wnba-nyl-dal-2026-07-16-spread-home-1pt5,wnba-nyl-dal-2026-07-16,0.51,0.5,0.01,-0.005,104.0,,,
2026-07-17T07:16:12+00:00,wnba-nyl-dal-2026-07-16,spread_implies_ml,wnba-nyl-dal-2026-07-16-spread-home-1pt5,wnba-nyl-dal-2026-07-16,0.51,0.5,0.01,-0.005,104.0,,,
2026-07-17T07:16:33+00:00,wnba-nyl-dal-2026-07-16,spread_implies_ml,wnba-nyl-dal-2026-07-16-spread-home-1pt5,wnba-nyl-dal-2026-07-16,0.51,0.5,0.01,-0.005,104.0,,,
2026-07-17T07:18:55+00:00,wnba-nyl-dal-2026-07-16,spread_implies_ml,wnba-nyl-dal-2026-07-16-spread-home-1pt5,wnba-nyl-dal-2026-07-16,0.51,0.5,0.01,-0.005,286.0,,,
2026-07-17T07:19:16+00:00,wnba-nyl-dal-2026-07-16,spread_implies_ml,wnba-nyl-dal-2026-07-16-spread-home-1pt5,wnba-nyl-dal-2026-07-16,0.51,0.5,0.01,-0.005,109.0,,,
2026-07-17T07:19:36+00:00,wnba-nyl-dal-2026-07-16,spread_implies_ml,wnba-nyl-dal-2026-07-16-spread-home-1pt5,wnba-nyl-dal-2026-07-16,0.51,0.5,0.01,-0.005,100.0,,,
2026-07-17T07:20:17+00:00,wnba-nyl-dal-2026-07-16,spread_implies_ml,wnba-nyl-dal-2026-07-16-spread-home-1pt5,wnba-nyl-dal-2026-07-16,0.51,0.5,0.01,-0.005,105.0,,,
2026-07-17T07:20:37+00:00,wnba-nyl-dal-2026-07-16,spread_implies_ml,wnba-nyl-dal-2026-07-16-spread-home-1pt5,wnba-nyl-dal-2026-07-16,0.51,0.5,0.01,-0.005,93.0,,,
2026-07-17T07:20:58+00:00,wnba-nyl-dal-2026-07-16,spread_implies_ml,wnba-nyl-dal-2026-07-16-spread-home-1pt5,wnba-nyl-dal-2026-07-16,0.51,0.5,0.01,-0.005,88.0,,,
2026-07-17T07:21:18+00:00,wnba-nyl-dal-2026-07-16,spread_implies_ml,wnba-nyl-dal-2026-07-16-spread-home-1pt5,wnba-nyl-dal-2026-07-16,0.51,0.5,0.01,-0.005,391.0,,,
2026-07-17T07:21:38+00:00,wnba-nyl-dal-2026-07-16,spread_implies_ml,wnba-nyl-dal-2026-07-16-spread-home-1pt5,wnba-nyl-dal-2026-07-16,0.51,0.5,0.01,-0.005,391.0,,,
2026-07-17T07:21:59+00:00,wnba-nyl-dal-2026-07-16,spread_implies_ml,wnba-nyl-dal-2026-07-16-spread-home-1pt5,wnba-nyl-dal-2026-07-16,0.51,0.5,0.01,-0.005,391.0,,,
2026-07-17T07:22:40+00:00,wnba-nyl-dal-2026-07-16,spread_implies_ml,wnba-nyl-dal-2026-07-16-spread-home-1pt5,wnba-nyl-dal-2026-07-16,0.51,0.5,0.01,-0.005,99.0,,,
2026-07-17T07:23:41+00:00,wnba-nyl-dal-2026-07-16,spread_implies_ml,wnba-nyl-dal-2026-07-16-spread-home-1pt5,wnba-nyl-dal-2026-07-16,0.51,0.5,0.01,-0.005,98.0,,,
2026-07-17T07:24:04+00:00,wnba-nyl-dal-2026-07-16,spread_implies_ml,wnba-nyl-dal-2026-07-16-spread-home-1pt5,wnba-nyl-dal-2026-07-16,0.51,0.5,0.01,-0.005,98.0,,,
2026-07-17T07:24:24+00:00,wnba-nyl-dal-2026-07-16,spread_implies_ml,wnba-nyl-dal-2026-07-16-spread-home-1pt5,wnba-nyl-dal-2026-07-16,0.51,0.5,0.01,-0.005,552.0,,,
2026-07-17T07:24:45+00:00,wnba-nyl-dal-2026-07-16,spread_implies_ml,wnba-nyl-dal-2026-07-16-spread-home-1pt5,wnba-nyl-dal-2026-07-16,0.51,0.5,0.01,-0.005,552.0,,,
2026-07-17T07:25:05+00:00,wnba-nyl-dal-2026-07-16,spread_implies_ml,wnba-nyl-dal-2026-07-16-spread-home-1pt5,wnba-nyl-dal-2026-07-16,0.51,0.49,0.02,0.005,431.0,0.01,True,True
2026-07-17T07:25:31+00:00,wnba-nyl-dal-2026-07-16,spread_implies_ml,wnba-nyl-dal-2026-07-16-spread-home-1pt5,wnba-nyl-dal-2026-07-16,0.51,0.5,0.01,-0.005,269.0,,,
2026-07-17T07:25:51+00:00,wnba-nyl-dal-2026-07-16,spread_implies_ml,wnba-nyl-dal-2026-07-16-spread-home-1pt5,wnba-nyl-dal-2026-07-16,0.51,0.5,0.01,-0.005,250.0,,,
2026-07-17T07:26:11+00:00,wnba-nyl-dal-2026-07-16,spread_implies_ml,wnba-nyl-dal-2026-07-16-spread-home-1pt5,wnba-nyl-dal-2026-07-16,0.51,0.5,0.01,-0.005,250.0,,,
2026-07-17T07:26:32+00:00,wnba-nyl-dal-2026-07-16,spread_implies_ml,wnba-nyl-dal-2026-07-16-spread-home-1pt5,wnba-nyl-dal-2026-07-16,0.51,0.5,0.01,-0.005,160.0,,,
2026-07-17T07:26:52+00:00,wnba-nyl-dal-2026-07-16,spread_implies_ml,wnba-nyl-dal-2026-07-16-spread-home-1pt5,wnba-nyl-dal-2026-07-16,0.51,0.5,0.01,-0.005,252.0,,,
2026-07-17T07:27:12+00:00,wnba-nyl-dal-2026-07-16,spread_implies_ml,wnba-nyl-dal-2026-07-16-spread-home-1pt5,wnba-nyl-dal-2026-07-16,0.51,0.5,0.01,-0.005,252.0,,,
2026-07-17T07:27:33+00:00,wnba-nyl-dal-2026-07-16,spread_implies_ml,wnba-nyl-dal-2026-07-16-spread-home-1pt5,wnba-nyl-dal-2026-07-16,0.51,0.5,0.01,-0.005,386.0,,,
2026-07-17T07:27:53+00:00,wnba-nyl-dal-2026-07-16,spread_implies_ml,wnba-nyl-dal-2026-07-16-spread-home-1pt5,wnba-nyl-dal-2026-07-16,0.51,0.5,0.01,-0.005,386.0,,,
2026-07-17T07:28:54+00:00,wnba-nyl-dal-2026-07-16,spread_implies_ml,wnba-nyl-dal-2026-07-16-spread-home-1pt5,wnba-nyl-dal-2026-07-16,0.51,0.5,0.01,-0.005,441.0,,,
2026-07-17T07:29:14+00:00,wnba-nyl-dal-2026-07-16,spread_implies_ml,wnba-nyl-dal-2026-07-16-spread-home-1pt5,wnba-nyl-dal-2026-07-16,0.51,0.5,0.01,-0.005,441.0,,,
2026-07-17T07:29:35+00:00,wnba-nyl-dal-2026-07-16,spread_implies_ml,wnba-nyl-dal-2026-07-16-spread-home-1pt5,wnba-nyl-dal-2026-07-16,0.51,0.5,0.01,-0.005,441.0,,,
2026-07-17T07:29:55+00:00,wnba-nyl-dal-2026-07-16,spread_implies_ml,wnba-nyl-dal-2026-07-16-spread-home-1pt5,wnba-nyl-dal-2026-07-16,0.51,0.5,0.01,-0.005,441.0,,,
2026-07-17T07:30:15+00:00,wnba-nyl-dal-2026-07-16,spread_implies_ml,wnba-nyl-dal-2026-07-16-spread-home-1pt5,wnba-nyl-dal-2026-07-16,0.51,0.5,0.01,-0.005,441.0,,,
2026-07-17T07:30:36+00:00,wnba-nyl-dal-2026-07-16,spread_implies_ml,wnba-nyl-dal-2026-07-16-spread-home-1pt5,wnba-nyl-dal-2026-07-16,0.51,0.5,0.01,-0.005,441.0,,,
2026-07-17T07:30:57+00:00,wnba-nyl-dal-2026-07-16,spread_implies_ml,wnba-nyl-dal-2026-07-16-spread-home-1pt5,wnba-nyl-dal-2026-07-16,0.51,0.5,0.01,-0.005,441.0,,,
2026-07-17T07:31:17+00:00,wnba-nyl-dal-2026-07-16,spread_implies_ml,wnba-nyl-dal-2026-07-16-spread-home-1pt5,wnba-nyl-dal-2026-07-16,0.51,0.5,0.01,-0.005,441.0,,,
2026-07-17T07:31:37+00:00,wnba-nyl-dal-2026-07-16,spread_implies_ml,wnba-nyl-dal-2026-07-16-spread-home-1pt5,wnba-nyl-dal-2026-07-16,0.51,0.5,0.01,-0.005,441.0,,,
2026-07-17T07:31:58+00:00,wnba-nyl-dal-2026-07-16,spread_implies_ml,wnba-nyl-dal-2026-07-16-spread-home-1pt5,wnba-nyl-dal-2026-07-16,0.51,0.5,0.01,-0.005,441.0,,,
2026-07-17T07:32:18+00:00,wnba-nyl-dal-2026-07-16,spread_implies_ml,wnba-nyl-dal-2026-07-16-spread-home-1pt5,wnba-nyl-dal-2026-07-16,0.51,0.5,0.01,-0.005,441.0,,,
2026-07-17T07:32:38+00:00,wnba-nyl-dal-2026-07-16,spread_implies_ml,wnba-nyl-dal-2026-07-16-spread-home-1pt5,wnba-nyl-dal-2026-07-16,0.51,0.5,0.01,-0.005,441.0,,,
2026-07-17T07:32:59+00:00,wnba-nyl-dal-2026-07-16,spread_implies_ml,wnba-nyl-dal-2026-07-16-spread-home-1pt5,wnba-nyl-dal-2026-07-16,0.51,0.5,0.01,-0.005,441.0,,,
2026-07-17T07:33:19+00:00,wnba-nyl-dal-2026-07-16,spread_implies_ml,wnba-nyl-dal-2026-07-16-spread-home-1pt5,wnba-nyl-dal-2026-07-16,0.51,0.5,0.01,-0.005,441.0,,,
2026-07-17T07:33:39+00:00,wnba-nyl-dal-2026-07-16,spread_implies_ml,wnba-nyl-dal-2026-07-16-spread-home-1pt5,wnba-nyl-dal-2026-07-16,0.51,0.5,0.01,-0.005,441.0,,,
2026-07-17T07:34:00+00:00,wnba-nyl-dal-2026-07-16,spread_implies_ml,wnba-nyl-dal-2026-07-16-spread-home-1pt5,wnba-nyl-dal-2026-07-16,0.51,0.5,0.01,-0.005,441.0,,,
2026-07-17T07:34:22+00:00,wnba-nyl-dal-2026-07-16,spread_implies_ml,wnba-nyl-dal-2026-07-16-spread-home-1pt5,wnba-nyl-dal-2026-07-16,0.51,0.5,0.01,-0.005,441.0,,,
2026-07-17T07:34:42+00:00,wnba-nyl-dal-2026-07-16,spread_implies_ml,wnba-nyl-dal-2026-07-16-spread-home-1pt5,wnba-nyl-dal-2026-07-16,0.51,0.5,0.01,-0.005,441.0,,,
2026-07-17T07:37:46+00:00,wnba-nyl-dal-2026-07-16,spread_implies_ml,wnba-nyl-dal-2026-07-16-spread-home-1pt5,wnba-nyl-dal-2026-07-16,0.51,0.5,0.01,-0.005,441.0,,,
2026-07-17T07:38:06+00:00,wnba-nyl-dal-2026-07-16,spread_implies_ml,wnba-nyl-dal-2026-07-16-spread-home-1pt5,wnba-nyl-dal-2026-07-16,0.51,0.5,0.01,-0.005,441.0,,,
2026-07-17T07:38:26+00:00,wnba-nyl-dal-2026-07-16,spread_implies_ml,wnba-nyl-dal-2026-07-16-spread-home-1pt5,wnba-nyl-dal-2026-07-16,0.51,0.5,0.01,-0.005,441.0,,,
2026-07-17T07:41:10+00:00,wnba-nyl-dal-2026-07-16,spread_implies_ml,wnba-nyl-dal-2026-07-16-spread-home-1pt5,wnba-nyl-dal-2026-07-16,0.51,0.5,0.01,-0.005,441.0,,,
2026-07-17T07:41:30+00:00,wnba-nyl-dal-2026-07-16,spread_implies_ml,wnba-nyl-dal-2026-07-16-spread-home-1pt5,wnba-nyl-dal-2026-07-16,0.51,0.5,0.01,-0.005,441.0,,,
2026-07-17T07:41:50+00:00,wnba-nyl-dal-2026-07-16,spread_implies_ml,wnba-nyl-dal-2026-07-16-spread-home-1pt5,wnba-nyl-dal-2026-07-16,0.51,0.5,0.01,-0.005,441.0,,,
2026-07-17T07:42:11+00:00,wnba-nyl-dal-2026-07-16,spread_implies_ml,wnba-nyl-dal-2026-07-16-spread-home-1pt5,wnba-nyl-dal-2026-07-16,0.51,0.5,0.01,-0.005,441.0,,,
2026-07-17T07:42:32+00:00,wnba-nyl-dal-2026-07-16,spread_implies_ml,wnba-nyl-dal-2026-07-16-spread-home-1pt5,wnba-nyl-dal-2026-07-16,0.51,0.5,0.01,-0.005,441.0,,,
2026-07-17T07:42:52+00:00,wnba-nyl-dal-2026-07-16,spread_implies_ml,wnba-nyl-dal-2026-07-16-spread-home-1pt5,wnba-nyl-dal-2026-07-16,0.51,0.5,0.01,-0.005,441.0,,,
2026-07-17T07:43:12+00:00,wnba-nyl-dal-2026-07-16,spread_implies_ml,wnba-nyl-dal-2026-07-16-spread-home-1pt5,wnba-nyl-dal-2026-07-16,0.51,0.5,0.01,-0.005,441.0,,,
2026-07-17T07:43:33+00:00,wnba-nyl-dal-2026-07-16,spread_implies_ml,wnba-nyl-dal-2026-07-16-spread-home-1pt5,wnba-nyl-dal-2026-07-16,0.51,0.5,0.01,-0.005,441.0,,,
2026-07-17T07:43:53+00:00,wnba-nyl-dal-2026-07-16,spread_implies_ml,wnba-nyl-dal-2026-07-16-spread-home-1pt5,wnba-nyl-dal-2026-07-16,0.51,0.5,0.01,-0.005,441.0,,,
2026-07-17T07:46:25+00:00,wnba-nyl-dal-2026-07-16,spread_implies_ml,wnba-nyl-dal-2026-07-16-spread-home-1pt5,wnba-nyl-dal-2026-07-16,0.51,0.5,0.01,-0.005,367.0,,,
2026-07-17T07:46:45+00:00,wnba-nyl-dal-2026-07-16,spread_implies_ml,wnba-nyl-dal-2026-07-16-spread-home-1pt5,wnba-nyl-dal-2026-07-16,0.51,0.5,0.01,-0.005,367.0,,,
2026-07-17T07:47:06+00:00,wnba-nyl-dal-2026-07-16,spread_implies_ml,wnba-nyl-dal-2026-07-16-spread-home-1pt5,wnba-nyl-dal-2026-07-16,0.51,0.5,0.01,-0.005,367.0,,,
2026-07-17T07:49:28+00:00,wnba-nyl-dal-2026-07-16,spread_implies_ml,wnba-nyl-dal-2026-07-16-spread-home-1pt5,wnba-nyl-dal-2026-07-16,0.51,0.5,0.01,-0.005,404.0,,,
2026-07-17T07:49:48+00:00,wnba-nyl-dal-2026-07-16,spread_implies_ml,wnba-nyl-dal-2026-07-16-spread-home-1pt5,wnba-nyl-dal-2026-07-16,0.51,0.5,0.01,-0.005,404.0,,,
2026-07-17T07:50:09+00:00,wnba-nyl-dal-2026-07-16,spread_implies_ml,wnba-nyl-dal-2026-07-16-spread-home-1pt5,wnba-nyl-dal-2026-07-16,0.51,0.5,0.01,-0.005,404.0,,,
2026-07-17T07:50:29+00:00,wnba-nyl-dal-2026-07-16,spread_implies_ml,wnba-nyl-dal-2026-07-16-spread-home-1pt5,wnba-nyl-dal-2026-07-16,0.51,0.5,0.01,-0.005,404.0,,,
2026-07-17T07:50:49+00:00,wnba-nyl-dal-2026-07-16,spread_implies_ml,wnba-nyl-dal-2026-07-16-spread-home-1pt5,wnba-nyl-dal-2026-07-16,0.51,0.5,0.01,-0.005,404.0,,,
2026-07-17T07:53:32+00:00,wnba-nyl-dal-2026-07-16,spread_implies_ml,wnba-nyl-dal-2026-07-16-spread-home-1pt5,wnba-nyl-dal-2026-07-16,0.51,0.5,0.01,-0.005,415.6,,,
2026-07-17T07:53:52+00:00,wnba-nyl-dal-2026-07-16,spread_implies_ml,wnba-nyl-dal-2026-07-16-spread-home-1pt5,wnba-nyl-dal-2026-07-16,0.51,0.5,0.01,-0.005,415.6,,,
2026-07-17T07:54:13+00:00,wnba-nyl-dal-2026-07-16,spread_implies_ml,wnba-nyl-dal-2026-07-16-spread-home-1pt5,wnba-nyl-dal-2026-07-16,0.51,0.5,0.01,-0.005,415.6,,,
2026-07-17T07:54:33+00:00,wnba-nyl-dal-2026-07-16,spread_implies_ml,wnba-nyl-dal-2026-07-16-spread-home-1pt5,wnba-nyl-dal-2026-07-16,0.51,0.5,0.01,-0.005,415.6,,,
2026-07-17T07:54:55+00:00,wnba-nyl-dal-2026-07-16,spread_implies_ml,wnba-nyl-dal-2026-07-16-spread-home-1pt5,wnba-nyl-dal-2026-07-16,0.51,0.5,0.01,-0.005,415.6,,,
2026-07-17T07:55:15+00:00,wnba-nyl-dal-2026-07-16,spread_implies_ml,wnba-nyl-dal-2026-07-16-spread-home-1pt5,wnba-nyl-dal-2026-07-16,0.51,0.5,0.01,-0.005,415.6,,,
2026-07-17T07:55:36+00:00,wnba-nyl-dal-2026-07-16,spread_implies_ml,wnba-nyl-dal-2026-07-16-spread-home-1pt5,wnba-nyl-dal-2026-07-16,0.51,0.5,0.01,-0.005,415.6,,,
2026-07-17T07:55:56+00:00,wnba-nyl-dal-2026-07-16,spread_implies_ml,wnba-nyl-dal-2026-07-16-spread-home-1pt5,wnba-nyl-dal-2026-07-16,0.51,0.5,0.01,-0.005,416.0,,,
2026-07-17T07:56:16+00:00,wnba-nyl-dal-2026-07-16,spread_implies_ml,wnba-nyl-dal-2026-07-16-spread-home-1pt5,wnba-nyl-dal-2026-07-16,0.51,0.5,0.01,-0.005,416.0,,,
2026-07-17T07:56:37+00:00,wnba-nyl-dal-2026-07-16,spread_implies_ml,wnba-nyl-dal-2026-07-16-spread-home-1pt5,wnba-nyl-dal-2026-07-16,0.51,0.5,0.01,-0.005,416.0,,,
2026-07-17T07:56:57+00:00,wnba-nyl-dal-2026-07-16,spread_implies_ml,wnba-nyl-dal-2026-07-16-spread-home-1pt5,wnba-nyl-dal-2026-07-16,0.51,0.5,0.01,-0.005,416.0,,,
2026-07-17T07:57:17+00:00,wnba-nyl-dal-2026-07-16,spread_implies_ml,wnba-nyl-dal-2026-07-16-spread-home-1pt5,wnba-nyl-dal-2026-07-16,0.51,0.5,0.01,-0.005,416.0,,,
2026-07-17T07:57:38+00:00,wnba-nyl-dal-2026-07-16,spread_implies_ml,wnba-nyl-dal-2026-07-16-spread-home-1pt5,wnba-nyl-dal-2026-07-16,0.51,0.5,0.01,-0.005,416.0,,,
2026-07-17T08:13:15+00:00,wnba-nyl-dal-2026-07-16,spread_implies_ml,wnba-nyl-dal-2026-07-16-spread-home-1pt5,wnba-nyl-dal-2026-07-16,0.51,0.5,0.01,-0.005,5.0,,,
2026-07-17T08:13:35+00:00,wnba-nyl-dal-2026-07-16,spread_implies_ml,wnba-nyl-dal-2026-07-16-spread-home-1pt5,wnba-nyl-dal-2026-07-16,0.51,0.5,0.01,-0.005,5.0,,,
2026-07-17T08:13:55+00:00,wnba-nyl-dal-2026-07-16,spread_implies_ml,wnba-nyl-dal-2026-07-16-spread-home-1pt5,wnba-nyl-dal-2026-07-16,0.51,0.5,0.01,-0.005,5.0,,,
2026-07-17T08:14:16+00:00,wnba-nyl-dal-2026-07-16,spread_implies_ml,wnba-nyl-dal-2026-07-16-spread-home-1pt5,wnba-nyl-dal-2026-07-16,0.51,0.5,0.01,-0.005,5.0,,,
2026-07-17T08:14:56+00:00,wnba-nyl-dal-2026-07-16,spread_implies_ml,wnba-nyl-dal-2026-07-16-spread-home-1pt5,wnba-nyl-dal-2026-07-16,0.51,0.5,0.01,-0.005,5.0,,,
2026-07-17T08:15:18+00:00,wnba-nyl-dal-2026-07-16,spread_implies_ml,wnba-nyl-dal-2026-07-16-spread-home-1pt5,wnba-nyl-dal-2026-07-16,0.51,0.5,0.01,-0.005,165.0,,,
2026-07-17T08:15:39+00:00,wnba-nyl-dal-2026-07-16,spread_implies_ml,wnba-nyl-dal-2026-07-16-spread-home-1pt5,wnba-nyl-dal-2026-07-16,0.51,0.5,0.01,-0.005,165.0,,,
2026-07-17T08:15:59+00:00,wnba-nyl-dal-2026-07-16,spread_implies_ml,wnba-nyl-dal-2026-07-16-spread-home-1pt5,wnba-nyl-dal-2026-07-16,0.51,0.5,0.01,-0.005,165.0,,,
2026-07-17T08:16:19+00:00,wnba-nyl-dal-2026-07-16,spread_implies_ml,wnba-nyl-dal-2026-07-16-spread-home-1pt5,wnba-nyl-dal-2026-07-16,0.51,0.5,0.01,-0.005,165.0,,,
2026-07-17T08:16:40+00:00,wnba-nyl-dal-2026-07-16,spread_implies_ml,wnba-nyl-dal-2026-07-16-spread-home-1pt5,wnba-nyl-dal-2026-07-16,0.51,0.5,0.01,-0.005,165.0,,,
2026-07-17T08:17:21+00:00,wnba-nyl-dal-2026-07-16,spread_implies_ml,wnba-nyl-dal-2026-07-16-spread-home-1pt5,wnba-nyl-dal-2026-07-16,0.51,0.5,0.01,-0.005,5.0,,,
2026-07-17T08:17:41+00:00,wnba-nyl-dal-2026-07-16,spread_implies_ml,wnba-nyl-dal-2026-07-16-spread-home-1pt5,wnba-nyl-dal-2026-07-16,0.51,0.5,0.01,-0.005,5.0,,,
2026-07-17T08:18:22+00:00,wnba-nyl-dal-2026-07-16,spread_implies_ml,wnba-nyl-dal-2026-07-16-spread-home-1pt5,wnba-nyl-dal-2026-07-16,0.51,0.5,0.01,-0.005,5.0,,,
2026-07-17T08:19:02+00:00,wnba-nyl-dal-2026-07-16,spread_implies_ml,wnba-nyl-dal-2026-07-16-spread-home-1pt5,wnba-nyl-dal-2026-07-16,0.51,0.5,0.01,-0.005,5.0,,,
2026-07-17T08:19:23+00:00,wnba-nyl-dal-2026-07-16,spread_implies_ml,wnba-nyl-dal-2026-07-16-spread-home-1pt5,wnba-nyl-dal-2026-07-16,0.51,0.5,0.01,-0.005,5.0,,,
2026-07-17T08:19:43+00:00,wnba-nyl-dal-2026-07-16,spread_implies_ml,wnba-nyl-dal-2026-07-16-spread-home-1pt5,wnba-nyl-dal-2026-07-16,0.51,0.5,0.01,-0.005,5.0,,,
2026-07-17T08:20:03+00:00,wnba-nyl-dal-2026-07-16,spread_implies_ml,wnba-nyl-dal-2026-07-16-spread-home-1pt5,wnba-nyl-dal-2026-07-16,0.51,0.5,0.01,-0.005,5.0,,,
2026-07-17T08:20:44+00:00,wnba-nyl-dal-2026-07-16,spread_implies_ml,wnba-nyl-dal-2026-07-16-spread-home-1pt5,wnba-nyl-dal-2026-07-16,0.51,0.5,0.01,-0.005,5.0,,,
2026-07-17T08:21:25+00:00,wnba-nyl-dal-2026-07-16,spread_implies_ml,wnba-nyl-dal-2026-07-16-spread-home-1pt5,wnba-nyl-dal-2026-07-16,0.51,0.5,0.01,-0.005,165.0,,,
2026-07-17T08:21:45+00:00,wnba-nyl-dal-2026-07-16,spread_implies_ml,wnba-nyl-dal-2026-07-16-spread-home-1pt5,wnba-nyl-dal-2026-07-16,0.51,0.5,0.01,-0.005,165.0,,,
2026-07-17T08:22:05+00:00,wnba-nyl-dal-2026-07-16,spread_implies_ml,wnba-nyl-dal-2026-07-16-spread-home-1pt5,wnba-nyl-dal-2026-07-16,0.51,0.5,0.01,-0.005,165.0,,,
2026-07-17T08:22:26+00:00,wnba-nyl-dal-2026-07-16,spread_implies_ml,wnba-nyl-dal-2026-07-16-spread-home-1pt5,wnba-nyl-dal-2026-07-16,0.51,0.5,0.01,-0.005,165.0,,,
2026-07-17T08:25:08+00:00,wnba-nyl-dal-2026-07-16,spread_implies_ml,wnba-nyl-dal-2026-07-16-spread-home-1pt5,wnba-nyl-dal-2026-07-16,0.51,0.5,0.01,-0.005,165.0,,,
2026-07-17T08:25:31+00:00,wnba-nyl-dal-2026-07-16,spread_implies_ml,wnba-nyl-dal-2026-07-16-spread-home-1pt5,wnba-nyl-dal-2026-07-16,0.51,0.5,0.01,-0.005,165.0,,,
2026-07-17T08:25:51+00:00,wnba-nyl-dal-2026-07-16,spread_implies_ml,wnba-nyl-dal-2026-07-16-spread-home-1pt5,wnba-nyl-dal-2026-07-16,0.51,0.5,0.01,-0.005,165.0,,,
2026-07-17T08:26:12+00:00,wnba-nyl-dal-2026-07-16,spread_implies_ml,wnba-nyl-dal-2026-07-16-spread-home-1pt5,wnba-nyl-dal-2026-07-16,0.51,0.5,0.01,-0.005,165.0,,,
2026-07-17T08:26:32+00:00,wnba-nyl-dal-2026-07-16,spread_implies_ml,wnba-nyl-dal-2026-07-16-spread-home-1pt5,wnba-nyl-dal-2026-07-16,0.51,0.49,0.02,0.005,179.0,0.02,True,True
2026-07-17T08:26:58+00:00,wnba-nyl-dal-2026-07-16,spread_implies_ml,wnba-nyl-dal-2026-07-16-spread-home-1pt5,wnba-nyl-dal-2026-07-16,0.51,0.49,0.02,0.005,19.0,0.02,True,True
2026-07-17T08:27:23+00:00,wnba-nyl-dal-2026-07-16,spread_implies_ml,wnba-nyl-dal-2026-07-16-spread-home-1pt5,wnba-nyl-dal-2026-07-16,0.51,0.49,0.02,0.005,19.0,0.02,True,True
2026-07-17T08:27:49+00:00,wnba-nyl-dal-2026-07-16,spread_implies_ml,wnba-nyl-dal-2026-07-16-spread-home-1pt5,wnba-nyl-dal-2026-07-16,0.51,0.49,0.02,0.005,29.0,0.02,True,True
2026-07-17T08:28:14+00:00,wnba-nyl-dal-2026-07-16,spread_implies_ml,wnba-nyl-dal-2026-07-16-spread-home-1pt5,wnba-nyl-dal-2026-07-16,0.51,0.49,0.02,0.005,29.0,0.02,True,True
2026-07-17T08:28:40+00:00,wnba-nyl-dal-2026-07-16,spread_implies_ml,wnba-nyl-dal-2026-07-16-spread-home-1pt5,wnba-nyl-dal-2026-07-16,0.51,0.49,0.02,0.005,29.0,0.02,True,True
2026-07-17T08:29:05+00:00,wnba-nyl-dal-2026-07-16,spread_implies_ml,wnba-nyl-dal-2026-07-16-spread-home-1pt5,wnba-nyl-dal-2026-07-16,0.51,0.49,0.02,0.005,29.0,0.02,True,True
2026-07-17T08:29:31+00:00,wnba-nyl-dal-2026-07-16,spread_implies_ml,wnba-nyl-dal-2026-07-16-spread-home-1pt5,wnba-nyl-dal-2026-07-16,0.51,0.49,0.02,0.005,29.0,0.02,True,True
2026-07-17T08:29:56+00:00,wnba-nyl-dal-2026-07-16,spread_implies_ml,wnba-nyl-dal-2026-07-16-spread-home-1pt5,wnba-nyl-dal-2026-07-16,0.51,0.49,0.02,0.005,29.0,0.02,True,True
2026-07-17T08:30:22+00:00,wnba-nyl-dal-2026-07-16,spread_implies_ml,wnba-nyl-dal-2026-07-16-spread-home-1pt5,wnba-nyl-dal-2026-07-16,0.51,0.49,0.02,0.005,29.0,0.02,True,True
2026-07-17T08:30:47+00:00,wnba-nyl-dal-2026-07-16,spread_implies_ml,wnba-nyl-dal-2026-07-16-spread-home-1pt5,wnba-nyl-dal-2026-07-16,0.51,0.49,0.02,0.005,29.0,0.02,True,True
2026-07-17T08:31:13+00:00,wnba-nyl-dal-2026-07-16,spread_implies_ml,wnba-nyl-dal-2026-07-16-spread-home-1pt5,wnba-nyl-dal-2026-07-16,0.51,0.49,0.02,0.005,29.0,0.02,True,True
2026-07-17T08:31:39+00:00,wnba-nyl-dal-2026-07-16,spread_implies_ml,wnba-nyl-dal-2026-07-16-spread-home-1pt5,wnba-nyl-dal-2026-07-16,0.51,0.49,0.02,0.005,29.0,0.02,True,True
2026-07-17T08:32:04+00:00,wnba-nyl-dal-2026-07-16,spread_implies_ml,wnba-nyl-dal-2026-07-16-spread-home-1pt5,wnba-nyl-dal-2026-07-16,0.51,0.49,0.02,0.005,29.0,0.02,True,True
2026-07-17T08:32:30+00:00,wnba-nyl-dal-2026-07-16,spread_implies_ml,wnba-nyl-dal-2026-07-16-spread-home-1pt5,wnba-nyl-dal-2026-07-16,0.51,0.49,0.02,0.005,19.0,0.02,True,True
2026-07-17T08:32:55+00:00,wnba-nyl-dal-2026-07-16,spread_implies_ml,wnba-nyl-dal-2026-07-16-spread-home-1pt5,wnba-nyl-dal-2026-07-16,0.51,0.49,0.02,0.005,19.0,0.02,True,True
2026-07-17T08:33:21+00:00,wnba-nyl-dal-2026-07-16,spread_implies_ml,wnba-nyl-dal-2026-07-16-spread-home-1pt5,wnba-nyl-dal-2026-07-16,0.51,0.49,0.02,0.005,19.0,0.02,True,True
2026-07-17T08:33:46+00:00,wnba-nyl-dal-2026-07-16,spread_implies_ml,wnba-nyl-dal-2026-07-16-spread-home-1pt5,wnba-nyl-dal-2026-07-16,0.51,0.49,0.02,0.005,19.0,0.02,True,True
2026-07-17T08:34:12+00:00,wnba-nyl-dal-2026-07-16,spread_implies_ml,wnba-nyl-dal-2026-07-16-spread-home-1pt5,wnba-nyl-dal-2026-07-16,0.51,0.49,0.02,0.005,29.0,0.02,True,True
2026-07-17T08:34:37+00:00,wnba-nyl-dal-2026-07-16,spread_implies_ml,wnba-nyl-dal-2026-07-16-spread-home-1pt5,wnba-nyl-dal-2026-07-16,0.51,0.49,0.02,0.005,19.0,0.02,True,True
2026-07-17T08:35:03+00:00,wnba-nyl-dal-2026-07-16,spread_implies_ml,wnba-nyl-dal-2026-07-16-spread-home-1pt5,wnba-nyl-dal-2026-07-16,0.51,0.49,0.02,0.005,19.0,0.02,True,True
2026-07-17T08:35:28+00:00,wnba-nyl-dal-2026-07-16,spread_implies_ml,wnba-nyl-dal-2026-07-16-spread-home-1pt5,wnba-nyl-dal-2026-07-16,0.51,0.49,0.02,0.005,19.0,0.02,True,True
2026-07-17T08:35:57+00:00,wnba-nyl-dal-2026-07-16,spread_implies_ml,wnba-nyl-dal-2026-07-16-spread-home-1pt5,wnba-nyl-dal-2026-07-16,0.51,0.49,0.02,0.005,19.0,0.02,True,True
2026-07-17T08:36:23+00:00,wnba-nyl-dal-2026-07-16,spread_implies_ml,wnba-nyl-dal-2026-07-16-spread-home-1pt5,wnba-nyl-dal-2026-07-16,0.51,0.49,0.02,0.005,19.0,0.02,True,True
2026-07-17T08:36:48+00:00,wnba-nyl-dal-2026-07-16,spread_implies_ml,wnba-nyl-dal-2026-07-16-spread-home-1pt5,wnba-nyl-dal-2026-07-16,0.51,0.49,0.02,0.005,19.0,0.02,True,True
2026-07-17T08:37:14+00:00,wnba-nyl-dal-2026-07-16,spread_implies_ml,wnba-nyl-dal-2026-07-16-spread-home-1pt5,wnba-nyl-dal-2026-07-16,0.51,0.49,0.02,0.005,19.0,0.02,True,True
2026-07-17T08:37:39+00:00,wnba-nyl-dal-2026-07-16,spread_implies_ml,wnba-nyl-dal-2026-07-16-spread-home-1pt5,wnba-nyl-dal-2026-07-16,0.51,0.49,0.02,0.005,19.0,0.02,True,True
2026-07-17T08:38:05+00:00,wnba-nyl-dal-2026-07-16,spread_implies_ml,wnba-nyl-dal-2026-07-16-spread-home-1pt5,wnba-nyl-dal-2026-07-16,0.51,0.49,0.02,0.005,19.0,0.02,True,True
2026-07-17T08:38:30+00:00,wnba-nyl-dal-2026-07-16,spread_implies_ml,wnba-nyl-dal-2026-07-16-spread-home-1pt5,wnba-nyl-dal-2026-07-16,0.51,0.49,0.02,0.005,19.0,0.02,True,True
2026-07-17T08:38:56+00:00,wnba-nyl-dal-2026-07-16,spread_implies_ml,wnba-nyl-dal-2026-07-16-spread-home-1pt5,wnba-nyl-dal-2026-07-16,0.51,0.49,0.02,0.005,19.0,0.02,True,True
2026-07-17T08:39:21+00:00,wnba-nyl-dal-2026-07-16,spread_implies_ml,wnba-nyl-dal-2026-07-16-spread-home-1pt5,wnba-nyl-dal-2026-07-16,0.51,0.49,0.02,0.005,19.0,0.02,True,True
2026-07-17T08:39:47+00:00,wnba-nyl-dal-2026-07-16,spread_implies_ml,wnba-nyl-dal-2026-07-16-spread-home-1pt5,wnba-nyl-dal-2026-07-16,0.51,0.49,0.02,0.005,19.0,0.02,True,True
2026-07-17T08:40:12+00:00,wnba-nyl-dal-2026-07-16,spread_implies_ml,wnba-nyl-dal-2026-07-16-spread-home-1pt5,wnba-nyl-dal-2026-07-16,0.51,0.49,0.02,0.005,19.0,0.02,True,True
2026-07-17T08:40:38+00:00,wnba-nyl-dal-2026-07-16,spread_implies_ml,wnba-nyl-dal-2026-07-16-spread-home-1pt5,wnba-nyl-dal-2026-07-16,0.51,0.49,0.02,0.005,19.0,0.02,True,True
2026-07-17T08:41:04+00:00,wnba-nyl-dal-2026-07-16,spread_implies_ml,wnba-nyl-dal-2026-07-16-spread-home-1pt5,wnba-nyl-dal-2026-07-16,0.51,0.49,0.02,0.005,19.0,0.02,True,True
2026-07-17T08:41:29+00:00,wnba-nyl-dal-2026-07-16,spread_implies_ml,wnba-nyl-dal-2026-07-16-spread-home-1pt5,wnba-nyl-dal-2026-07-16,0.51,0.49,0.02,0.005,19.0,0.02,True,True
2026-07-17T08:41:55+00:00,wnba-nyl-dal-2026-07-16,spread_implies_ml,wnba-nyl-dal-2026-07-16-spread-home-1pt5,wnba-nyl-dal-2026-07-16,0.51,0.49,0.02,0.005,19.0,0.02,True,True
2026-07-17T08:42:20+00:00,wnba-nyl-dal-2026-07-16,spread_implies_ml,wnba-nyl-dal-2026-07-16-spread-home-1pt5,wnba-nyl-dal-2026-07-16,0.51,0.49,0.02,0.005,19.0,0.02,True,True
2026-07-17T08:42:46+00:00,wnba-nyl-dal-2026-07-16,spread_implies_ml,wnba-nyl-dal-2026-07-16-spread-home-1pt5,wnba-nyl-dal-2026-07-16,0.51,0.49,0.02,0.005,19.0,0.02,True,True
2026-07-17T08:43:11+00:00,wnba-nyl-dal-2026-07-16,spread_implies_ml,wnba-nyl-dal-2026-07-16-spread-home-1pt5,wnba-nyl-dal-2026-07-16,0.51,0.49,0.02,0.005,19.0,0.02,True,True
2026-07-17T08:43:37+00:00,wnba-nyl-dal-2026-07-16,spread_implies_ml,wnba-nyl-dal-2026-07-16-spread-home-1pt5,wnba-nyl-dal-2026-07-16,0.51,0.49,0.02,0.005,19.0,0.02,True,True
2026-07-17T08:44:02+00:00,wnba-nyl-dal-2026-07-16,spread_implies_ml,wnba-nyl-dal-2026-07-16-spread-home-1pt5,wnba-nyl-dal-2026-07-16,0.51,0.49,0.02,0.005,19.0,0.02,True,True
2026-07-17T14:01:45+00:00,lol-al-kc-2026-07-17,over_ladder,lol-al-kc-2026-07-17-game1-kill-over-39pt5,lol-al-kc-2026-07-17-game1-kill-over-30pt5,0.01,0.009,0.001,-0.0009,3.0,,,
2026-07-17T14:01:45+00:00,lol-al-kc-2026-07-17,over_ladder,lol-al-kc-2026-07-17-game1-kill-over-39pt5,lol-al-kc-2026-07-17-game1-kill-over-33pt5,0.01,0.009,0.001,-0.0009,3.0,,,
2026-07-17T14:02:06+00:00,lol-al-kc-2026-07-17,over_ladder,lol-al-kc-2026-07-17-game1-kill-over-39pt5,lol-al-kc-2026-07-17-game1-kill-over-30pt5,0.01,0.009,0.001,-0.0009,3.0,,,
2026-07-17T14:02:06+00:00,lol-al-kc-2026-07-17,over_ladder,lol-al-kc-2026-07-17-game1-kill-over-39pt5,lol-al-kc-2026-07-17-game1-kill-over-33pt5,0.01,0.009,0.001,-0.0009,3.0,,,
2026-07-17T14:02:06+00:00,lol-al-kc-2026-07-17,over_ladder,lol-al-kc-2026-07-17-game1-kill-over-39pt5,lol-al-kc-2026-07-17-game1-kill-over-36pt5,0.01,0.009,0.001,-0.0009,3.0,,,
2026-07-17T14:02:26+00:00,lol-al-kc-2026-07-17,over_ladder,lol-al-kc-2026-07-17-game1-kill-over-39pt5,lol-al-kc-2026-07-17-game1-kill-over-30pt5,0.01,0.009,0.001,-0.0009,3.0,,,
2026-07-17T14:02:26+00:00,lol-al-kc-2026-07-17,over_ladder,lol-al-kc-2026-07-17-game1-kill-over-39pt5,lol-al-kc-2026-07-17-game1-kill-over-33pt5,0.01,0.009,0.001,-0.0009,3.0,,,
2026-07-17T14:02:26+00:00,lol-al-kc-2026-07-17,over_ladder,lol-al-kc-2026-07-17-game1-kill-over-39pt5,lol-al-kc-2026-07-17-game1-kill-over-36pt5,0.01,0.009,0.001,-0.0009,3.0,,,
2026-07-17T14:02:47+00:00,lol-al-kc-2026-07-17,over_ladder,lol-al-kc-2026-07-17-game1-kill-over-39pt5,lol-al-kc-2026-07-17-game1-kill-over-30pt5,0.01,0.009,0.001,-0.0009,3.0,,,
2026-07-17T14:02:47+00:00,lol-al-kc-2026-07-17,over_ladder,lol-al-kc-2026-07-17-game1-kill-over-39pt5,lol-al-kc-2026-07-17-game1-kill-over-33pt5,0.01,0.009,0.001,-0.0009,3.0,,,
2026-07-17T14:02:47+00:00,lol-al-kc-2026-07-17,over_ladder,lol-al-kc-2026-07-17-game1-kill-over-39pt5,lol-al-kc-2026-07-17-game1-kill-over-36pt5,0.01,0.009,0.001,-0.0009,3.0,,,
2026-07-17T14:03:07+00:00,lol-al-kc-2026-07-17,over_ladder,lol-al-kc-2026-07-17-game1-kill-over-39pt5,lol-al-kc-2026-07-17-game1-kill-over-30pt5,0.01,0.009,0.001,-0.0009,3.0,,,
2026-07-17T14:03:07+00:00,lol-al-kc-2026-07-17,over_ladder,lol-al-kc-2026-07-17-game1-kill-over-39pt5,lol-al-kc-2026-07-17-game1-kill-over-33pt5,0.01,0.009,0.001,-0.0009,3.0,,,
2026-07-17T14:03:07+00:00,lol-al-kc-2026-07-17,over_ladder,lol-al-kc-2026-07-17-game1-kill-over-39pt5,lol-al-kc-2026-07-17-game1-kill-over-36pt5,0.01,0.009,0.001,-0.0009,3.0,,,
2026-07-17T14:03:28+00:00,lol-al-kc-2026-07-17,over_ladder,lol-al-kc-2026-07-17-game1-kill-over-39pt5,lol-al-kc-2026-07-17-game1-kill-over-30pt5,0.01,0.009,0.001,-0.0009,3.0,,,
2026-07-17T14:03:28+00:00,lol-al-kc-2026-07-17,over_ladder,lol-al-kc-2026-07-17-game1-kill-over-39pt5,lol-al-kc-2026-07-17-game1-kill-over-33pt5,0.01,0.009,0.001,-0.0009,3.0,,,
2026-07-17T14:03:28+00:00,lol-al-kc-2026-07-17,over_ladder,lol-al-kc-2026-07-17-game1-kill-over-39pt5,lol-al-kc-2026-07-17-game1-kill-over-36pt5,0.01,0.009,0.001,-0.0009,3.0,,,
2026-07-17T14:03:48+00:00,lol-al-kc-2026-07-17,over_ladder,lol-al-kc-2026-07-17-game1-kill-over-39pt5,lol-al-kc-2026-07-17-game1-kill-over-30pt5,0.01,0.009,0.001,-0.0009,3.0,,,
2026-07-17T14:03:48+00:00,lol-al-kc-2026-07-17,over_ladder,lol-al-kc-2026-07-17-game1-kill-over-39pt5,lol-al-kc-2026-07-17-game1-kill-over-33pt5,0.01,0.009,0.001,-0.0009,3.0,,,
2026-07-17T14:03:48+00:00,lol-al-kc-2026-07-17,over_ladder,lol-al-kc-2026-07-17-game1-kill-over-39pt5,lol-al-kc-2026-07-17-game1-kill-over-36pt5,0.01,0.009,0.001,-0.0009,3.0,,,
2026-07-17T14:04:08+00:00,lol-al-kc-2026-07-17,over_ladder,lol-al-kc-2026-07-17-game1-kill-over-39pt5,lol-al-kc-2026-07-17-game1-kill-over-30pt5,0.01,0.008,0.002,0.0002,3.0,0.002,True,True
2026-07-17T14:04:08+00:00,lol-al-kc-2026-07-17,over_ladder,lol-al-kc-2026-07-17-game1-kill-over-39pt5,lol-al-kc-2026-07-17-game1-kill-over-33pt5,0.01,0.009,0.001,-0.0009,3.0,,,
2026-07-17T14:04:08+00:00,lol-al-kc-2026-07-17,over_ladder,lol-al-kc-2026-07-17-game1-kill-over-39pt5,lol-al-kc-2026-07-17-game1-kill-over-36pt5,0.01,0.009,0.001,-0.0009,3.0,,,
2026-07-17T14:04:34+00:00,lol-al-kc-2026-07-17,over_ladder,lol-al-kc-2026-07-17-game1-kill-over-39pt5,lol-al-kc-2026-07-17-game1-kill-over-30pt5,0.01,0.008,0.002,0.0002,3.0,0.002,True,True
2026-07-17T14:04:34+00:00,lol-al-kc-2026-07-17,over_ladder,lol-al-kc-2026-07-17-game1-kill-over-39pt5,lol-al-kc-2026-07-17-game1-kill-over-33pt5,0.01,0.009,0.001,-0.0009,3.0,,,
2026-07-17T14:04:34+00:00,lol-al-kc-2026-07-17,over_ladder,lol-al-kc-2026-07-17-game1-kill-over-39pt5,lol-al-kc-2026-07-17-game1-kill-over-36pt5,0.01,0.009,0.001,-0.0009,3.0,,,
2026-07-17T14:05:00+00:00,lol-al-kc-2026-07-17,over_ladder,lol-al-kc-2026-07-17-game1-kill-over-39pt5,lol-al-kc-2026-07-17-game1-kill-over-30pt5,0.01,0.008,0.002,0.0002,3.0,0.002,True,True
2026-07-17T14:05:00+00:00,lol-al-kc-2026-07-17,over_ladder,lol-al-kc-2026-07-17-game1-kill-over-39pt5,lol-al-kc-2026-07-17-game1-kill-over-33pt5,0.01,0.009,0.001,-0.0009,3.0,,,
2026-07-17T14:05:00+00:00,lol-al-kc-2026-07-17,over_ladder,lol-al-kc-2026-07-17-game1-kill-over-39pt5,lol-al-kc-2026-07-17-game1-kill-over-36pt5,0.01,0.009,0.001,-0.0009,3.0,,,
2026-07-17T14:05:25+00:00,lol-al-kc-2026-07-17,over_ladder,lol-al-kc-2026-07-17-game1-kill-over-39pt5,lol-al-kc-2026-07-17-game1-kill-over-30pt5,0.01,0.008,0.002,0.0002,3.0,0.002,True,True
2026-07-17T14:05:25+00:00,lol-al-kc-2026-07-17,over_ladder,lol-al-kc-2026-07-17-game1-kill-over-39pt5,lol-al-kc-2026-07-17-game1-kill-over-33pt5,0.01,0.008,0.002,0.0002,3.0,0.002,True,True
2026-07-17T14:05:25+00:00,lol-al-kc-2026-07-17,over_ladder,lol-al-kc-2026-07-17-game1-kill-over-39pt5,lol-al-kc-2026-07-17-game1-kill-over-36pt5,0.01,0.009,0.001,-0.0009,3.0,,,
2026-07-17T14:52:55+00:00,lol-blg-dk-2026-07-17,over_ladder,lol-blg-dk-2026-07-17-game2-kill-over-36pt5,lol-blg-dk-2026-07-17-game2-kill-over-33pt5,0.01,0.008,0.002,0.0002,0.9,,False,True
2026-07-17T14:52:55+00:00,lol-blg-dk-2026-07-17,over_ladder,lol-blg-dk-2026-07-17-game2-kill-over-39pt5,lol-blg-dk-2026-07-17-game2-kill-over-33pt5,0.01,0.008,0.002,0.0002,0.4,0.002,True,True
2026-07-17T18:20:14+00:00,cs2-3dmax-k271-2026-07-17,over_ladder,cs2-3dmax-k271-2026-07-17-game1-round-total-21pt5,cs2-3dmax-k271-2026-07-17-game1-round-total-18pt5,0.01,0.009,0.001,-0.0009,5.0,,,
2026-07-18T00:33:16+00:00,bra-flu-bra-2026-07-17-more-markets,cover_ladder,bra-flu-bra-2026-07-17-spread-home-2pt5,bra-flu-bra-2026-07-17-spread-home-1pt5,0.05,0.04,0.01,0.0014,20.0,0.01,True,True
2026-07-18T02:58:26+00:00,mlb-cin-col-2026-07-17,spread_implies_ml,mlb-cin-col-2026-07-17-spread-home-1pt5,mlb-cin-col-2026-07-17,0.01,0.009,0.001,-0.0009,10.0,,,
2026-07-18T02:58:46+00:00,mlb-cin-col-2026-07-17,spread_implies_ml,mlb-cin-col-2026-07-17-spread-home-1pt5,mlb-cin-col-2026-07-17,0.01,0.009,0.001,-0.0009,10.0,,,
2026-07-18T02:59:06+00:00,mlb-cin-col-2026-07-17,spread_implies_ml,mlb-cin-col-2026-07-17-spread-home-1pt5,mlb-cin-col-2026-07-17,0.01,0.009,0.001,-0.0009,10.0,,,
2026-07-18T02:59:27+00:00,mlb-cin-col-2026-07-17,spread_implies_ml,mlb-cin-col-2026-07-17-spread-home-1pt5,mlb-cin-col-2026-07-17,0.01,0.009,0.001,-0.0009,10.0,,,
2026-07-18T02:59:47+00:00,mlb-cin-col-2026-07-17,spread_implies_ml,mlb-cin-col-2026-07-17-spread-home-1pt5,mlb-cin-col-2026-07-17,0.01,0.009,0.001,-0.0009,10.0,,,
2026-07-18T03:00:07+00:00,mlb-cin-col-2026-07-17,spread_implies_ml,mlb-cin-col-2026-07-17-spread-home-1pt5,mlb-cin-col-2026-07-17,0.01,0.009,0.001,-0.0009,10.0,,,
2026-07-18T03:00:28+00:00,mlb-cin-col-2026-07-17,spread_implies_ml,mlb-cin-col-2026-07-17-spread-home-1pt5,mlb-cin-col-2026-07-17,0.01,0.009,0.001,-0.0009,10.0,,,
2026-07-18T03:00:48+00:00,mlb-cin-col-2026-07-17,spread_implies_ml,mlb-cin-col-2026-07-17-spread-home-1pt5,mlb-cin-col-2026-07-17,0.01,0.009,0.001,-0.0009,10.0,,,
2026-07-18T03:01:08+00:00,mlb-cin-col-2026-07-17,spread_implies_ml,mlb-cin-col-2026-07-17-spread-home-1pt5,mlb-cin-col-2026-07-17,0.01,0.009,0.001,-0.0009,10.0,,,
2026-07-18T03:01:29+00:00,mlb-cin-col-2026-07-17,spread_implies_ml,mlb-cin-col-2026-07-17-spread-home-1pt5,mlb-cin-col-2026-07-17,0.01,0.008,0.002,0.0002,10.0,0.002,True,True
2026-07-18T03:01:54+00:00,mlb-cin-col-2026-07-17,spread_implies_ml,mlb-cin-col-2026-07-17-spread-home-1pt5,mlb-cin-col-2026-07-17,0.01,0.008,0.002,0.0002,10.0,0.005,True,True
2026-07-18T03:02:20+00:00,mlb-cin-col-2026-07-17,spread_implies_ml,mlb-cin-col-2026-07-17-spread-home-1pt5,mlb-cin-col-2026-07-17,0.01,0.005,0.005,0.0035,10.0,0.005,True,True
2026-07-18T03:02:45+00:00,mlb-cin-col-2026-07-17,spread_implies_ml,mlb-cin-col-2026-07-17-spread-home-1pt5,mlb-cin-col-2026-07-17,0.01,0.005,0.005,0.0035,10.0,0.005,True,True
2026-07-18T03:03:11+00:00,mlb-cin-col-2026-07-17,spread_implies_ml,mlb-cin-col-2026-07-17-spread-home-1pt5,mlb-cin-col-2026-07-17,0.01,0.005,0.005,0.0035,10.0,0.005,True,True
2026-07-18T03:03:36+00:00,mlb-cin-col-2026-07-17,spread_implies_ml,mlb-cin-col-2026-07-17-spread-home-1pt5,mlb-cin-col-2026-07-17,0.01,0.005,0.005,0.0035,10.0,0.005,True,True
2026-07-18T03:04:02+00:00,mlb-cin-col-2026-07-17,spread_implies_ml,mlb-cin-col-2026-07-17-spread-home-1pt5,mlb-cin-col-2026-07-17,0.01,0.009,0.001,-0.0009,10.0,,,
2026-07-18T03:04:22+00:00,mlb-cin-col-2026-07-17,spread_implies_ml,mlb-cin-col-2026-07-17-spread-home-1pt5,mlb-cin-col-2026-07-17,0.01,0.009,0.001,-0.0009,10.0,,,
2026-07-18T03:04:43+00:00,mlb-cin-col-2026-07-17,spread_implies_ml,mlb-cin-col-2026-07-17-spread-home-1pt5,mlb-cin-col-2026-07-17,0.01,0.009,0.001,-0.0009,10.0,,,
2026-07-18T03:05:03+00:00,mlb-cin-col-2026-07-17,spread_implies_ml,mlb-cin-col-2026-07-17-spread-home-1pt5,mlb-cin-col-2026-07-17,0.01,0.009,0.001,-0.0009,10.0,,,
2026-07-18T03:05:24+00:00,mlb-cin-col-2026-07-17,spread_implies_ml,mlb-cin-col-2026-07-17-spread-home-1pt5,mlb-cin-col-2026-07-17,0.01,0.009,0.001,-0.0009,10.0,,,
2026-07-18T03:05:45+00:00,mlb-cin-col-2026-07-17,spread_implies_ml,mlb-cin-col-2026-07-17-spread-home-1pt5,mlb-cin-col-2026-07-17,0.01,0.009,0.001,-0.0009,10.0,,,
2026-07-18T03:06:05+00:00,mlb-cin-col-2026-07-17,spread_implies_ml,mlb-cin-col-2026-07-17-spread-home-1pt5,mlb-cin-col-2026-07-17,0.01,0.009,0.001,-0.0009,74.0,,,
2026-07-18T03:06:26+00:00,mlb-cin-col-2026-07-17,spread_implies_ml,mlb-cin-col-2026-07-17-spread-home-1pt5,mlb-cin-col-2026-07-17,0.01,0.001,0.009,0.0079,83.0,0.009,True,True
2026-07-18T03:06:51+00:00,mlb-cin-col-2026-07-17,spread_implies_ml,mlb-cin-col-2026-07-17-spread-home-1pt5,mlb-cin-col-2026-07-17,0.01,0.001,0.009,0.0079,83.0,0.009,True,True
2026-07-18T03:23:14+00:00,mlb-bal-hou-2026-07-17,over_ladder,mlb-bal-hou-2026-07-17-total-9pt5,mlb-bal-hou-2026-07-17-total-8pt5,0.01,0.009,0.001,-0.0009,102.0,,,
2026-07-18T03:23:14+00:00,mlb-bal-hou-2026-07-17,over_ladder,mlb-bal-hou-2026-07-17-total-10pt5,mlb-bal-hou-2026-07-17-total-8pt5,0.01,0.009,0.001,-0.0009,15.0,,,
2026-07-18T03:36:09+00:00,mlb-wsh-oak-2026-07-17,spread_implies_ml,mlb-wsh-oak-2026-07-17-spread-home-1pt5,mlb-wsh-oak-2026-07-17,0.01,0.009,0.001,-0.0009,10.0,,,
2026-07-18T03:36:29+00:00,mlb-wsh-oak-2026-07-17,spread_implies_ml,mlb-wsh-oak-2026-07-17-spread-home-1pt5,mlb-wsh-oak-2026-07-17,0.01,0.009,0.001,-0.0009,10.0,,,
2026-07-18T03:36:49+00:00,mlb-wsh-oak-2026-07-17,spread_implies_ml,mlb-wsh-oak-2026-07-17-spread-home-1pt5,mlb-wsh-oak-2026-07-17,0.01,0.009,0.001,-0.0009,10.0,,,
2026-07-18T03:37:10+00:00,mlb-wsh-oak-2026-07-17,spread_implies_ml,mlb-wsh-oak-2026-07-17-spread-home-1pt5,mlb-wsh-oak-2026-07-17,0.01,0.009,0.001,-0.0009,10.0,,,
2026-07-18T03:37:30+00:00,mlb-wsh-oak-2026-07-17,spread_implies_ml,mlb-wsh-oak-2026-07-17-spread-home-1pt5,mlb-wsh-oak-2026-07-17,0.01,0.009,0.001,-0.0009,10.0,,,
2026-07-18T03:37:50+00:00,mlb-wsh-oak-2026-07-17,spread_implies_ml,mlb-wsh-oak-2026-07-17-spread-home-1pt5,mlb-wsh-oak-2026-07-17,0.01,0.009,0.001,-0.0009,10.0,,,
2026-07-18T03:38:11+00:00,mlb-wsh-oak-2026-07-17,spread_implies_ml,mlb-wsh-oak-2026-07-17-spread-home-1pt5,mlb-wsh-oak-2026-07-17,0.01,0.009,0.001,-0.0009,10.0,,,
2026-07-18T03:38:31+00:00,mlb-wsh-oak-2026-07-17,spread_implies_ml,mlb-wsh-oak-2026-07-17-spread-home-1pt5,mlb-wsh-oak-2026-07-17,0.01,0.009,0.001,-0.0009,10.0,,,
2026-07-18T03:38:52+00:00,mlb-wsh-oak-2026-07-17,spread_implies_ml,mlb-wsh-oak-2026-07-17-spread-home-1pt5,mlb-wsh-oak-2026-07-17,0.01,0.008,0.002,0.0002,10.0,0.002,True,True
2026-07-18T03:39:17+00:00,mlb-wsh-oak-2026-07-17,spread_implies_ml,mlb-wsh-oak-2026-07-17-spread-home-1pt5,mlb-wsh-oak-2026-07-17,0.01,0.008,0.002,0.0002,10.0,0.001,True,True
2026-07-18T03:39:43+00:00,mlb-wsh-oak-2026-07-17,spread_implies_ml,mlb-wsh-oak-2026-07-17-spread-home-1pt5,mlb-wsh-oak-2026-07-17,0.01,0.008,0.002,0.0002,10.0,0.001,True,True
2026-07-18T03:40:08+00:00,mlb-wsh-oak-2026-07-17,spread_implies_ml,mlb-wsh-oak-2026-07-17-spread-home-1pt5,mlb-wsh-oak-2026-07-17,0.01,0.009,0.001,-0.0009,10.0,,,
2026-07-18T03:40:29+00:00,mlb-wsh-oak-2026-07-17,spread_implies_ml,mlb-wsh-oak-2026-07-17-spread-home-1pt5,mlb-wsh-oak-2026-07-17,0.01,0.009,0.001,-0.0009,10.0,,,
2026-07-18T03:40:29+00:00,wnba-conn-phx-2026-07-17,spread_implies_ml,wnba-conn-phx-2026-07-17-spread-home-5pt5,wnba-conn-phx-2026-07-17,0.01,0.009,0.001,-0.0009,43.0,,,
2026-07-18T03:40:49+00:00,mlb-wsh-oak-2026-07-17,spread_implies_ml,mlb-wsh-oak-2026-07-17-spread-home-1pt5,mlb-wsh-oak-2026-07-17,0.01,0.009,0.001,-0.0009,10.0,,,
2026-07-18T03:40:49+00:00,wnba-conn-phx-2026-07-17,spread_implies_ml,wnba-conn-phx-2026-07-17-spread-home-5pt5,wnba-conn-phx-2026-07-17,0.01,0.009,0.001,-0.0009,43.0,,,
2026-07-18T03:41:09+00:00,mlb-wsh-oak-2026-07-17,spread_implies_ml,mlb-wsh-oak-2026-07-17-spread-home-1pt5,mlb-wsh-oak-2026-07-17,0.01,0.009,0.001,-0.0009,10.0,,,
2026-07-18T03:41:09+00:00,wnba-conn-phx-2026-07-17,spread_implies_ml,wnba-conn-phx-2026-07-17-spread-home-5pt5,wnba-conn-phx-2026-07-17,0.01,0.009,0.001,-0.0009,2.6,,,
2026-07-18T03:41:30+00:00,mlb-wsh-oak-2026-07-17,spread_implies_ml,mlb-wsh-oak-2026-07-17-spread-home-1pt5,mlb-wsh-oak-2026-07-17,0.01,0.009,0.001,-0.0009,10.0,,,
2026-07-18T03:41:30+00:00,wnba-conn-phx-2026-07-17,spread_implies_ml,wnba-conn-phx-2026-07-17-spread-home-5pt5,wnba-conn-phx-2026-07-17,0.01,0.009,0.001,-0.0009,2.6,,,
2026-07-18T03:41:50+00:00,mlb-wsh-oak-2026-07-17,spread_implies_ml,mlb-wsh-oak-2026-07-17-spread-home-1pt5,mlb-wsh-oak-2026-07-17,0.01,0.009,0.001,-0.0009,10.0,,,
2026-07-18T03:41:50+00:00,wnba-conn-phx-2026-07-17,spread_implies_ml,wnba-conn-phx-2026-07-17-spread-home-5pt5,wnba-conn-phx-2026-07-17,0.01,0.009,0.001,-0.0009,2.6,,,
2026-07-18T03:42:10+00:00,mlb-wsh-oak-2026-07-17,spread_implies_ml,mlb-wsh-oak-2026-07-17-spread-home-1pt5,mlb-wsh-oak-2026-07-17,0.01,0.009,0.001,-0.0009,10.0,,,
2026-07-18T03:42:31+00:00,mlb-wsh-oak-2026-07-17,spread_implies_ml,mlb-wsh-oak-2026-07-17-spread-home-1pt5,mlb-wsh-oak-2026-07-17,0.01,0.009,0.001,-0.0009,10.0,,,
2026-07-18T03:42:31+00:00,wnba-conn-phx-2026-07-17,spread_implies_ml,wnba-conn-phx-2026-07-17-spread-home-5pt5,wnba-conn-phx-2026-07-17,0.01,0.009,0.001,-0.0009,108.5,,,
2026-07-18T03:42:51+00:00,mlb-wsh-oak-2026-07-17,spread_implies_ml,mlb-wsh-oak-2026-07-17-spread-home-1pt5,mlb-wsh-oak-2026-07-17,0.01,0.009,0.001,-0.0009,10.0,,,
2026-07-18T03:42:51+00:00,wnba-conn-phx-2026-07-17,spread_implies_ml,wnba-conn-phx-2026-07-17-spread-home-5pt5,wnba-conn-phx-2026-07-17,0.01,0.009,0.001,-0.0009,108.5,,,
2026-07-18T03:43:11+00:00,mlb-wsh-oak-2026-07-17,spread_implies_ml,mlb-wsh-oak-2026-07-17-spread-home-1pt5,mlb-wsh-oak-2026-07-17,0.01,0.004,0.006,0.0046,10.0,0.006,True,True
2026-07-18T03:43:11+00:00,wnba-conn-phx-2026-07-17,spread_implies_ml,wnba-conn-phx-2026-07-17-spread-home-5pt5,wnba-conn-phx-2026-07-17,0.01,0.009,0.001,-0.0009,108.5,,,
2026-07-18T03:43:37+00:00,mlb-wsh-oak-2026-07-17,spread_implies_ml,mlb-wsh-oak-2026-07-17-spread-home-1pt5,mlb-wsh-oak-2026-07-17,0.01,0.004,0.006,0.0046,10.0,0.006,True,True
2026-07-18T03:44:02+00:00,mlb-wsh-oak-2026-07-17,spread_implies_ml,mlb-wsh-oak-2026-07-17-spread-home-1pt5,mlb-wsh-oak-2026-07-17,0.01,0.004,0.006,0.0046,10.0,0.006,True,True
2026-07-18T03:44:28+00:00,mlb-wsh-oak-2026-07-17,spread_implies_ml,mlb-wsh-oak-2026-07-17-spread-home-1pt5,mlb-wsh-oak-2026-07-17,0.01,0.006,0.004,0.0024,10.0,0.004,True,True
2026-07-18T03:44:28+00:00,wnba-conn-phx-2026-07-17,spread_implies_ml,wnba-conn-phx-2026-07-17-spread-home-5pt5,wnba-conn-phx-2026-07-17,0.01,0.009,0.001,-0.0009,43.0,,,
2026-07-18T03:44:54+00:00,mlb-wsh-oak-2026-07-17,spread_implies_ml,mlb-wsh-oak-2026-07-17-spread-home-1pt5,mlb-wsh-oak-2026-07-17,0.01,0.006,0.004,0.0024,10.0,0.004,True,True
2026-07-18T03:45:19+00:00,mlb-wsh-oak-2026-07-17,spread_implies_ml,mlb-wsh-oak-2026-07-17-spread-home-1pt5,mlb-wsh-oak-2026-07-17,0.01,0.006,0.004,0.0024,10.0,0.001,True,True
2026-07-18T03:45:45+00:00,mlb-wsh-oak-2026-07-17,spread_implies_ml,mlb-wsh-oak-2026-07-17-spread-home-1pt5,mlb-wsh-oak-2026-07-17,0.01,0.009,0.001,-0.0009,10.0,,,
2026-07-18T03:46:05+00:00,mlb-wsh-oak-2026-07-17,spread_implies_ml,mlb-wsh-oak-2026-07-17-spread-home-1pt5,mlb-wsh-oak-2026-07-17,0.01,0.009,0.001,-0.0009,10.0,,,
2026-07-18T03:46:26+00:00,mlb-wsh-oak-2026-07-17,spread_implies_ml,mlb-wsh-oak-2026-07-17-spread-home-1pt5,mlb-wsh-oak-2026-07-17,0.01,0.009,0.001,-0.0009,10.0,,,
2026-07-18T03:46:47+00:00,mlb-wsh-oak-2026-07-17,spread_implies_ml,mlb-wsh-oak-2026-07-17-spread-home-1pt5,mlb-wsh-oak-2026-07-17,0.01,0.009,0.001,-0.0009,10.0,,,
2026-07-18T03:47:07+00:00,mlb-wsh-oak-2026-07-17,spread_implies_ml,mlb-wsh-oak-2026-07-17-spread-home-1pt5,mlb-wsh-oak-2026-07-17,0.01,0.009,0.001,-0.0009,10.0,,,
2026-07-18T03:47:27+00:00,mlb-wsh-oak-2026-07-17,spread_implies_ml,mlb-wsh-oak-2026-07-17-spread-home-1pt5,mlb-wsh-oak-2026-07-17,0.01,0.009,0.001,-0.0009,10.0,,,
2026-07-18T03:47:47+00:00,mlb-wsh-oak-2026-07-17,spread_implies_ml,mlb-wsh-oak-2026-07-17-spread-home-1pt5,mlb-wsh-oak-2026-07-17,0.01,0.008,0.002,0.0002,10.0,0.002,True,True
2026-07-18T03:48:13+00:00,mlb-wsh-oak-2026-07-17,spread_implies_ml,mlb-wsh-oak-2026-07-17-spread-home-1pt5,mlb-wsh-oak-2026-07-17,0.01,0.008,0.002,0.0002,10.0,0.002,True,True
2026-07-18T03:48:38+00:00,mlb-wsh-oak-2026-07-17,spread_implies_ml,mlb-wsh-oak-2026-07-17-spread-home-1pt5,mlb-wsh-oak-2026-07-17,0.01,0.009,0.001,-0.0009,10.0,,,
2026-07-18T03:48:59+00:00,mlb-wsh-oak-2026-07-17,spread_implies_ml,mlb-wsh-oak-2026-07-17-spread-home-1pt5,mlb-wsh-oak-2026-07-17,0.01,0.008,0.002,0.0002,10.0,0.001,True,True
2026-07-18T03:49:24+00:00,mlb-wsh-oak-2026-07-17,spread_implies_ml,mlb-wsh-oak-2026-07-17-spread-home-1pt5,mlb-wsh-oak-2026-07-17,0.01,0.008,0.002,0.0002,10.0,0.002,True,True
2026-07-18T03:49:50+00:00,mlb-wsh-oak-2026-07-17,spread_implies_ml,mlb-wsh-oak-2026-07-17-spread-home-1pt5,mlb-wsh-oak-2026-07-17,0.01,0.008,0.002,0.0002,10.0,0.002,True,True
2026-07-18T03:50:16+00:00,mlb-wsh-oak-2026-07-17,spread_implies_ml,mlb-wsh-oak-2026-07-17-spread-home-1pt5,mlb-wsh-oak-2026-07-17,0.01,0.008,0.002,0.0002,10.0,0.002,True,True
2026-07-18T03:50:41+00:00,mlb-wsh-oak-2026-07-17,spread_implies_ml,mlb-wsh-oak-2026-07-17-spread-home-1pt5,mlb-wsh-oak-2026-07-17,0.01,0.008,0.002,0.0002,10.0,0.002,True,True
2026-07-18T03:51:07+00:00,mlb-wsh-oak-2026-07-17,spread_implies_ml,mlb-wsh-oak-2026-07-17-spread-home-1pt5,mlb-wsh-oak-2026-07-17,0.01,0.008,0.002,0.0002,10.0,0.002,True,True
2026-07-18T03:51:32+00:00,mlb-wsh-oak-2026-07-17,spread_implies_ml,mlb-wsh-oak-2026-07-17-spread-home-1pt5,mlb-wsh-oak-2026-07-17,0.01,0.009,0.001,-0.0009,10.0,,,
2026-07-18T03:51:53+00:00,mlb-wsh-oak-2026-07-17,spread_implies_ml,mlb-wsh-oak-2026-07-17-spread-home-1pt5,mlb-wsh-oak-2026-07-17,0.01,0.009,0.001,-0.0009,10.0,,,
2026-07-18T03:52:13+00:00,mlb-wsh-oak-2026-07-17,spread_implies_ml,mlb-wsh-oak-2026-07-17-spread-home-1pt5,mlb-wsh-oak-2026-07-17,0.01,0.004,0.006,0.0046,10.0,0.006,True,True
2026-07-18T03:52:38+00:00,mlb-wsh-oak-2026-07-17,spread_implies_ml,mlb-wsh-oak-2026-07-17-spread-home-1pt5,mlb-wsh-oak-2026-07-17,0.01,0.003,0.007,0.0057,10.0,0.007,True,True
2026-07-18T03:53:04+00:00,mlb-wsh-oak-2026-07-17,spread_implies_ml,mlb-wsh-oak-2026-07-17-spread-home-1pt5,mlb-wsh-oak-2026-07-17,0.01,0.003,0.007,0.0057,10.0,0.007,True,True
2026-07-18T03:53:29+00:00,mlb-wsh-oak-2026-07-17,spread_implies_ml,mlb-wsh-oak-2026-07-17-spread-home-1pt5,mlb-wsh-oak-2026-07-17,0.01,0.003,0.007,0.0057,10.0,0.007,True,True
2026-07-18T03:53:55+00:00,mlb-wsh-oak-2026-07-17,spread_implies_ml,mlb-wsh-oak-2026-07-17-spread-home-1pt5,mlb-wsh-oak-2026-07-17,0.01,0.003,0.007,0.0057,10.0,0.007,True,True
2026-07-18T03:54:20+00:00,mlb-wsh-oak-2026-07-17,spread_implies_ml,mlb-wsh-oak-2026-07-17-spread-home-1pt5,mlb-wsh-oak-2026-07-17,0.01,0.003,0.007,0.0057,10.0,0.007,True,True
2026-07-18T03:54:46+00:00,mlb-wsh-oak-2026-07-17,spread_implies_ml,mlb-wsh-oak-2026-07-17-spread-home-1pt5,mlb-wsh-oak-2026-07-17,0.01,0.003,0.007,0.0057,10.0,0.007,True,True
2026-07-18T03:55:11+00:00,mlb-wsh-oak-2026-07-17,spread_implies_ml,mlb-wsh-oak-2026-07-17-spread-home-1pt5,mlb-wsh-oak-2026-07-17,0.01,0.003,0.007,0.0057,10.0,0.007,True,True
2026-07-18T03:55:37+00:00,mlb-wsh-oak-2026-07-17,spread_implies_ml,mlb-wsh-oak-2026-07-17-spread-home-1pt5,mlb-wsh-oak-2026-07-17,0.01,0.003,0.007,0.0057,10.0,0.007,True,True
2026-07-18T03:56:02+00:00,mlb-wsh-oak-2026-07-17,spread_implies_ml,mlb-wsh-oak-2026-07-17-spread-home-1pt5,mlb-wsh-oak-2026-07-17,0.01,0.003,0.007,0.0057,10.0,0.007,True,True
2026-07-18T03:56:29+00:00,mlb-wsh-oak-2026-07-17,spread_implies_ml,mlb-wsh-oak-2026-07-17-spread-home-1pt5,mlb-wsh-oak-2026-07-17,0.01,0.002,0.008,0.0068,10.0,0.008,True,True
2026-07-18T03:56:54+00:00,mlb-wsh-oak-2026-07-17,spread_implies_ml,mlb-wsh-oak-2026-07-17-spread-home-1pt5,mlb-wsh-oak-2026-07-17,0.01,0.002,0.008,0.0068,10.0,0.008,True,True
2026-07-18T03:57:20+00:00,mlb-wsh-oak-2026-07-17,spread_implies_ml,mlb-wsh-oak-2026-07-17-spread-home-1pt5,mlb-wsh-oak-2026-07-17,0.01,0.002,0.008,0.0068,10.0,0.008,True,True
2026-07-18T03:57:45+00:00,mlb-wsh-oak-2026-07-17,spread_implies_ml,mlb-wsh-oak-2026-07-17-spread-home-1pt5,mlb-wsh-oak-2026-07-17,0.01,0.002,0.008,0.0068,10.0,0.008,True,True
2026-07-18T03:58:10+00:00,mlb-wsh-oak-2026-07-17,spread_implies_ml,mlb-wsh-oak-2026-07-17-spread-home-1pt5,mlb-wsh-oak-2026-07-17,0.01,0.002,0.008,0.0068,10.0,0.008,True,True
2026-07-18T03:58:36+00:00,mlb-wsh-oak-2026-07-17,spread_implies_ml,mlb-wsh-oak-2026-07-17-spread-home-1pt5,mlb-wsh-oak-2026-07-17,0.01,0.002,0.008,0.0068,10.0,0.008,True,True
2026-07-18T03:59:01+00:00,mlb-wsh-oak-2026-07-17,spread_implies_ml,mlb-wsh-oak-2026-07-17-spread-home-1pt5,mlb-wsh-oak-2026-07-17,0.01,0.002,0.008,0.0068,10.0,0.008,True,True
2026-07-18T03:59:27+00:00,mlb-wsh-oak-2026-07-17,spread_implies_ml,mlb-wsh-oak-2026-07-17-spread-home-1pt5,mlb-wsh-oak-2026-07-17,0.01,0.002,0.008,0.0068,10.0,0.008,True,True
2026-07-18T03:59:52+00:00,mlb-wsh-oak-2026-07-17,spread_implies_ml,mlb-wsh-oak-2026-07-17-spread-home-1pt5,mlb-wsh-oak-2026-07-17,0.01,0.002,0.008,0.0068,10.0,0.008,True,True
2026-07-18T04:00:18+00:00,mlb-wsh-oak-2026-07-17,spread_implies_ml,mlb-wsh-oak-2026-07-17-spread-home-1pt5,mlb-wsh-oak-2026-07-17,0.01,0.002,0.008,0.0068,10.0,0.008,True,True
2026-07-18T04:00:43+00:00,mlb-wsh-oak-2026-07-17,spread_implies_ml,mlb-wsh-oak-2026-07-17-spread-home-1pt5,mlb-wsh-oak-2026-07-17,0.01,0.002,0.008,0.0068,10.0,0.008,True,True
2026-07-18T04:01:09+00:00,mlb-wsh-oak-2026-07-17,spread_implies_ml,mlb-wsh-oak-2026-07-17-spread-home-1pt5,mlb-wsh-oak-2026-07-17,0.01,0.002,0.008,0.0068,10.0,0.008,True,True
2026-07-18T04:01:34+00:00,mlb-wsh-oak-2026-07-17,spread_implies_ml,mlb-wsh-oak-2026-07-17-spread-home-1pt5,mlb-wsh-oak-2026-07-17,0.01,0.002,0.008,0.0068,10.0,0.008,True,True
2026-07-18T04:02:00+00:00,mlb-wsh-oak-2026-07-17,spread_implies_ml,mlb-wsh-oak-2026-07-17-spread-home-1pt5,mlb-wsh-oak-2026-07-17,0.01,0.002,0.008,0.0068,10.0,0.008,True,True
2026-07-18T04:02:25+00:00,mlb-wsh-oak-2026-07-17,spread_implies_ml,mlb-wsh-oak-2026-07-17-spread-home-1pt5,mlb-wsh-oak-2026-07-17,0.01,0.002,0.008,0.0068,10.0,0.008,True,True
2026-07-18T04:02:51+00:00,mlb-wsh-oak-2026-07-17,spread_implies_ml,mlb-wsh-oak-2026-07-17-spread-home-1pt5,mlb-wsh-oak-2026-07-17,0.01,0.002,0.008,0.0068,10.0,0.008,True,True
2026-07-18T04:03:16+00:00,mlb-wsh-oak-2026-07-17,spread_implies_ml,mlb-wsh-oak-2026-07-17-spread-home-1pt5,mlb-wsh-oak-2026-07-17,0.01,0.002,0.008,0.0068,10.0,0.008,True,True
2026-07-18T04:03:42+00:00,mlb-wsh-oak-2026-07-17,spread_implies_ml,mlb-wsh-oak-2026-07-17-spread-home-1pt5,mlb-wsh-oak-2026-07-17,0.01,0.002,0.008,0.0068,10.0,0.008,True,True
2026-07-18T04:04:07+00:00,mlb-wsh-oak-2026-07-17,spread_implies_ml,mlb-wsh-oak-2026-07-17-spread-home-1pt5,mlb-wsh-oak-2026-07-17,0.01,0.002,0.008,0.0068,10.0,0.008,True,True
2026-07-18T04:04:33+00:00,mlb-wsh-oak-2026-07-17,spread_implies_ml,mlb-wsh-oak-2026-07-17-spread-home-1pt5,mlb-wsh-oak-2026-07-17,0.01,0.002,0.008,0.0068,10.0,0.008,True,True
2026-07-18T04:04:58+00:00,mlb-wsh-oak-2026-07-17,spread_implies_ml,mlb-wsh-oak-2026-07-17-spread-home-1pt5,mlb-wsh-oak-2026-07-17,0.01,0.002,0.008,0.0068,10.0,0.008,True,True
2026-07-18T04:05:24+00:00,mlb-wsh-oak-2026-07-17,spread_implies_ml,mlb-wsh-oak-2026-07-17-spread-home-1pt5,mlb-wsh-oak-2026-07-17,0.01,0.002,0.008,0.0068,10.0,0.008,True,True
2026-07-18T04:05:49+00:00,mlb-wsh-oak-2026-07-17,spread_implies_ml,mlb-wsh-oak-2026-07-17-spread-home-1pt5,mlb-wsh-oak-2026-07-17,0.01,0.002,0.008,0.0068,10.0,0.008,True,True
2026-07-18T04:06:15+00:00,mlb-wsh-oak-2026-07-17,spread_implies_ml,mlb-wsh-oak-2026-07-17-spread-home-1pt5,mlb-wsh-oak-2026-07-17,0.01,0.002,0.008,0.0068,10.0,0.008,True,True
2026-07-18T04:06:41+00:00,mlb-wsh-oak-2026-07-17,spread_implies_ml,mlb-wsh-oak-2026-07-17-spread-home-1pt5,mlb-wsh-oak-2026-07-17,0.01,0.001,0.009,0.0079,10.0,0.009,True,True
2026-07-18T04:07:07+00:00,mlb-wsh-oak-2026-07-17,spread_implies_ml,mlb-wsh-oak-2026-07-17-spread-home-1pt5,mlb-wsh-oak-2026-07-17,0.01,0.001,0.009,0.0079,10.0,0.009,True,True
2026-07-18T04:07:32+00:00,mlb-wsh-oak-2026-07-17,spread_implies_ml,mlb-wsh-oak-2026-07-17-spread-home-1pt5,mlb-wsh-oak-2026-07-17,0.01,0.001,0.009,0.0079,10.0,0.009,True,True
2026-07-18T04:07:58+00:00,mlb-wsh-oak-2026-07-17,spread_implies_ml,mlb-wsh-oak-2026-07-17-spread-home-1pt5,mlb-wsh-oak-2026-07-17,0.01,0.001,0.009,0.0079,10.0,0.009,True,True
2026-07-18T04:08:23+00:00,mlb-wsh-oak-2026-07-17,spread_implies_ml,mlb-wsh-oak-2026-07-17-spread-home-1pt5,mlb-wsh-oak-2026-07-17,0.01,0.001,0.009,0.0079,10.0,0.009,True,True
2026-07-18T04:08:49+00:00,mlb-wsh-oak-2026-07-17,spread_implies_ml,mlb-wsh-oak-2026-07-17-spread-home-1pt5,mlb-wsh-oak-2026-07-17,0.01,0.001,0.009,0.0079,10.0,0.009,True,True
2026-07-18T04:09:14+00:00,mlb-wsh-oak-2026-07-17,spread_implies_ml,mlb-wsh-oak-2026-07-17-spread-home-1pt5,mlb-wsh-oak-2026-07-17,0.01,0.001,0.009,0.0079,10.0,0.009,True,True
2026-07-18T04:09:14+00:00,mlb-wsh-oak-2026-07-17,spread_exclusive,mlb-wsh-oak-2026-07-17-spread-home-1pt5,mlb-wsh-oak-2026-07-17-spread-away-1pt5,0.01,0.001,0.009,0.0079,10.0,0.009,True,True
2026-07-18T04:09:40+00:00,mlb-sf-sea-2026-07-17,spread_implies_ml,mlb-sf-sea-2026-07-17-spread-home-1pt5,mlb-sf-sea-2026-07-17,0.01,0.009,0.001,-0.0009,5.0,,,
2026-07-18T04:09:40+00:00,mlb-wsh-oak-2026-07-17,spread_implies_ml,mlb-wsh-oak-2026-07-17-spread-home-1pt5,mlb-wsh-oak-2026-07-17,0.01,0.001,0.009,0.0079,10.0,0.009,True,True
2026-07-18T04:09:40+00:00,mlb-wsh-oak-2026-07-17,spread_exclusive,mlb-wsh-oak-2026-07-17-spread-home-1pt5,mlb-wsh-oak-2026-07-17-spread-away-1pt5,0.01,0.001,0.009,0.0079,10.0,0.009,True,True
2026-07-18T04:10:05+00:00,mlb-sf-sea-2026-07-17,spread_implies_ml,mlb-sf-sea-2026-07-17-spread-home-1pt5,mlb-sf-sea-2026-07-17,0.01,0.009,0.001,-0.0009,5.0,,,
2026-07-18T04:10:05+00:00,mlb-wsh-oak-2026-07-17,spread_implies_ml,mlb-wsh-oak-2026-07-17-spread-home-1pt5,mlb-wsh-oak-2026-07-17,0.01,0.001,0.009,0.0079,10.0,0.009,True,True
2026-07-18T04:10:05+00:00,mlb-wsh-oak-2026-07-17,spread_exclusive,mlb-wsh-oak-2026-07-17-spread-home-1pt5,mlb-wsh-oak-2026-07-17-spread-away-1pt5,0.01,0.001,0.009,0.0079,10.0,0.009,True,True
2026-07-18T04:13:13+00:00,mlb-sf-sea-2026-07-17,spread_implies_ml,mlb-sf-sea-2026-07-17-spread-home-1pt5,mlb-sf-sea-2026-07-17,0.01,0.007,0.003,0.0013,35.5,0.003,True,True
2026-07-18T04:13:39+00:00,mlb-sf-sea-2026-07-17,spread_implies_ml,mlb-sf-sea-2026-07-17-spread-home-1pt5,mlb-sf-sea-2026-07-17,0.01,0.007,0.003,0.0013,25.0,0.003,True,True
2026-07-18T04:14:04+00:00,mlb-sf-sea-2026-07-17,spread_implies_ml,mlb-sf-sea-2026-07-17-spread-home-1pt5,mlb-sf-sea-2026-07-17,0.01,0.007,0.003,0.0013,25.0,0.003,True,True
2026-07-18T04:14:30+00:00,mlb-sf-sea-2026-07-17,spread_implies_ml,mlb-sf-sea-2026-07-17-spread-home-1pt5,mlb-sf-sea-2026-07-17,0.01,0.007,0.003,0.0013,25.0,0.003,True,True
2026-07-18T04:14:55+00:00,mlb-sf-sea-2026-07-17,spread_implies_ml,mlb-sf-sea-2026-07-17-spread-home-1pt5,mlb-sf-sea-2026-07-17,0.01,0.006,0.004,0.0024,25.0,0.004,True,True
2026-07-18T04:15:21+00:00,mlb-sf-sea-2026-07-17,spread_implies_ml,mlb-sf-sea-2026-07-17-spread-home-1pt5,mlb-sf-sea-2026-07-17,0.01,0.006,0.004,0.0024,25.0,0.004,True,True
2026-07-18T04:15:47+00:00,mlb-sf-sea-2026-07-17,spread_implies_ml,mlb-sf-sea-2026-07-17-spread-home-1pt5,mlb-sf-sea-2026-07-17,0.01,0.007,0.003,0.0013,25.0,0.003,True,True
2026-07-18T04:16:12+00:00,mlb-sf-sea-2026-07-17,spread_implies_ml,mlb-sf-sea-2026-07-17-spread-home-1pt5,mlb-sf-sea-2026-07-17,0.01,0.007,0.003,0.0013,35.5,0.003,True,True
2026-07-18T04:16:37+00:00,mlb-sf-sea-2026-07-17,spread_implies_ml,mlb-sf-sea-2026-07-17-spread-home-1pt5,mlb-sf-sea-2026-07-17,0.01,0.007,0.003,0.0013,35.5,0.003,True,True
2026-07-18T04:17:04+00:00,mlb-sf-sea-2026-07-17,spread_implies_ml,mlb-sf-sea-2026-07-17-spread-home-1pt5,mlb-sf-sea-2026-07-17,0.01,0.007,0.003,0.0013,15.0,0.003,True,True
2026-07-18T04:17:29+00:00,mlb-sf-sea-2026-07-17,spread_implies_ml,mlb-sf-sea-2026-07-17-spread-home-1pt5,mlb-sf-sea-2026-07-17,0.01,0.007,0.003,0.0013,15.0,0.003,True,True
2026-07-18T04:17:55+00:00,mlb-sf-sea-2026-07-17,spread_implies_ml,mlb-sf-sea-2026-07-17-spread-home-1pt5,mlb-sf-sea-2026-07-17,0.01,0.007,0.003,0.0013,15.0,0.003,True,True
2026-07-18T04:18:20+00:00,mlb-sf-sea-2026-07-17,spread_implies_ml,mlb-sf-sea-2026-07-17-spread-home-1pt5,mlb-sf-sea-2026-07-17,0.01,0.007,0.003,0.0013,15.0,0.003,True,True
2026-07-18T04:18:46+00:00,mlb-sf-sea-2026-07-17,spread_implies_ml,mlb-sf-sea-2026-07-17-spread-home-1pt5,mlb-sf-sea-2026-07-17,0.01,0.007,0.003,0.0013,15.0,0.003,True,True
2026-07-18T04:19:11+00:00,mlb-sf-sea-2026-07-17,spread_implies_ml,mlb-sf-sea-2026-07-17-spread-home-1pt5,mlb-sf-sea-2026-07-17,0.01,0.007,0.003,0.0013,15.0,-0.006,False,True
2026-07-18T05:59:47+00:00,wnba-nyl-dal-2026-07-16,spread_implies_ml,wnba-nyl-dal-2026-07-16-spread-home-1pt5,wnba-nyl-dal-2026-07-16,0.51,0.49,0.02,0.005,10.7,0.02,True,True
2026-07-18T08:13:18+00:00,wnba-wsh-gsv-2026-07-18,over_ladder,wnba-wsh-gsv-2026-07-18-total-149pt5,wnba-wsh-gsv-2026-07-18-total-147pt5,0.55,0.54,0.01,-0.005,39.4,,,
2026-07-18T08:20:25+00:00,wnba-wsh-gsv-2026-07-18,over_ladder,wnba-wsh-gsv-2026-07-18-total-149pt5,wnba-wsh-gsv-2026-07-18-total-148pt5,0.55,0.49,0.06,0.045,231.9,0.06,True,True
2026-07-18T16:19:18+00:00,wta-zakharo-vandewi-2026-07-18,over_ladder,wta-zakharo-vandewi-2026-07-18-match-total-23pt5,wta-zakharo-vandewi-2026-07-18-match-total-22pt5,0.49,0.47,0.02,0.005,8820.8,-0.15,False,True
2026-07-18T20:50:00+00:00,mlb-cin-col-2026-07-18,spread_implies_ml,mlb-cin-col-2026-07-18-spread-away-1pt5,mlb-cin-col-2026-07-18,0.02,0.018,0.002,-0.0017,25.0,,,
2026-07-18T20:51:42+00:00,mlb-cin-col-2026-07-18,spread_implies_ml,mlb-cin-col-2026-07-18-spread-away-1pt5,mlb-cin-col-2026-07-18,0.01,0.009,0.001,-0.0009,74.3,,,
2026-07-18T20:52:03+00:00,mlb-cin-col-2026-07-18,spread_implies_ml,mlb-cin-col-2026-07-18-spread-away-1pt5,mlb-cin-col-2026-07-18,0.01,0.009,0.001,-0.0009,74.3,,,
2026-07-18T20:52:23+00:00,mlb-cin-col-2026-07-18,spread_implies_ml,mlb-cin-col-2026-07-18-spread-away-1pt5,mlb-cin-col-2026-07-18,0.01,0.009,0.001,-0.0009,74.3,,,
2026-07-18T20:52:44+00:00,mlb-cin-col-2026-07-18,spread_implies_ml,mlb-cin-col-2026-07-18-spread-away-1pt5,mlb-cin-col-2026-07-18,0.01,0.009,0.001,-0.0009,74.3,,,
2026-07-18T20:53:04+00:00,mlb-cin-col-2026-07-18,spread_implies_ml,mlb-cin-col-2026-07-18-spread-away-1pt5,mlb-cin-col-2026-07-18,0.01,0.009,0.001,-0.0009,74.3,,,
2026-07-18T20:53:24+00:00,mlb-cin-col-2026-07-18,spread_implies_ml,mlb-cin-col-2026-07-18-spread-away-1pt5,mlb-cin-col-2026-07-18,0.01,0.009,0.001,-0.0009,74.3,,,
2026-07-18T20:53:45+00:00,mlb-cin-col-2026-07-18,spread_implies_ml,mlb-cin-col-2026-07-18-spread-away-1pt5,mlb-cin-col-2026-07-18,0.01,0.009,0.001,-0.0009,74.3,,,
2026-07-18T20:54:05+00:00,mlb-cin-col-2026-07-18,spread_implies_ml,mlb-cin-col-2026-07-18-spread-away-1pt5,mlb-cin-col-2026-07-18,0.01,0.009,0.001,-0.0009,74.3,,,
2026-07-18T20:54:26+00:00,mlb-cin-col-2026-07-18,spread_implies_ml,mlb-cin-col-2026-07-18-spread-away-1pt5,mlb-cin-col-2026-07-18,0.01,0.009,0.001,-0.0009,26.8,,,
2026-07-18T20:54:46+00:00,mlb-cin-col-2026-07-18,spread_implies_ml,mlb-cin-col-2026-07-18-spread-away-1pt5,mlb-cin-col-2026-07-18,0.01,0.007,0.003,0.0013,0.8,0.003,True,True
2026-07-18T20:55:13+00:00,mlb-cin-col-2026-07-18,spread_implies_ml,mlb-cin-col-2026-07-18-spread-away-1pt5,mlb-cin-col-2026-07-18,0.01,0.006,0.004,0.0024,0.8,0.004,True,True
2026-07-18T20:55:38+00:00,mlb-cin-col-2026-07-18,spread_implies_ml,mlb-cin-col-2026-07-18-spread-away-1pt5,mlb-cin-col-2026-07-18,0.01,0.006,0.004,0.0024,0.8,0.004,True,True
2026-07-18T20:56:04+00:00,mlb-cin-col-2026-07-18,spread_implies_ml,mlb-cin-col-2026-07-18-spread-away-1pt5,mlb-cin-col-2026-07-18,0.01,0.004,0.006,0.0046,0.8,0.006,True,True
2026-07-18T20:56:30+00:00,mlb-cin-col-2026-07-18,spread_implies_ml,mlb-cin-col-2026-07-18-spread-away-1pt5,mlb-cin-col-2026-07-18,0.01,0.004,0.006,0.0046,0.8,0.006,True,True
2026-07-18T20:56:55+00:00,mlb-cin-col-2026-07-18,spread_implies_ml,mlb-cin-col-2026-07-18-spread-away-1pt5,mlb-cin-col-2026-07-18,0.01,0.004,0.006,0.0046,0.8,0.006,True,True
2026-07-18T20:57:21+00:00,mlb-cin-col-2026-07-18,spread_implies_ml,mlb-cin-col-2026-07-18-spread-away-1pt5,mlb-cin-col-2026-07-18,0.01,0.004,0.006,0.0046,0.8,0.006,True,True
2026-07-18T20:57:46+00:00,mlb-cin-col-2026-07-18,spread_implies_ml,mlb-cin-col-2026-07-18-spread-away-1pt5,mlb-cin-col-2026-07-18,0.01,0.004,0.006,0.0046,0.8,0.006,True,True
2026-07-18T20:58:12+00:00,mlb-cin-col-2026-07-18,spread_implies_ml,mlb-cin-col-2026-07-18-spread-away-1pt5,mlb-cin-col-2026-07-18,0.01,0.004,0.006,0.0046,0.8,0.006,True,True
2026-07-18T20:58:37+00:00,mlb-cin-col-2026-07-18,spread_implies_ml,mlb-cin-col-2026-07-18-spread-away-1pt5,mlb-cin-col-2026-07-18,0.01,0.004,0.006,0.0046,0.8,0.006,True,True
2026-07-18T20:59:03+00:00,mlb-cin-col-2026-07-18,spread_implies_ml,mlb-cin-col-2026-07-18-spread-away-1pt5,mlb-cin-col-2026-07-18,0.01,0.004,0.006,0.0046,0.8,0.006,True,True
2026-07-18T20:59:29+00:00,mlb-cin-col-2026-07-18,spread_implies_ml,mlb-cin-col-2026-07-18-spread-away-1pt5,mlb-cin-col-2026-07-18,0.01,0.004,0.006,0.0046,0.8,0.006,True,True
2026-07-18T20:59:54+00:00,mlb-cin-col-2026-07-18,spread_implies_ml,mlb-cin-col-2026-07-18-spread-away-1pt5,mlb-cin-col-2026-07-18,0.01,0.004,0.006,0.0046,0.8,0.002,True,True
2026-07-18T21:00:20+00:00,mlb-cin-col-2026-07-18,spread_implies_ml,mlb-cin-col-2026-07-18-spread-away-1pt5,mlb-cin-col-2026-07-18,0.01,0.008,0.002,0.0002,0.8,0.002,True,True
2026-07-18T21:00:45+00:00,mlb-cin-col-2026-07-18,spread_implies_ml,mlb-cin-col-2026-07-18-spread-away-1pt5,mlb-cin-col-2026-07-18,0.01,0.008,0.002,0.0002,0.8,0.002,True,True
2026-07-18T21:01:11+00:00,mlb-cin-col-2026-07-18,spread_implies_ml,mlb-cin-col-2026-07-18-spread-away-1pt5,mlb-cin-col-2026-07-18,0.01,0.008,0.002,0.0002,0.8,0.002,True,True
2026-07-18T21:01:36+00:00,mlb-cin-col-2026-07-18,spread_implies_ml,mlb-cin-col-2026-07-18-spread-away-1pt5,mlb-cin-col-2026-07-18,0.01,0.008,0.002,0.0002,0.8,0.002,True,True
2026-07-18T21:02:02+00:00,mlb-cin-col-2026-07-18,spread_implies_ml,mlb-cin-col-2026-07-18-spread-away-1pt5,mlb-cin-col-2026-07-18,0.01,0.008,0.002,0.0002,0.8,0.002,True,True
2026-07-18T21:02:28+00:00,mlb-cin-col-2026-07-18,spread_implies_ml,mlb-cin-col-2026-07-18-spread-away-1pt5,mlb-cin-col-2026-07-18,0.01,0.008,0.002,0.0002,0.8,0.002,True,True
2026-07-18T21:02:53+00:00,mlb-cin-col-2026-07-18,spread_implies_ml,mlb-cin-col-2026-07-18-spread-away-1pt5,mlb-cin-col-2026-07-18,0.01,0.008,0.002,0.0002,0.8,0.002,True,True
2026-07-18T21:03:19+00:00,mlb-cin-col-2026-07-18,spread_implies_ml,mlb-cin-col-2026-07-18-spread-away-1pt5,mlb-cin-col-2026-07-18,0.01,0.008,0.002,0.0002,0.8,0.002,True,True
2026-07-18T21:03:44+00:00,mlb-cin-col-2026-07-18,spread_implies_ml,mlb-cin-col-2026-07-18-spread-away-1pt5,mlb-cin-col-2026-07-18,0.01,0.008,0.002,0.0002,0.8,0.002,True,True
2026-07-18T21:04:10+00:00,mlb-cin-col-2026-07-18,spread_implies_ml,mlb-cin-col-2026-07-18-spread-away-1pt5,mlb-cin-col-2026-07-18,0.01,0.008,0.002,0.0002,0.8,0.002,True,True
2026-07-18T21:04:35+00:00,mlb-cin-col-2026-07-18,spread_implies_ml,mlb-cin-col-2026-07-18-spread-away-1pt5,mlb-cin-col-2026-07-18,0.01,0.008,0.002,0.0002,0.8,0.002,True,True
2026-07-18T21:05:01+00:00,mlb-cin-col-2026-07-18,spread_implies_ml,mlb-cin-col-2026-07-18-spread-away-1pt5,mlb-cin-col-2026-07-18,0.01,0.008,0.002,0.0002,0.8,0.002,True,True
2026-07-18T21:05:28+00:00,mlb-cin-col-2026-07-18,spread_implies_ml,mlb-cin-col-2026-07-18-spread-away-1pt5,mlb-cin-col-2026-07-18,0.01,0.008,0.002,0.0002,0.8,0.002,True,True
2026-07-18T21:05:53+00:00,mlb-cin-col-2026-07-18,spread_implies_ml,mlb-cin-col-2026-07-18-spread-away-1pt5,mlb-cin-col-2026-07-18,0.01,0.008,0.002,0.0002,0.8,0.002,True,True
2026-07-18T21:06:19+00:00,mlb-cin-col-2026-07-18,spread_implies_ml,mlb-cin-col-2026-07-18-spread-away-1pt5,mlb-cin-col-2026-07-18,0.01,0.008,0.002,0.0002,0.8,0.002,True,True
2026-07-18T21:06:44+00:00,mlb-cin-col-2026-07-18,spread_implies_ml,mlb-cin-col-2026-07-18-spread-away-1pt5,mlb-cin-col-2026-07-18,0.01,0.008,0.002,0.0002,0.8,0.002,True,True
2026-07-18T21:07:10+00:00,mlb-cin-col-2026-07-18,spread_implies_ml,mlb-cin-col-2026-07-18-spread-away-1pt5,mlb-cin-col-2026-07-18,0.01,0.008,0.002,0.0002,0.8,0.002,True,True
2026-07-18T21:07:35+00:00,mlb-cin-col-2026-07-18,spread_implies_ml,mlb-cin-col-2026-07-18-spread-away-1pt5,mlb-cin-col-2026-07-18,0.01,0.008,0.002,0.0002,0.8,0.002,True,True
2026-07-18T21:08:01+00:00,mlb-cin-col-2026-07-18,spread_implies_ml,mlb-cin-col-2026-07-18-spread-away-1pt5,mlb-cin-col-2026-07-18,0.01,0.008,0.002,0.0002,0.8,0.002,True,True
2026-07-18T21:08:27+00:00,mlb-cin-col-2026-07-18,spread_implies_ml,mlb-cin-col-2026-07-18-spread-away-1pt5,mlb-cin-col-2026-07-18,0.01,0.008,0.002,0.0002,0.8,0.002,True,True
2026-07-18T21:08:52+00:00,mlb-cin-col-2026-07-18,spread_implies_ml,mlb-cin-col-2026-07-18-spread-away-1pt5,mlb-cin-col-2026-07-18,0.01,0.008,0.002,0.0002,0.8,0.002,True,True
2026-07-18T21:09:18+00:00,mlb-cin-col-2026-07-18,spread_implies_ml,mlb-cin-col-2026-07-18-spread-away-1pt5,mlb-cin-col-2026-07-18,0.01,0.008,0.002,0.0002,0.8,0.002,True,True
2026-07-18T21:09:43+00:00,mlb-cin-col-2026-07-18,spread_implies_ml,mlb-cin-col-2026-07-18-spread-away-1pt5,mlb-cin-col-2026-07-18,0.01,0.008,0.002,0.0002,0.8,0.002,True,True
2026-07-18T21:10:09+00:00,mlb-cin-col-2026-07-18,spread_implies_ml,mlb-cin-col-2026-07-18-spread-away-1pt5,mlb-cin-col-2026-07-18,0.01,0.008,0.002,0.0002,0.8,0.002,True,True
2026-07-18T21:10:35+00:00,mlb-cin-col-2026-07-18,spread_implies_ml,mlb-cin-col-2026-07-18-spread-away-1pt5,mlb-cin-col-2026-07-18,0.01,0.008,0.002,0.0002,0.8,0.002,True,True
2026-07-18T21:11:00+00:00,mlb-cin-col-2026-07-18,spread_implies_ml,mlb-cin-col-2026-07-18-spread-away-1pt5,mlb-cin-col-2026-07-18,0.01,0.008,0.002,0.0002,0.8,0.002,True,True
2026-07-18T21:11:26+00:00,mlb-cin-col-2026-07-18,spread_implies_ml,mlb-cin-col-2026-07-18-spread-away-1pt5,mlb-cin-col-2026-07-18,0.01,0.008,0.002,0.0002,0.8,0.002,True,True
2026-07-18T21:11:51+00:00,mlb-cin-col-2026-07-18,spread_implies_ml,mlb-cin-col-2026-07-18-spread-away-1pt5,mlb-cin-col-2026-07-18,0.01,0.008,0.002,0.0002,0.8,0.002,True,True
2026-07-18T21:12:17+00:00,mlb-cin-col-2026-07-18,spread_implies_ml,mlb-cin-col-2026-07-18-spread-away-1pt5,mlb-cin-col-2026-07-18,0.01,0.008,0.002,0.0002,0.8,0.002,True,True
2026-07-18T21:12:42+00:00,mlb-cin-col-2026-07-18,spread_implies_ml,mlb-cin-col-2026-07-18-spread-away-1pt5,mlb-cin-col-2026-07-18,0.01,0.008,0.002,0.0002,0.8,0.002,True,True
2026-07-18T21:13:08+00:00,mlb-cin-col-2026-07-18,spread_implies_ml,mlb-cin-col-2026-07-18-spread-away-1pt5,mlb-cin-col-2026-07-18,0.01,0.008,0.002,0.0002,0.8,0.002,True,True
2026-07-18T21:13:34+00:00,mlb-cin-col-2026-07-18,spread_implies_ml,mlb-cin-col-2026-07-18-spread-away-1pt5,mlb-cin-col-2026-07-18,0.01,0.008,0.002,0.0002,0.8,0.002,True,True
2026-07-18T21:13:59+00:00,mlb-cin-col-2026-07-18,spread_implies_ml,mlb-cin-col-2026-07-18-spread-away-1pt5,mlb-cin-col-2026-07-18,0.01,0.008,0.002,0.0002,0.8,0.002,True,True
2026-07-18T21:14:25+00:00,mlb-cin-col-2026-07-18,spread_implies_ml,mlb-cin-col-2026-07-18-spread-away-1pt5,mlb-cin-col-2026-07-18,0.01,0.008,0.002,0.0002,0.8,0.002,True,True
2026-07-18T21:14:51+00:00,mlb-cin-col-2026-07-18,spread_implies_ml,mlb-cin-col-2026-07-18-spread-away-1pt5,mlb-cin-col-2026-07-18,0.01,0.008,0.002,0.0002,0.8,0.002,True,True
2026-07-18T21:15:16+00:00,mlb-cin-col-2026-07-18,spread_implies_ml,mlb-cin-col-2026-07-18-spread-away-1pt5,mlb-cin-col-2026-07-18,0.01,0.008,0.002,0.0002,0.8,0.002,True,True
2026-07-18T21:15:43+00:00,mlb-cin-col-2026-07-18,spread_implies_ml,mlb-cin-col-2026-07-18-spread-away-1pt5,mlb-cin-col-2026-07-18,0.01,0.008,0.002,0.0002,0.8,0.002,True,True
2026-07-18T21:16:08+00:00,mlb-cin-col-2026-07-18,spread_implies_ml,mlb-cin-col-2026-07-18-spread-away-1pt5,mlb-cin-col-2026-07-18,0.01,0.007,0.003,0.0013,0.8,0.003,True,True
2026-07-18T21:16:34+00:00,mlb-cin-col-2026-07-18,spread_implies_ml,mlb-cin-col-2026-07-18-spread-away-1pt5,mlb-cin-col-2026-07-18,0.01,0.007,0.003,0.0013,0.8,0.003,True,True
2026-07-18T21:16:59+00:00,mlb-cin-col-2026-07-18,spread_implies_ml,mlb-cin-col-2026-07-18-spread-away-1pt5,mlb-cin-col-2026-07-18,0.01,0.007,0.003,0.0013,0.8,0.003,True,True
2026-07-18T21:17:25+00:00,mlb-cin-col-2026-07-18,spread_implies_ml,mlb-cin-col-2026-07-18-spread-away-1pt5,mlb-cin-col-2026-07-18,0.01,0.007,0.003,0.0013,0.8,0.003,True,True
2026-07-18T21:17:50+00:00,mlb-cin-col-2026-07-18,spread_implies_ml,mlb-cin-col-2026-07-18-spread-away-1pt5,mlb-cin-col-2026-07-18,0.01,0.007,0.003,0.0013,0.8,0.003,True,True
2026-07-18T21:18:16+00:00,mlb-cin-col-2026-07-18,spread_implies_ml,mlb-cin-col-2026-07-18-spread-away-1pt5,mlb-cin-col-2026-07-18,0.01,0.007,0.003,0.0013,0.8,0.003,True,True
2026-07-18T21:18:42+00:00,mlb-cin-col-2026-07-18,spread_implies_ml,mlb-cin-col-2026-07-18-spread-away-1pt5,mlb-cin-col-2026-07-18,0.01,0.007,0.003,0.0013,0.8,0.003,True,True
2026-07-18T21:19:07+00:00,mlb-cin-col-2026-07-18,spread_implies_ml,mlb-cin-col-2026-07-18-spread-away-1pt5,mlb-cin-col-2026-07-18,0.01,0.007,0.003,0.0013,0.8,0.003,True,True
2026-07-18T21:19:33+00:00,mlb-cin-col-2026-07-18,spread_implies_ml,mlb-cin-col-2026-07-18-spread-away-1pt5,mlb-cin-col-2026-07-18,0.01,0.007,0.003,0.0013,0.8,0.003,True,True
2026-07-18T21:19:58+00:00,mlb-cin-col-2026-07-18,spread_implies_ml,mlb-cin-col-2026-07-18-spread-away-1pt5,mlb-cin-col-2026-07-18,0.01,0.007,0.003,0.0013,0.8,0.003,True,True
2026-07-18T21:20:24+00:00,mlb-cin-col-2026-07-18,spread_implies_ml,mlb-cin-col-2026-07-18-spread-away-1pt5,mlb-cin-col-2026-07-18,0.01,0.007,0.003,0.0013,0.8,0.003,True,True
2026-07-18T21:20:50+00:00,mlb-cin-col-2026-07-18,spread_implies_ml,mlb-cin-col-2026-07-18-spread-away-1pt5,mlb-cin-col-2026-07-18,0.01,0.005,0.005,0.0035,0.8,0.005,True,True
2026-07-18T21:21:15+00:00,mlb-cin-col-2026-07-18,spread_implies_ml,mlb-cin-col-2026-07-18-spread-away-1pt5,mlb-cin-col-2026-07-18,0.01,0.005,0.005,0.0035,0.8,0.005,True,True
2026-07-18T21:21:41+00:00,mlb-cin-col-2026-07-18,spread_implies_ml,mlb-cin-col-2026-07-18-spread-away-1pt5,mlb-cin-col-2026-07-18,0.01,0.005,0.005,0.0035,0.8,0.005,True,True
2026-07-18T21:22:06+00:00,mlb-cin-col-2026-07-18,spread_implies_ml,mlb-cin-col-2026-07-18-spread-away-1pt5,mlb-cin-col-2026-07-18,0.01,0.005,0.005,0.0035,0.8,0.005,True,True
2026-07-18T21:22:32+00:00,mlb-cin-col-2026-07-18,spread_implies_ml,mlb-cin-col-2026-07-18-spread-away-1pt5,mlb-cin-col-2026-07-18,0.01,0.003,0.007,0.0057,0.8,0.007,True,True
2026-07-18T21:22:57+00:00,mlb-cin-col-2026-07-18,spread_implies_ml,mlb-cin-col-2026-07-18-spread-away-1pt5,mlb-cin-col-2026-07-18,0.01,0.003,0.007,0.0057,0.8,0.007,True,True
2026-07-18T21:23:23+00:00,mlb-cin-col-2026-07-18,spread_implies_ml,mlb-cin-col-2026-07-18-spread-away-1pt5,mlb-cin-col-2026-07-18,0.01,0.003,0.007,0.0057,0.8,0.007,True,True
2026-07-18T21:23:49+00:00,mlb-cin-col-2026-07-18,spread_implies_ml,mlb-cin-col-2026-07-18-spread-away-1pt5,mlb-cin-col-2026-07-18,0.01,0.003,0.007,0.0057,0.8,0.007,True,True
2026-07-18T21:24:14+00:00,mlb-cin-col-2026-07-18,spread_implies_ml,mlb-cin-col-2026-07-18-spread-away-1pt5,mlb-cin-col-2026-07-18,0.01,0.003,0.007,0.0057,0.8,0.007,True,True
2026-07-18T21:24:40+00:00,mlb-cin-col-2026-07-18,spread_implies_ml,mlb-cin-col-2026-07-18-spread-away-1pt5,mlb-cin-col-2026-07-18,0.01,0.002,0.008,0.0068,0.8,0.008,True,True
2026-07-18T21:25:05+00:00,mlb-cin-col-2026-07-18,spread_implies_ml,mlb-cin-col-2026-07-18-spread-away-1pt5,mlb-cin-col-2026-07-18,0.01,0.002,0.008,0.0068,0.8,0.008,True,True
2026-07-18T21:25:31+00:00,mlb-cin-col-2026-07-18,spread_implies_ml,mlb-cin-col-2026-07-18-spread-away-1pt5,mlb-cin-col-2026-07-18,0.01,0.002,0.008,0.0068,0.8,0.008,True,True
2026-07-18T21:25:58+00:00,mlb-cin-col-2026-07-18,spread_implies_ml,mlb-cin-col-2026-07-18-spread-away-1pt5,mlb-cin-col-2026-07-18,0.01,0.002,0.008,0.0068,0.8,0.008,True,True
2026-07-18T21:26:23+00:00,mlb-cin-col-2026-07-18,spread_implies_ml,mlb-cin-col-2026-07-18-spread-away-1pt5,mlb-cin-col-2026-07-18,0.01,0.002,0.008,0.0068,0.8,0.008,True,True
2026-07-18T21:26:49+00:00,mlb-cin-col-2026-07-18,spread_implies_ml,mlb-cin-col-2026-07-18-spread-away-1pt5,mlb-cin-col-2026-07-18,0.01,0.002,0.008,0.0068,0.8,0.008,True,True
2026-07-18T21:27:14+00:00,mlb-cin-col-2026-07-18,spread_implies_ml,mlb-cin-col-2026-07-18-spread-away-1pt5,mlb-cin-col-2026-07-18,0.01,0.002,0.008,0.0068,0.8,0.008,True,True
2026-07-18T21:27:40+00:00,mlb-cin-col-2026-07-18,spread_implies_ml,mlb-cin-col-2026-07-18-spread-away-1pt5,mlb-cin-col-2026-07-18,0.01,0.003,0.007,0.0057,0.8,0.007,True,True
2026-07-18T21:28:06+00:00,mlb-cin-col-2026-07-18,spread_implies_ml,mlb-cin-col-2026-07-18-spread-away-1pt5,mlb-cin-col-2026-07-18,0.01,0.003,0.007,0.0057,0.8,0.007,True,True
2026-07-18T21:28:31+00:00,mlb-cin-col-2026-07-18,spread_implies_ml,mlb-cin-col-2026-07-18-spread-away-1pt5,mlb-cin-col-2026-07-18,0.01,0.003,0.007,0.0057,0.8,0.007,True,True
2026-07-18T21:28:57+00:00,mlb-cin-col-2026-07-18,spread_implies_ml,mlb-cin-col-2026-07-18-spread-away-1pt5,mlb-cin-col-2026-07-18,0.01,0.003,0.007,0.0057,0.8,0.007,True,True
2026-07-18T21:29:22+00:00,mlb-cin-col-2026-07-18,spread_implies_ml,mlb-cin-col-2026-07-18-spread-away-1pt5,mlb-cin-col-2026-07-18,0.01,0.003,0.007,0.0057,0.8,0.007,True,True
2026-07-18T21:29:48+00:00,mlb-cin-col-2026-07-18,spread_implies_ml,mlb-cin-col-2026-07-18-spread-away-1pt5,mlb-cin-col-2026-07-18,0.01,0.003,0.007,0.0057,0.8,0.007,True,True
2026-07-18T21:30:14+00:00,mlb-cin-col-2026-07-18,spread_implies_ml,mlb-cin-col-2026-07-18-spread-away-1pt5,mlb-cin-col-2026-07-18,0.01,0.003,0.007,0.0057,0.8,0.007,True,True
2026-07-18T21:30:40+00:00,mlb-cin-col-2026-07-18,spread_implies_ml,mlb-cin-col-2026-07-18-spread-away-1pt5,mlb-cin-col-2026-07-18,0.01,0.003,0.007,0.0057,0.8,0.007,True,True
2026-07-18T21:31:05+00:00,mlb-cin-col-2026-07-18,spread_implies_ml,mlb-cin-col-2026-07-18-spread-away-1pt5,mlb-cin-col-2026-07-18,0.01,0.003,0.007,0.0057,0.8,0.007,True,True
2026-07-18T21:31:31+00:00,mlb-cin-col-2026-07-18,spread_implies_ml,mlb-cin-col-2026-07-18-spread-away-1pt5,mlb-cin-col-2026-07-18,0.01,0.003,0.007,0.0057,0.8,0.007,True,True
2026-07-18T21:31:56+00:00,mlb-cin-col-2026-07-18,spread_implies_ml,mlb-cin-col-2026-07-18-spread-away-1pt5,mlb-cin-col-2026-07-18,0.01,0.003,0.007,0.0057,0.8,0.007,True,True
2026-07-18T21:32:22+00:00,mlb-cin-col-2026-07-18,spread_implies_ml,mlb-cin-col-2026-07-18-spread-away-1pt5,mlb-cin-col-2026-07-18,0.01,0.003,0.007,0.0057,0.8,0.007,True,True
2026-07-18T21:32:47+00:00,mlb-cin-col-2026-07-18,spread_implies_ml,mlb-cin-col-2026-07-18-spread-away-1pt5,mlb-cin-col-2026-07-18,0.01,0.003,0.007,0.0057,0.8,0.007,True,True
2026-07-18T21:33:13+00:00,mlb-cin-col-2026-07-18,spread_implies_ml,mlb-cin-col-2026-07-18-spread-away-1pt5,mlb-cin-col-2026-07-18,0.01,0.003,0.007,0.0057,0.8,0.007,True,True
2026-07-18T21:33:39+00:00,mlb-cin-col-2026-07-18,spread_implies_ml,mlb-cin-col-2026-07-18-spread-away-1pt5,mlb-cin-col-2026-07-18,0.01,0.003,0.007,0.0057,0.8,0.007,True,True
2026-07-18T21:34:04+00:00,mlb-cin-col-2026-07-18,spread_implies_ml,mlb-cin-col-2026-07-18-spread-away-1pt5,mlb-cin-col-2026-07-18,0.01,0.003,0.007,0.0057,0.8,0.007,True,True
2026-07-18T21:34:30+00:00,mlb-cin-col-2026-07-18,spread_implies_ml,mlb-cin-col-2026-07-18-spread-away-1pt5,mlb-cin-col-2026-07-18,0.01,0.003,0.007,0.0057,0.8,0.007,True,True
2026-07-18T21:34:55+00:00,mlb-cin-col-2026-07-18,spread_implies_ml,mlb-cin-col-2026-07-18-spread-away-1pt5,mlb-cin-col-2026-07-18,0.01,0.003,0.007,0.0057,0.8,0.007,True,True
2026-07-18T21:35:21+00:00,mlb-cin-col-2026-07-18,spread_implies_ml,mlb-cin-col-2026-07-18-spread-away-1pt5,mlb-cin-col-2026-07-18,0.01,0.003,0.007,0.0057,0.8,0.007,True,True
2026-07-18T21:35:46+00:00,mlb-cin-col-2026-07-18,spread_implies_ml,mlb-cin-col-2026-07-18-spread-away-1pt5,mlb-cin-col-2026-07-18,0.01,0.003,0.007,0.0057,0.8,0.007,True,True
2026-07-18T21:36:13+00:00,mlb-cin-col-2026-07-18,spread_implies_ml,mlb-cin-col-2026-07-18-spread-away-1pt5,mlb-cin-col-2026-07-18,0.01,0.001,0.009,0.0079,0.8,0.009,True,True
2026-07-18T21:36:39+00:00,mlb-cin-col-2026-07-18,spread_implies_ml,mlb-cin-col-2026-07-18-spread-away-1pt5,mlb-cin-col-2026-07-18,0.01,0.001,0.009,0.0079,0.8,0.009,True,True
2026-07-18T21:37:04+00:00,mlb-cin-col-2026-07-18,spread_implies_ml,mlb-cin-col-2026-07-18-spread-away-1pt5,mlb-cin-col-2026-07-18,0.01,0.001,0.009,0.0079,0.8,0.009,True,True
2026-07-18T22:00:41+00:00,wnba-nyl-ind-2026-07-18,over_ladder,wnba-nyl-ind-2026-07-18-total-181pt5,wnba-nyl-ind-2026-07-18-total-179pt5,0.56,0.55,0.01,-0.005,255.7,,,
2026-07-18T22:01:01+00:00,wnba-nyl-ind-2026-07-18,over_ladder,wnba-nyl-ind-2026-07-18-total-181pt5,wnba-nyl-ind-2026-07-18-total-179pt5,0.56,0.55,0.01,-0.005,255.7,,,
2026-07-18T22:01:21+00:00,wnba-nyl-ind-2026-07-18,over_ladder,wnba-nyl-ind-2026-07-18-total-181pt5,wnba-nyl-ind-2026-07-18-total-179pt5,0.56,0.55,0.01,-0.005,255.7,,,
2026-07-18T22:01:42+00:00,mlb-pit-cle-2026-07-17,spread_implies_ml,mlb-pit-cle-2026-07-17-spread-away-1pt5,mlb-pit-cle-2026-07-17,0.999,0.997,0.002,0.0016,41.9,0.002,True,True
2026-07-18T22:01:42+00:00,wnba-nyl-ind-2026-07-18,over_ladder,wnba-nyl-ind-2026-07-18-total-181pt5,wnba-nyl-ind-2026-07-18-total-179pt5,0.56,0.55,0.01,-0.005,255.7,,,
2026-07-18T22:02:07+00:00,mlb-pit-cle-2026-07-17,spread_implies_ml,mlb-pit-cle-2026-07-17-spread-away-1pt5,mlb-pit-cle-2026-07-17,0.999,0.997,0.002,0.0016,41.9,0.002,True,True
2026-07-18T22:02:07+00:00,wnba-nyl-ind-2026-07-18,over_ladder,wnba-nyl-ind-2026-07-18-total-181pt5,wnba-nyl-ind-2026-07-18-total-179pt5,0.56,0.55,0.01,-0.005,250.9,,,
2026-07-18T22:02:33+00:00,mlb-pit-cle-2026-07-17,spread_implies_ml,mlb-pit-cle-2026-07-17-spread-away-1pt5,mlb-pit-cle-2026-07-17,0.999,0.997,0.002,0.0016,41.9,0.002,True,True
2026-07-18T22:02:33+00:00,wnba-nyl-ind-2026-07-18,over_ladder,wnba-nyl-ind-2026-07-18-total-181pt5,wnba-nyl-ind-2026-07-18-total-179pt5,0.56,0.55,0.01,-0.005,250.9,,,
2026-07-18T22:02:58+00:00,mlb-pit-cle-2026-07-17,spread_implies_ml,mlb-pit-cle-2026-07-17-spread-away-1pt5,mlb-pit-cle-2026-07-17,0.999,0.997,0.002,0.0016,41.9,0.002,True,True
2026-07-18T22:02:58+00:00,wnba-nyl-ind-2026-07-18,over_ladder,wnba-nyl-ind-2026-07-18-total-181pt5,wnba-nyl-ind-2026-07-18-total-179pt5,0.56,0.55,0.01,-0.005,250.9,,,
2026-07-18T22:03:24+00:00,mlb-pit-cle-2026-07-17,spread_implies_ml,mlb-pit-cle-2026-07-17-spread-away-1pt5,mlb-pit-cle-2026-07-17,0.999,0.997,0.002,0.0016,20.0,0.002,True,True
2026-07-18T22:03:24+00:00,wnba-nyl-ind-2026-07-18,over_ladder,wnba-nyl-ind-2026-07-18-total-181pt5,wnba-nyl-ind-2026-07-18-total-179pt5,0.56,0.55,0.01,-0.005,250.9,,,
2026-07-18T22:03:50+00:00,mlb-pit-cle-2026-07-17,spread_implies_ml,mlb-pit-cle-2026-07-17-spread-away-1pt5,mlb-pit-cle-2026-07-17,0.999,0.997,0.002,0.0016,84.4,0.002,True,True
2026-07-18T22:03:50+00:00,wnba-nyl-ind-2026-07-18,over_ladder,wnba-nyl-ind-2026-07-18-total-181pt5,wnba-nyl-ind-2026-07-18-total-179pt5,0.56,0.55,0.01,-0.005,250.9,,,
2026-07-18T22:04:15+00:00,mlb-pit-cle-2026-07-17,spread_implies_ml,mlb-pit-cle-2026-07-17-spread-away-1pt5,mlb-pit-cle-2026-07-17,0.999,0.997,0.002,0.0016,84.4,0.002,True,True
2026-07-18T22:04:15+00:00,wnba-nyl-ind-2026-07-18,over_ladder,wnba-nyl-ind-2026-07-18-total-181pt5,wnba-nyl-ind-2026-07-18-total-179pt5,0.56,0.55,0.01,-0.005,250.9,,,
2026-07-18T22:04:41+00:00,mlb-pit-cle-2026-07-17,spread_implies_ml,mlb-pit-cle-2026-07-17-spread-away-1pt5,mlb-pit-cle-2026-07-17,0.999,0.997,0.002,0.0016,84.4,0.002,True,True
2026-07-18T22:04:41+00:00,wnba-nyl-ind-2026-07-18,over_ladder,wnba-nyl-ind-2026-07-18-total-181pt5,wnba-nyl-ind-2026-07-18-total-179pt5,0.56,0.55,0.01,-0.005,250.9,,,
2026-07-18T22:05:06+00:00,mlb-pit-cle-2026-07-17,spread_implies_ml,mlb-pit-cle-2026-07-17-spread-away-1pt5,mlb-pit-cle-2026-07-17,0.999,0.997,0.002,0.0016,84.4,0.002,True,True
2026-07-18T22:05:06+00:00,wnba-nyl-ind-2026-07-18,over_ladder,wnba-nyl-ind-2026-07-18-total-181pt5,wnba-nyl-ind-2026-07-18-total-179pt5,0.56,0.55,0.01,-0.005,250.9,,,
2026-07-18T22:05:32+00:00,mlb-pit-cle-2026-07-17,spread_implies_ml,mlb-pit-cle-2026-07-17-spread-away-1pt5,mlb-pit-cle-2026-07-17,0.999,0.997,0.002,0.0016,84.4,0.002,True,True
2026-07-18T22:05:32+00:00,wnba-nyl-ind-2026-07-18,over_ladder,wnba-nyl-ind-2026-07-18-total-181pt5,wnba-nyl-ind-2026-07-18-total-179pt5,0.56,0.55,0.01,-0.005,250.9,,,
2026-07-18T22:05:58+00:00,mlb-pit-cle-2026-07-17,spread_implies_ml,mlb-pit-cle-2026-07-17-spread-away-1pt5,mlb-pit-cle-2026-07-17,0.999,0.997,0.002,0.0016,84.4,0.002,True,True
2026-07-18T22:05:58+00:00,wnba-nyl-ind-2026-07-18,over_ladder,wnba-nyl-ind-2026-07-18-total-181pt5,wnba-nyl-ind-2026-07-18-total-179pt5,0.56,0.55,0.01,-0.005,250.9,,,
2026-07-18T22:06:23+00:00,mlb-pit-cle-2026-07-17,spread_implies_ml,mlb-pit-cle-2026-07-17-spread-away-1pt5,mlb-pit-cle-2026-07-17,0.999,0.997,0.002,0.0016,84.4,0.002,True,True
2026-07-18T22:06:23+00:00,wnba-nyl-ind-2026-07-18,over_ladder,wnba-nyl-ind-2026-07-18-total-181pt5,wnba-nyl-ind-2026-07-18-total-179pt5,0.56,0.55,0.01,-0.005,250.9,,,
2026-07-18T22:06:50+00:00,mlb-pit-cle-2026-07-17,spread_implies_ml,mlb-pit-cle-2026-07-17-spread-away-1pt5,mlb-pit-cle-2026-07-17,0.999,0.997,0.002,0.0016,84.4,0.002,True,True
2026-07-18T22:06:50+00:00,wnba-nyl-ind-2026-07-18,over_ladder,wnba-nyl-ind-2026-07-18-total-181pt5,wnba-nyl-ind-2026-07-18-total-179pt5,0.56,0.55,0.01,-0.005,211.7,,,
2026-07-18T22:07:15+00:00,mlb-pit-cle-2026-07-17,spread_implies_ml,mlb-pit-cle-2026-07-17-spread-away-1pt5,mlb-pit-cle-2026-07-17,0.999,0.997,0.002,0.0016,84.4,0.002,True,True
2026-07-18T22:07:41+00:00,mlb-pit-cle-2026-07-17,spread_implies_ml,mlb-pit-cle-2026-07-17-spread-away-1pt5,mlb-pit-cle-2026-07-17,0.999,0.997,0.002,0.0016,84.4,0.002,True,True
2026-07-18T22:16:37+00:00,mlb-pit-cle-2026-07-17,spread_implies_ml,mlb-pit-cle-2026-07-17-spread-away-1pt5,mlb-pit-cle-2026-07-17,0.999,0.997,0.002,0.0016,0.4,0.002,True,True
2026-07-18T22:17:04+00:00,mlb-pit-cle-2026-07-17,spread_implies_ml,mlb-pit-cle-2026-07-17-spread-away-1pt5,mlb-pit-cle-2026-07-17,0.999,0.997,0.002,0.0016,0.4,0.002,True,True
2026-07-18T22:17:29+00:00,mlb-pit-cle-2026-07-17,spread_implies_ml,mlb-pit-cle-2026-07-17-spread-away-1pt5,mlb-pit-cle-2026-07-17,0.999,0.997,0.002,0.0016,0.4,0.002,True,True
2026-07-18T22:17:55+00:00,mlb-pit-cle-2026-07-17,spread_implies_ml,mlb-pit-cle-2026-07-17-spread-away-1pt5,mlb-pit-cle-2026-07-17,0.999,0.997,0.002,0.0016,0.4,0.002,True,True
2026-07-18T22:28:13+00:00,mlb-sd-kc-2026-07-18,spread_implies_ml,mlb-sd-kc-2026-07-18-spread-away-1pt5,mlb-sd-kc-2026-07-18,0.01,0.008,0.002,0.0002,75.0,0.002,True,True
2026-07-18T22:28:39+00:00,mlb-sd-kc-2026-07-18,spread_implies_ml,mlb-sd-kc-2026-07-18-spread-away-1pt5,mlb-sd-kc-2026-07-18,0.01,0.008,0.002,0.0002,75.0,0.002,True,True
2026-07-18T22:29:04+00:00,mlb-sd-kc-2026-07-18,spread_implies_ml,mlb-sd-kc-2026-07-18-spread-away-1pt5,mlb-sd-kc-2026-07-18,0.01,0.008,0.002,0.0002,75.0,0.002,True,True
2026-07-18T22:29:30+00:00,mlb-sd-kc-2026-07-18,spread_implies_ml,mlb-sd-kc-2026-07-18-spread-away-1pt5,mlb-sd-kc-2026-07-18,0.01,0.008,0.002,0.0002,75.0,0.002,True,True
2026-07-18T22:29:55+00:00,mlb-sd-kc-2026-07-18,spread_implies_ml,mlb-sd-kc-2026-07-18-spread-away-1pt5,mlb-sd-kc-2026-07-18,0.01,0.008,0.002,0.0002,75.0,0.002,True,True
2026-07-18T22:30:21+00:00,mlb-sd-kc-2026-07-18,spread_implies_ml,mlb-sd-kc-2026-07-18-spread-away-1pt5,mlb-sd-kc-2026-07-18,0.01,0.008,0.002,0.0002,75.0,0.002,True,True
2026-07-18T22:30:47+00:00,mlb-sd-kc-2026-07-18,spread_implies_ml,mlb-sd-kc-2026-07-18-spread-away-1pt5,mlb-sd-kc-2026-07-18,0.01,0.008,0.002,0.0002,75.0,0.002,True,True
2026-07-18T22:31:13+00:00,mlb-sd-kc-2026-07-18,spread_implies_ml,mlb-sd-kc-2026-07-18-spread-away-1pt5,mlb-sd-kc-2026-07-18,0.01,0.008,0.002,0.0002,75.0,0.002,True,True
2026-07-18T22:31:38+00:00,mlb-sd-kc-2026-07-18,spread_implies_ml,mlb-sd-kc-2026-07-18-spread-away-1pt5,mlb-sd-kc-2026-07-18,0.01,0.008,0.002,0.0002,75.0,0.002,True,True
2026-07-18T22:32:04+00:00,mlb-sd-kc-2026-07-18,spread_implies_ml,mlb-sd-kc-2026-07-18-spread-away-1pt5,mlb-sd-kc-2026-07-18,0.01,0.008,0.002,0.0002,75.0,0.002,True,True
2026-07-18T22:32:29+00:00,mlb-sd-kc-2026-07-18,spread_implies_ml,mlb-sd-kc-2026-07-18-spread-away-1pt5,mlb-sd-kc-2026-07-18,0.01,0.008,0.002,0.0002,75.0,0.002,True,True
2026-07-18T22:32:55+00:00,mlb-sd-kc-2026-07-18,spread_implies_ml,mlb-sd-kc-2026-07-18-spread-away-1pt5,mlb-sd-kc-2026-07-18,0.01,0.007,0.003,0.0013,75.0,0.003,True,True
2026-07-18T22:33:21+00:00,mlb-sd-kc-2026-07-18,spread_implies_ml,mlb-sd-kc-2026-07-18-spread-away-1pt5,mlb-sd-kc-2026-07-18,0.01,0.007,0.003,0.0013,75.0,0.003,True,True
2026-07-18T22:33:46+00:00,mlb-sd-kc-2026-07-18,spread_implies_ml,mlb-sd-kc-2026-07-18-spread-away-1pt5,mlb-sd-kc-2026-07-18,0.01,0.007,0.003,0.0013,75.0,0.003,True,True
2026-07-18T22:34:12+00:00,mlb-sd-kc-2026-07-18,spread_implies_ml,mlb-sd-kc-2026-07-18-spread-away-1pt5,mlb-sd-kc-2026-07-18,0.01,0.007,0.003,0.0013,75.0,0.003,True,True
2026-07-18T22:34:37+00:00,mlb-sd-kc-2026-07-18,spread_implies_ml,mlb-sd-kc-2026-07-18-spread-away-1pt5,mlb-sd-kc-2026-07-18,0.01,0.007,0.003,0.0013,75.0,0.003,True,True
2026-07-18T22:35:03+00:00,mlb-sd-kc-2026-07-18,spread_implies_ml,mlb-sd-kc-2026-07-18-spread-away-1pt5,mlb-sd-kc-2026-07-18,0.01,0.007,0.003,0.0013,75.0,0.003,True,True
2026-07-18T22:35:28+00:00,mlb-sd-kc-2026-07-18,spread_implies_ml,mlb-sd-kc-2026-07-18-spread-away-1pt5,mlb-sd-kc-2026-07-18,0.01,0.007,0.003,0.0013,75.0,0.003,True,True
2026-07-18T22:35:54+00:00,mlb-sd-kc-2026-07-18,spread_implies_ml,mlb-sd-kc-2026-07-18-spread-away-1pt5,mlb-sd-kc-2026-07-18,0.01,0.007,0.003,0.0013,75.0,0.003,True,True
2026-07-18T22:36:19+00:00,mlb-sd-kc-2026-07-18,spread_implies_ml,mlb-sd-kc-2026-07-18-spread-away-1pt5,mlb-sd-kc-2026-07-18,0.01,0.007,0.003,0.0013,75.0,0.003,True,True
2026-07-18T22:36:45+00:00,mlb-sd-kc-2026-07-18,spread_implies_ml,mlb-sd-kc-2026-07-18-spread-away-1pt5,mlb-sd-kc-2026-07-18,0.01,0.007,0.003,0.0013,75.0,0.003,True,True
2026-07-18T22:37:10+00:00,mlb-sd-kc-2026-07-18,spread_implies_ml,mlb-sd-kc-2026-07-18-spread-away-1pt5,mlb-sd-kc-2026-07-18,0.01,0.007,0.003,0.0013,75.0,0.003,True,True
2026-07-18T22:37:37+00:00,mlb-sd-kc-2026-07-18,spread_implies_ml,mlb-sd-kc-2026-07-18-spread-away-1pt5,mlb-sd-kc-2026-07-18,0.01,0.007,0.003,0.0013,75.0,0.003,True,True
2026-07-18T22:38:03+00:00,mlb-sd-kc-2026-07-18,spread_implies_ml,mlb-sd-kc-2026-07-18-spread-away-1pt5,mlb-sd-kc-2026-07-18,0.01,0.007,0.003,0.0013,75.0,0.003,True,True
2026-07-18T22:38:28+00:00,mlb-sd-kc-2026-07-18,spread_implies_ml,mlb-sd-kc-2026-07-18-spread-away-1pt5,mlb-sd-kc-2026-07-18,0.01,0.007,0.003,0.0013,75.0,0.003,True,True
2026-07-18T22:38:54+00:00,mlb-sd-kc-2026-07-18,spread_implies_ml,mlb-sd-kc-2026-07-18-spread-away-1pt5,mlb-sd-kc-2026-07-18,0.01,0.007,0.003,0.0013,75.0,0.003,True,True
2026-07-18T22:39:19+00:00,mlb-sd-kc-2026-07-18,spread_implies_ml,mlb-sd-kc-2026-07-18-spread-away-1pt5,mlb-sd-kc-2026-07-18,0.01,0.007,0.003,0.0013,75.0,0.003,True,True
2026-07-18T22:39:45+00:00,mlb-sd-kc-2026-07-18,spread_implies_ml,mlb-sd-kc-2026-07-18-spread-away-1pt5,mlb-sd-kc-2026-07-18,0.01,0.007,0.003,0.0013,75.0,0.003,True,True
2026-07-18T22:40:10+00:00,mlb-sd-kc-2026-07-18,spread_implies_ml,mlb-sd-kc-2026-07-18-spread-away-1pt5,mlb-sd-kc-2026-07-18,0.01,0.007,0.003,0.0013,75.0,0.003,True,True
2026-07-18T22:40:36+00:00,mlb-sd-kc-2026-07-18,spread_implies_ml,mlb-sd-kc-2026-07-18-spread-away-1pt5,mlb-sd-kc-2026-07-18,0.01,0.007,0.003,0.0013,75.0,0.003,True,True
2026-07-18T22:50:54+00:00,fifwc-fra-eng-2026-07-18-total-corners,over_ladder,fifwc-fra-eng-2026-07-18-corners-total-10pt5,fifwc-fra-eng-2026-07-18-corners-total-9pt5,0.04,0.02,0.02,0.0142,0.7,0.02,True,True
2026-07-18T22:54:43+00:00,mlb-stl-ari-2026-07-18,spread_implies_ml,mlb-stl-ari-2026-07-18-spread-away-1pt5,mlb-stl-ari-2026-07-18,0.01,0.008,0.002,0.0002,75.0,0.009,True,True
2026-07-18T23:18:02+00:00,bra2-acg-ath-2026-07-20-more-markets,cover_ladder,bra2-acg-ath-2026-07-20-spread-away-2pt5,bra2-acg-ath-2026-07-20-spread-away-1pt5,0.003,0.001,0.002,0.0016,100.0,0.002,True,True
2026-07-18T23:18:29+00:00,bra2-acg-ath-2026-07-20-more-markets,cover_ladder,bra2-acg-ath-2026-07-20-spread-away-2pt5,bra2-acg-ath-2026-07-20-spread-away-1pt5,0.002,0.001,0.001,0.0007,300.0,0.001,True,True
2026-07-18T23:36:15+00:00,mlb-bal-hou-2026-07-18,spread_implies_ml,mlb-bal-hou-2026-07-18-spread-home-1pt5,mlb-bal-hou-2026-07-18,0.01,0.001,0.009,0.0079,10.0,0.009,True,True
2026-07-18T23:36:41+00:00,mlb-bal-hou-2026-07-18,spread_implies_ml,mlb-bal-hou-2026-07-18-spread-home-1pt5,mlb-bal-hou-2026-07-18,0.01,0.001,0.009,0.0079,10.0,0.009,True,True
2026-07-18T23:37:06+00:00,mlb-bal-hou-2026-07-18,spread_implies_ml,mlb-bal-hou-2026-07-18-spread-home-1pt5,mlb-bal-hou-2026-07-18,0.01,0.001,0.009,0.0079,10.0,0.009,True,True
2026-07-18T23:55:33+00:00,mlb-tb-bos-2026-07-18,cover_ladder,mlb-tb-bos-2026-07-18-spread-away-2pt5,mlb-tb-bos-2026-07-18-spread-away-1pt5,0.01,0.009,0.001,-0.0009,10.0,,,
2026-07-18T23:55:33+00:00,mlb-tb-bos-2026-07-18,spread_implies_ml,mlb-tb-bos-2026-07-18-spread-away-1pt5,mlb-tb-bos-2026-07-18,0.002,0.001,0.001,0.0007,10.3,0.001,True,True
2026-07-18T23:55:33+00:00,mlb-tb-bos-2026-07-18,spread_implies_ml,mlb-tb-bos-2026-07-18-spread-away-2pt5,mlb-tb-bos-2026-07-18,0.01,0.001,0.009,0.0079,10.0,0.009,True,True
2026-07-19T03:42:07+00:00,mlb-pit-cle-2026-07-17,spread_implies_ml,mlb-pit-cle-2026-07-17-spread-away-1pt5,mlb-pit-cle-2026-07-17,0.999,0.998,0.001,0.0007,80.2,0.0,False,True
2026-07-19T03:42:33+00:00,mlb-pit-cle-2026-07-17,spread_implies_ml,mlb-pit-cle-2026-07-17-spread-away-1pt5,mlb-pit-cle-2026-07-17,0.999,0.995,0.004,0.0034,78.6,0.004,True,True
2026-07-19T03:42:58+00:00,mlb-pit-cle-2026-07-17,spread_implies_ml,mlb-pit-cle-2026-07-17-spread-away-1pt5,mlb-pit-cle-2026-07-17,0.999,0.995,0.004,0.0034,78.6,0.004,True,True
2026-07-19T03:43:24+00:00,mlb-pit-cle-2026-07-17,spread_implies_ml,mlb-pit-cle-2026-07-17-spread-away-1pt5,mlb-pit-cle-2026-07-17,0.999,0.995,0.004,0.0034,78.6,0.004,True,True
2026-07-19T03:43:49+00:00,mlb-pit-cle-2026-07-17,spread_implies_ml,mlb-pit-cle-2026-07-17-spread-away-1pt5,mlb-pit-cle-2026-07-17,0.999,0.995,0.004,0.0034,78.6,0.004,True,True
2026-07-19T03:44:14+00:00,mlb-pit-cle-2026-07-17,spread_implies_ml,mlb-pit-cle-2026-07-17-spread-away-1pt5,mlb-pit-cle-2026-07-17,0.999,0.995,0.004,0.0034,78.6,0.004,True,True
2026-07-19T03:44:40+00:00,mlb-wsh-oak-2026-07-18,spread_implies_ml,mlb-wsh-oak-2026-07-18-spread-away-1pt5,mlb-wsh-oak-2026-07-18,0.01,0.008,0.002,0.0002,0.8,0.002,True,True
2026-07-19T03:44:40+00:00,mlb-pit-cle-2026-07-17,spread_implies_ml,mlb-pit-cle-2026-07-17-spread-away-1pt5,mlb-pit-cle-2026-07-17,0.999,0.995,0.004,0.0034,78.6,0.004,True,True
2026-07-19T03:45:05+00:00,mlb-wsh-oak-2026-07-18,spread_implies_ml,mlb-wsh-oak-2026-07-18-spread-away-1pt5,mlb-wsh-oak-2026-07-18,0.01,0.008,0.002,0.0002,0.8,0.002,True,True
2026-07-19T03:45:05+00:00,mlb-pit-cle-2026-07-17,spread_implies_ml,mlb-pit-cle-2026-07-17-spread-away-1pt5,mlb-pit-cle-2026-07-17,0.999,0.995,0.004,0.0034,78.6,0.004,True,True
2026-07-19T03:45:31+00:00,mlb-wsh-oak-2026-07-18,spread_implies_ml,mlb-wsh-oak-2026-07-18-spread-away-1pt5,mlb-wsh-oak-2026-07-18,0.01,0.008,0.002,0.0002,0.8,0.002,True,True
2026-07-19T03:45:31+00:00,mlb-pit-cle-2026-07-17,spread_implies_ml,mlb-pit-cle-2026-07-17-spread-away-1pt5,mlb-pit-cle-2026-07-17,0.999,0.995,0.004,0.0034,78.6,0.004,True,True
2026-07-19T03:45:56+00:00,mlb-wsh-oak-2026-07-18,spread_implies_ml,mlb-wsh-oak-2026-07-18-spread-away-1pt5,mlb-wsh-oak-2026-07-18,0.01,0.008,0.002,0.0002,0.8,-0.001,False,True
2026-07-19T03:45:56+00:00,mlb-pit-cle-2026-07-17,spread_implies_ml,mlb-pit-cle-2026-07-17-spread-away-1pt5,mlb-pit-cle-2026-07-17,0.999,0.995,0.004,0.0034,78.6,0.004,True,True
2026-07-19T03:46:22+00:00,mlb-wsh-oak-2026-07-18,spread_implies_ml,mlb-wsh-oak-2026-07-18-spread-away-1pt5,mlb-wsh-oak-2026-07-18,0.01,0.006,0.004,0.0024,0.8,0.004,True,True
2026-07-19T03:46:22+00:00,mlb-pit-cle-2026-07-17,spread_implies_ml,mlb-pit-cle-2026-07-17-spread-away-1pt5,mlb-pit-cle-2026-07-17,0.999,0.995,0.004,0.0034,78.6,0.004,True,True
2026-07-19T03:46:47+00:00,mlb-wsh-oak-2026-07-18,spread_implies_ml,mlb-wsh-oak-2026-07-18-spread-away-1pt5,mlb-wsh-oak-2026-07-18,0.01,0.006,0.004,0.0024,0.8,0.004,True,True
2026-07-19T03:46:47+00:00,mlb-pit-cle-2026-07-17,spread_implies_ml,mlb-pit-cle-2026-07-17-spread-away-1pt5,mlb-pit-cle-2026-07-17,0.999,0.995,0.004,0.0034,78.6,0.004,True,True
2026-07-19T03:47:13+00:00,mlb-wsh-oak-2026-07-18,spread_implies_ml,mlb-wsh-oak-2026-07-18-spread-away-1pt5,mlb-wsh-oak-2026-07-18,0.01,0.005,0.005,0.0035,0.8,0.005,True,True
2026-07-19T03:47:13+00:00,mlb-pit-cle-2026-07-17,spread_implies_ml,mlb-pit-cle-2026-07-17-spread-away-1pt5,mlb-pit-cle-2026-07-17,0.999,0.995,0.004,0.0034,78.6,0.004,True,True
2026-07-19T03:47:38+00:00,mlb-wsh-oak-2026-07-18,spread_implies_ml,mlb-wsh-oak-2026-07-18-spread-away-1pt5,mlb-wsh-oak-2026-07-18,0.01,0.005,0.005,0.0035,0.8,0.005,True,True
2026-07-19T03:47:38+00:00,mlb-pit-cle-2026-07-17,spread_implies_ml,mlb-pit-cle-2026-07-17-spread-away-1pt5,mlb-pit-cle-2026-07-17,0.999,0.995,0.004,0.0034,76.6,0.004,True,True
2026-07-19T03:48:04+00:00,mlb-pit-cle-2026-07-17,spread_implies_ml,mlb-pit-cle-2026-07-17-spread-away-1pt5,mlb-pit-cle-2026-07-17,0.999,0.995,0.004,0.0034,76.6,0.004,True,True
2026-07-19T03:48:29+00:00,mlb-pit-cle-2026-07-17,spread_implies_ml,mlb-pit-cle-2026-07-17-spread-away-1pt5,mlb-pit-cle-2026-07-17,0.999,0.995,0.004,0.0034,76.6,0.004,True,True
2026-07-19T03:48:56+00:00,mlb-pit-cle-2026-07-17,spread_implies_ml,mlb-pit-cle-2026-07-17-spread-away-1pt5,mlb-pit-cle-2026-07-17,0.999,0.995,0.004,0.0034,76.6,0.004,True,True
2026-07-19T03:49:21+00:00,mlb-pit-cle-2026-07-17,spread_implies_ml,mlb-pit-cle-2026-07-17-spread-away-1pt5,mlb-pit-cle-2026-07-17,0.999,0.995,0.004,0.0034,76.6,0.004,True,True
2026-07-19T03:49:47+00:00,mlb-pit-cle-2026-07-17,spread_implies_ml,mlb-pit-cle-2026-07-17-spread-away-1pt5,mlb-pit-cle-2026-07-17,0.999,0.995,0.004,0.0034,76.6,0.004,True,True
2026-07-19T03:50:12+00:00,mlb-pit-cle-2026-07-17,spread_implies_ml,mlb-pit-cle-2026-07-17-spread-away-1pt5,mlb-pit-cle-2026-07-17,0.999,0.995,0.004,0.0034,76.6,0.0,False,True
2026-07-19T14:06:57+00:00,wta-strakho-paquet-2026-07-19,over_ladder,wta-strakho-paquet-2026-07-19-match-total-23pt5,wta-strakho-paquet-2026-07-19-match-total-22pt5,0.49,0.42,0.07,0.055,1334.5,0.07,True,True
2026-07-19T14:07:23+00:00,wta-strakho-paquet-2026-07-19,over_ladder,wta-strakho-paquet-2026-07-19-match-total-23pt5,wta-strakho-paquet-2026-07-19-match-total-22pt5,0.49,0.42,0.07,0.055,1334.5,0.07,True,True
2026-07-19T14:07:49+00:00,wta-strakho-paquet-2026-07-19,over_ladder,wta-strakho-paquet-2026-07-19-match-total-23pt5,wta-strakho-paquet-2026-07-19-match-total-22pt5,0.49,0.42,0.07,0.055,1334.5,0.07,True,True
2026-07-19T14:41:26+00:00,atp-luz-tabur-2026-07-19,over_ladder,atp-luz-tabur-2026-07-19-match-total-22pt5,atp-luz-tabur-2026-07-19-match-total-21pt5,0.49,0.39,0.1,0.085,2387.8,0.1,True,True
2026-07-19T18:36:54+00:00,mlb-cws-tor-2026-07-19,spread_implies_ml,mlb-cws-tor-2026-07-19-spread-home-1pt5,mlb-cws-tor-2026-07-19,0.01,0.001,0.009,0.0079,5.0,,False,True
2026-07-19T19:36:20+00:00,mlb-tb-bos-2026-07-19,spread_implies_ml,mlb-tb-bos-2026-07-19-spread-away-1pt5,mlb-tb-bos-2026-07-19,0.01,0.009,0.001,-0.0009,25.0,,,
2026-07-19T19:36:20+00:00,mlb-tb-bos-2026-07-19,spread_implies_ml,mlb-tb-bos-2026-07-19-spread-away-2pt5,mlb-tb-bos-2026-07-19,0.01,0.009,0.001,-0.0009,5.0,,,
2026-07-19T19:36:41+00:00,mlb-tb-bos-2026-07-19,spread_implies_ml,mlb-tb-bos-2026-07-19-spread-away-1pt5,mlb-tb-bos-2026-07-19,0.01,0.009,0.001,-0.0009,25.0,,,
2026-07-19T19:36:41+00:00,mlb-tb-bos-2026-07-19,spread_implies_ml,mlb-tb-bos-2026-07-19-spread-away-2pt5,mlb-tb-bos-2026-07-19,0.01,0.009,0.001,-0.0009,5.0,,,
2026-07-19T19:37:01+00:00,mlb-tb-bos-2026-07-19,spread_implies_ml,mlb-tb-bos-2026-07-19-spread-away-1pt5,mlb-tb-bos-2026-07-19,0.01,0.009,0.001,-0.0009,25.0,,,
2026-07-19T19:37:01+00:00,mlb-tb-bos-2026-07-19,spread_implies_ml,mlb-tb-bos-2026-07-19-spread-away-2pt5,mlb-tb-bos-2026-07-19,0.01,0.009,0.001,-0.0009,5.0,,,
2026-07-19T19:37:22+00:00,mlb-tb-bos-2026-07-19,spread_implies_ml,mlb-tb-bos-2026-07-19-spread-away-1pt5,mlb-tb-bos-2026-07-19,0.01,0.009,0.001,-0.0009,25.0,,,
2026-07-19T19:37:22+00:00,mlb-tb-bos-2026-07-19,spread_implies_ml,mlb-tb-bos-2026-07-19-spread-away-2pt5,mlb-tb-bos-2026-07-19,0.01,0.009,0.001,-0.0009,5.0,,,
2026-07-19T19:37:42+00:00,mlb-tb-bos-2026-07-19,spread_implies_ml,mlb-tb-bos-2026-07-19-spread-away-1pt5,mlb-tb-bos-2026-07-19,0.01,0.009,0.001,-0.0009,25.0,,,
2026-07-19T19:37:42+00:00,mlb-tb-bos-2026-07-19,spread_implies_ml,mlb-tb-bos-2026-07-19-spread-away-2pt5,mlb-tb-bos-2026-07-19,0.01,0.009,0.001,-0.0009,5.0,,,
2026-07-19T19:38:03+00:00,mlb-tb-bos-2026-07-19,spread_implies_ml,mlb-tb-bos-2026-07-19-spread-away-1pt5,mlb-tb-bos-2026-07-19,0.01,0.009,0.001,-0.0009,25.0,,,
2026-07-19T19:38:03+00:00,mlb-tb-bos-2026-07-19,spread_implies_ml,mlb-tb-bos-2026-07-19-spread-away-2pt5,mlb-tb-bos-2026-07-19,0.01,0.009,0.001,-0.0009,5.0,,,
2026-07-19T19:39:04+00:00,mlb-tb-bos-2026-07-19,spread_implies_ml,mlb-tb-bos-2026-07-19-spread-away-1pt5,mlb-tb-bos-2026-07-19,0.01,0.008,0.002,0.0002,12.4,0.002,True,True
2026-07-19T19:39:04+00:00,mlb-tb-bos-2026-07-19,spread_implies_ml,mlb-tb-bos-2026-07-19-spread-away-2pt5,mlb-tb-bos-2026-07-19,0.01,0.008,0.002,0.0002,5.0,0.002,True,True
2026-07-19T19:46:40+00:00,mlb-tb-bos-2026-07-19,spread_implies_ml,mlb-tb-bos-2026-07-19-spread-away-1pt5,mlb-tb-bos-2026-07-19,0.01,0.007,0.003,0.0013,25.0,0.003,True,True
2026-07-19T19:46:40+00:00,mlb-tb-bos-2026-07-19,spread_implies_ml,mlb-tb-bos-2026-07-19-spread-away-2pt5,mlb-tb-bos-2026-07-19,0.01,0.007,0.003,0.0013,5.0,0.003,True,True
2026-07-19T19:47:05+00:00,mlb-tb-bos-2026-07-19,spread_implies_ml,mlb-tb-bos-2026-07-19-spread-away-1pt5,mlb-tb-bos-2026-07-19,0.01,0.007,0.003,0.0013,25.0,0.003,True,True
2026-07-19T19:47:05+00:00,mlb-tb-bos-2026-07-19,spread_implies_ml,mlb-tb-bos-2026-07-19-spread-away-2pt5,mlb-tb-bos-2026-07-19,0.01,0.007,0.003,0.0013,5.0,0.003,True,True
2026-07-19T19:47:31+00:00,mlb-tb-bos-2026-07-19,spread_implies_ml,mlb-tb-bos-2026-07-19-spread-away-1pt5,mlb-tb-bos-2026-07-19,0.01,0.007,0.003,0.0013,25.0,0.003,True,True
2026-07-19T19:47:31+00:00,mlb-tb-bos-2026-07-19,spread_implies_ml,mlb-tb-bos-2026-07-19-spread-away-2pt5,mlb-tb-bos-2026-07-19,0.01,0.007,0.003,0.0013,5.0,0.003,True,True
2026-07-19T19:47:57+00:00,mlb-tb-bos-2026-07-19,spread_implies_ml,mlb-tb-bos-2026-07-19-spread-away-1pt5,mlb-tb-bos-2026-07-19,0.01,0.007,0.003,0.0013,25.0,0.003,True,True
2026-07-19T19:47:57+00:00,mlb-tb-bos-2026-07-19,spread_implies_ml,mlb-tb-bos-2026-07-19-spread-away-2pt5,mlb-tb-bos-2026-07-19,0.01,0.007,0.003,0.0013,5.0,0.003,True,True
2026-07-19T19:48:22+00:00,mlb-tb-bos-2026-07-19,spread_implies_ml,mlb-tb-bos-2026-07-19-spread-away-1pt5,mlb-tb-bos-2026-07-19,0.01,0.007,0.003,0.0013,25.0,0.003,True,True
2026-07-19T19:48:22+00:00,mlb-tb-bos-2026-07-19,spread_implies_ml,mlb-tb-bos-2026-07-19-spread-away-2pt5,mlb-tb-bos-2026-07-19,0.01,0.007,0.003,0.0013,5.0,0.003,True,True
2026-07-19T19:48:48+00:00,mlb-tb-bos-2026-07-19,spread_implies_ml,mlb-tb-bos-2026-07-19-spread-away-1pt5,mlb-tb-bos-2026-07-19,0.01,0.007,0.003,0.0013,25.0,0.003,True,True
2026-07-19T19:48:48+00:00,mlb-tb-bos-2026-07-19,spread_implies_ml,mlb-tb-bos-2026-07-19-spread-away-2pt5,mlb-tb-bos-2026-07-19,0.01,0.007,0.003,0.0013,5.0,0.003,True,True
2026-07-19T19:49:14+00:00,mlb-tb-bos-2026-07-19,spread_implies_ml,mlb-tb-bos-2026-07-19-spread-away-1pt5,mlb-tb-bos-2026-07-19,0.01,0.007,0.003,0.0013,25.0,0.003,True,True
2026-07-19T19:49:14+00:00,mlb-tb-bos-2026-07-19,spread_implies_ml,mlb-tb-bos-2026-07-19-spread-away-2pt5,mlb-tb-bos-2026-07-19,0.01,0.007,0.003,0.0013,5.0,0.003,True,True
2026-07-19T19:49:39+00:00,mlb-tb-bos-2026-07-19,spread_implies_ml,mlb-tb-bos-2026-07-19-spread-away-1pt5,mlb-tb-bos-2026-07-19,0.01,0.007,0.003,0.0013,25.0,0.003,True,True
2026-07-19T19:49:39+00:00,mlb-tb-bos-2026-07-19,spread_implies_ml,mlb-tb-bos-2026-07-19-spread-away-2pt5,mlb-tb-bos-2026-07-19,0.01,0.007,0.003,0.0013,5.0,0.003,True,True
2026-07-19T19:50:05+00:00,mlb-tb-bos-2026-07-19,spread_implies_ml,mlb-tb-bos-2026-07-19-spread-away-1pt5,mlb-tb-bos-2026-07-19,0.01,0.007,0.003,0.0013,25.0,0.003,True,True
2026-07-19T19:50:05+00:00,mlb-tb-bos-2026-07-19,spread_implies_ml,mlb-tb-bos-2026-07-19-spread-away-2pt5,mlb-tb-bos-2026-07-19,0.01,0.007,0.003,0.0013,5.0,0.003,True,True
2026-07-19T19:50:31+00:00,mlb-tb-bos-2026-07-19,spread_implies_ml,mlb-tb-bos-2026-07-19-spread-away-1pt5,mlb-tb-bos-2026-07-19,0.01,0.007,0.003,0.0013,25.0,0.003,True,True
2026-07-19T19:50:31+00:00,mlb-tb-bos-2026-07-19,spread_implies_ml,mlb-tb-bos-2026-07-19-spread-away-2pt5,mlb-tb-bos-2026-07-19,0.01,0.007,0.003,0.0013,5.0,0.003,True,True
2026-07-19T19:50:56+00:00,mlb-tb-bos-2026-07-19,spread_implies_ml,mlb-tb-bos-2026-07-19-spread-away-1pt5,mlb-tb-bos-2026-07-19,0.01,0.007,0.003,0.0013,25.0,0.003,True,True
2026-07-19T19:50:56+00:00,mlb-tb-bos-2026-07-19,spread_implies_ml,mlb-tb-bos-2026-07-19-spread-away-2pt5,mlb-tb-bos-2026-07-19,0.01,0.007,0.003,0.0013,5.0,0.003,True,True
2026-07-19T19:51:22+00:00,mlb-tb-bos-2026-07-19,spread_implies_ml,mlb-tb-bos-2026-07-19-spread-away-2pt5,mlb-tb-bos-2026-07-19,0.01,0.007,0.003,0.0013,5.0,0.003,True,True
2026-07-19T19:51:48+00:00,mlb-tb-bos-2026-07-19,spread_implies_ml,mlb-tb-bos-2026-07-19-spread-away-2pt5,mlb-tb-bos-2026-07-19,0.01,0.007,0.003,0.0013,5.0,0.003,True,True
2026-07-19T20:11:40+00:00,mlb-tex-atl-2026-07-19,spread_implies_ml,mlb-tex-atl-2026-07-19-spread-away-1pt5,mlb-tex-atl-2026-07-19,0.01,0.009,0.001,-0.0009,5.2,,,
2026-07-19T20:12:01+00:00,mlb-pit-cle-2026-07-19,spread_implies_ml,mlb-pit-cle-2026-07-19-spread-home-1pt5,mlb-pit-cle-2026-07-19,0.01,0.009,0.001,-0.0009,5.0,,,
2026-07-19T20:12:21+00:00,mlb-pit-cle-2026-07-19,spread_implies_ml,mlb-pit-cle-2026-07-19-spread-home-1pt5,mlb-pit-cle-2026-07-19,0.01,0.009,0.001,-0.0009,5.0,,,
2026-07-19T20:12:41+00:00,mlb-pit-cle-2026-07-19,spread_implies_ml,mlb-pit-cle-2026-07-19-spread-home-1pt5,mlb-pit-cle-2026-07-19,0.01,0.009,0.001,-0.0009,5.0,,,
2026-07-19T20:13:02+00:00,mlb-pit-cle-2026-07-19,spread_implies_ml,mlb-pit-cle-2026-07-19-spread-home-1pt5,mlb-pit-cle-2026-07-19,0.01,0.009,0.001,-0.0009,5.0,,,
2026-07-19T20:13:22+00:00,mlb-pit-cle-2026-07-19,spread_implies_ml,mlb-pit-cle-2026-07-19-spread-home-1pt5,mlb-pit-cle-2026-07-19,0.01,0.009,0.001,-0.0009,5.0,,,
2026-07-19T20:13:43+00:00,mlb-pit-cle-2026-07-19,spread_implies_ml,mlb-pit-cle-2026-07-19-spread-home-1pt5,mlb-pit-cle-2026-07-19,0.01,0.007,0.003,0.0013,5.0,0.003,True,True
2026-07-19T20:14:08+00:00,mlb-pit-cle-2026-07-19,spread_implies_ml,mlb-pit-cle-2026-07-19-spread-home-1pt5,mlb-pit-cle-2026-07-19,0.01,0.006,0.004,0.0024,5.0,0.004,True,True
2026-07-19T20:14:34+00:00,mlb-pit-cle-2026-07-19,spread_implies_ml,mlb-pit-cle-2026-07-19-spread-home-1pt5,mlb-pit-cle-2026-07-19,0.01,0.006,0.004,0.0024,5.0,0.004,True,True
2026-07-19T20:15:00+00:00,mlb-pit-cle-2026-07-19,spread_implies_ml,mlb-pit-cle-2026-07-19-spread-home-1pt5,mlb-pit-cle-2026-07-19,0.01,0.006,0.004,0.0024,5.0,0.004,True,True
2026-07-19T20:15:25+00:00,mlb-pit-cle-2026-07-19,spread_implies_ml,mlb-pit-cle-2026-07-19-spread-home-1pt5,mlb-pit-cle-2026-07-19,0.01,0.006,0.004,0.0024,5.0,0.004,True,True
2026-07-19T20:15:52+00:00,mlb-pit-cle-2026-07-19,spread_implies_ml,mlb-pit-cle-2026-07-19-spread-home-1pt5,mlb-pit-cle-2026-07-19,0.01,0.006,0.004,0.0024,5.0,0.004,True,True
2026-07-19T20:16:18+00:00,mlb-pit-cle-2026-07-19,spread_implies_ml,mlb-pit-cle-2026-07-19-spread-home-1pt5,mlb-pit-cle-2026-07-19,0.01,0.006,0.004,0.0024,5.0,0.004,True,True
2026-07-19T20:16:43+00:00,mlb-pit-cle-2026-07-19,spread_implies_ml,mlb-pit-cle-2026-07-19-spread-home-1pt5,mlb-pit-cle-2026-07-19,0.01,0.006,0.004,0.0024,5.0,0.004,True,True
2026-07-19T20:17:09+00:00,mlb-pit-cle-2026-07-19,spread_implies_ml,mlb-pit-cle-2026-07-19-spread-home-1pt5,mlb-pit-cle-2026-07-19,0.01,0.006,0.004,0.0024,5.0,0.004,True,True
2026-07-19T20:17:34+00:00,mlb-pit-cle-2026-07-19,spread_implies_ml,mlb-pit-cle-2026-07-19-spread-home-1pt5,mlb-pit-cle-2026-07-19,0.01,0.006,0.004,0.0024,5.0,0.004,True,True
2026-07-19T20:18:00+00:00,mlb-pit-cle-2026-07-19,spread_implies_ml,mlb-pit-cle-2026-07-19-spread-home-1pt5,mlb-pit-cle-2026-07-19,0.01,0.006,0.004,0.0024,5.0,0.004,True,True
2026-07-19T20:18:26+00:00,mlb-pit-cle-2026-07-19,spread_implies_ml,mlb-pit-cle-2026-07-19-spread-home-1pt5,mlb-pit-cle-2026-07-19,0.01,0.001,0.009,0.0079,5.0,0.009,True,True
2026-07-19T20:18:51+00:00,mlb-pit-cle-2026-07-19,spread_implies_ml,mlb-pit-cle-2026-07-19-spread-home-1pt5,mlb-pit-cle-2026-07-19,0.01,0.001,0.009,0.0079,5.0,0.009,True,True
2026-07-19T20:19:17+00:00,mlb-pit-cle-2026-07-19,spread_implies_ml,mlb-pit-cle-2026-07-19-spread-home-1pt5,mlb-pit-cle-2026-07-19,0.01,0.001,0.009,0.0079,5.0,0.009,True,True
2026-07-19T20:19:43+00:00,mlb-pit-cle-2026-07-19,spread_implies_ml,mlb-pit-cle-2026-07-19-spread-home-1pt5,mlb-pit-cle-2026-07-19,0.01,0.001,0.009,0.0079,5.0,0.009,True,True
2026-07-19T20:20:08+00:00,mlb-pit-cle-2026-07-19,spread_implies_ml,mlb-pit-cle-2026-07-19-spread-home-1pt5,mlb-pit-cle-2026-07-19,0.01,0.001,0.009,0.0079,5.0,0.009,True,True
2026-07-19T20:20:34+00:00,mlb-pit-cle-2026-07-19,spread_implies_ml,mlb-pit-cle-2026-07-19-spread-home-1pt5,mlb-pit-cle-2026-07-19,0.01,0.001,0.009,0.0079,5.0,0.009,True,True
2026-07-19T20:20:59+00:00,mlb-pit-cle-2026-07-19,spread_implies_ml,mlb-pit-cle-2026-07-19-spread-home-1pt5,mlb-pit-cle-2026-07-19,0.01,0.001,0.009,0.0079,5.0,0.009,True,True
2026-07-19T20:20:59+00:00,mlb-tex-atl-2026-07-19,spread_implies_ml,mlb-tex-atl-2026-07-19-spread-away-1pt5,mlb-tex-atl-2026-07-19,0.01,0.009,0.001,-0.0009,25.0,,,
2026-07-19T20:21:25+00:00,mlb-pit-cle-2026-07-19,spread_implies_ml,mlb-pit-cle-2026-07-19-spread-home-1pt5,mlb-pit-cle-2026-07-19,0.01,0.001,0.009,0.0079,5.0,0.009,True,True
2026-07-19T20:23:33+00:00,mlb-sd-kc-2026-07-19,spread_implies_ml,mlb-sd-kc-2026-07-19-spread-home-1pt5,mlb-sd-kc-2026-07-19,0.01,0.009,0.001,-0.0009,25.0,,,
2026-07-19T20:23:53+00:00,mlb-sd-kc-2026-07-19,spread_implies_ml,mlb-sd-kc-2026-07-19-spread-home-1pt5,mlb-sd-kc-2026-07-19,0.01,0.009,0.001,-0.0009,25.0,,,
2026-07-19T20:24:13+00:00,mlb-sd-kc-2026-07-19,spread_implies_ml,mlb-sd-kc-2026-07-19-spread-home-1pt5,mlb-sd-kc-2026-07-19,0.01,0.009,0.001,-0.0009,25.0,,,
2026-07-19T20:24:13+00:00,mlb-tex-atl-2026-07-19,spread_implies_ml,mlb-tex-atl-2026-07-19-spread-away-1pt5,mlb-tex-atl-2026-07-19,0.01,0.001,0.009,0.0079,25.0,0.009,True,True
2026-07-19T20:24:39+00:00,mlb-sd-kc-2026-07-19,spread_implies_ml,mlb-sd-kc-2026-07-19-spread-home-1pt5,mlb-sd-kc-2026-07-19,0.01,0.009,0.001,-0.0009,25.0,,,
2026-07-19T20:24:59+00:00,mlb-sd-kc-2026-07-19,spread_implies_ml,mlb-sd-kc-2026-07-19-spread-home-1pt5,mlb-sd-kc-2026-07-19,0.01,0.009,0.001,-0.0009,25.0,,,
2026-07-19T20:25:20+00:00,mlb-sd-kc-2026-07-19,spread_implies_ml,mlb-sd-kc-2026-07-19-spread-home-1pt5,mlb-sd-kc-2026-07-19,0.01,0.008,0.002,0.0002,25.0,0.002,True,True
2026-07-19T20:25:20+00:00,mlb-nym-phi-2026-07-19,spread_implies_ml,mlb-nym-phi-2026-07-19-spread-home-1pt5,mlb-nym-phi-2026-07-19,0.01,0.008,0.002,0.0002,5.0,0.002,True,True
2026-07-19T20:25:46+00:00,mlb-sd-kc-2026-07-19,spread_implies_ml,mlb-sd-kc-2026-07-19-spread-home-1pt5,mlb-sd-kc-2026-07-19,0.01,0.008,0.002,0.0002,25.0,0.002,True,True
2026-07-19T20:25:46+00:00,mlb-nym-phi-2026-07-19,spread_implies_ml,mlb-nym-phi-2026-07-19-spread-home-1pt5,mlb-nym-phi-2026-07-19,0.01,0.008,0.002,0.0002,5.0,0.002,True,True
2026-07-19T20:26:12+00:00,mlb-sd-kc-2026-07-19,spread_implies_ml,mlb-sd-kc-2026-07-19-spread-home-1pt5,mlb-sd-kc-2026-07-19,0.01,0.008,0.002,0.0002,25.0,0.002,True,True
2026-07-19T20:26:38+00:00,mlb-sd-kc-2026-07-19,spread_implies_ml,mlb-sd-kc-2026-07-19-spread-home-1pt5,mlb-sd-kc-2026-07-19,0.01,0.008,0.002,0.0002,25.0,0.002,True,True
2026-07-19T20:26:38+00:00,mlb-nym-phi-2026-07-19,spread_implies_ml,mlb-nym-phi-2026-07-19-spread-home-1pt5,mlb-nym-phi-2026-07-19,0.01,0.009,0.001,-0.0009,5.0,,,
2026-07-19T20:27:04+00:00,mlb-sd-kc-2026-07-19,spread_implies_ml,mlb-sd-kc-2026-07-19-spread-home-1pt5,mlb-sd-kc-2026-07-19,0.01,0.008,0.002,0.0002,25.0,0.002,True,True
2026-07-19T20:27:04+00:00,mlb-nym-phi-2026-07-19,spread_implies_ml,mlb-nym-phi-2026-07-19-spread-home-1pt5,mlb-nym-phi-2026-07-19,0.01,0.009,0.001,-0.0009,5.0,,,
2026-07-19T20:27:29+00:00,mlb-sd-kc-2026-07-19,spread_implies_ml,mlb-sd-kc-2026-07-19-spread-home-1pt5,mlb-sd-kc-2026-07-19,0.01,0.007,0.003,0.0013,5.2,0.003,True,True
2026-07-19T20:27:29+00:00,mlb-nym-phi-2026-07-19,spread_implies_ml,mlb-nym-phi-2026-07-19-spread-home-1pt5,mlb-nym-phi-2026-07-19,0.01,0.009,0.001,-0.0009,5.0,,,
2026-07-19T20:27:55+00:00,mlb-sd-kc-2026-07-19,spread_implies_ml,mlb-sd-kc-2026-07-19-spread-home-1pt5,mlb-sd-kc-2026-07-19,0.01,0.007,0.003,0.0013,1.6,0.003,True,True
2026-07-19T20:27:55+00:00,mlb-nym-phi-2026-07-19,spread_implies_ml,mlb-nym-phi-2026-07-19-spread-home-1pt5,mlb-nym-phi-2026-07-19,0.01,0.009,0.001,-0.0009,5.0,,,
2026-07-19T20:28:20+00:00,mlb-sd-kc-2026-07-19,spread_implies_ml,mlb-sd-kc-2026-07-19-spread-home-1pt5,mlb-sd-kc-2026-07-19,0.01,0.007,0.003,0.0013,1.6,0.003,True,True
2026-07-19T20:28:20+00:00,mlb-nym-phi-2026-07-19,spread_implies_ml,mlb-nym-phi-2026-07-19-spread-home-1pt5,mlb-nym-phi-2026-07-19,0.01,0.009,0.001,-0.0009,5.0,,,
2026-07-19T20:28:46+00:00,mlb-sd-kc-2026-07-19,spread_implies_ml,mlb-sd-kc-2026-07-19-spread-home-1pt5,mlb-sd-kc-2026-07-19,0.01,0.007,0.003,0.0013,1.6,0.003,True,True
2026-07-19T20:28:46+00:00,mlb-nym-phi-2026-07-19,spread_implies_ml,mlb-nym-phi-2026-07-19-spread-home-1pt5,mlb-nym-phi-2026-07-19,0.01,0.009,0.001,-0.0009,5.0,,,
2026-07-19T20:29:12+00:00,mlb-sd-kc-2026-07-19,spread_implies_ml,mlb-sd-kc-2026-07-19-spread-home-1pt5,mlb-sd-kc-2026-07-19,0.01,0.007,0.003,0.0013,1.6,0.003,True,True
2026-07-19T20:29:12+00:00,mlb-nym-phi-2026-07-19,spread_implies_ml,mlb-nym-phi-2026-07-19-spread-home-1pt5,mlb-nym-phi-2026-07-19,0.01,0.009,0.001,-0.0009,5.0,,,
2026-07-19T20:29:37+00:00,mlb-sd-kc-2026-07-19,spread_implies_ml,mlb-sd-kc-2026-07-19-spread-home-1pt5,mlb-sd-kc-2026-07-19,0.01,0.007,0.003,0.0013,1.6,0.003,True,True
2026-07-19T20:29:37+00:00,mlb-nym-phi-2026-07-19,spread_implies_ml,mlb-nym-phi-2026-07-19-spread-home-1pt5,mlb-nym-phi-2026-07-19,0.01,0.009,0.001,-0.0009,5.0,,,
2026-07-19T20:30:03+00:00,mlb-sd-kc-2026-07-19,spread_implies_ml,mlb-sd-kc-2026-07-19-spread-home-1pt5,mlb-sd-kc-2026-07-19,0.01,0.007,0.003,0.0013,25.0,0.003,True,True
2026-07-19T20:30:03+00:00,mlb-nym-phi-2026-07-19,spread_implies_ml,mlb-nym-phi-2026-07-19-spread-home-1pt5,mlb-nym-phi-2026-07-19,0.01,0.009,0.001,-0.0009,5.0,,,
2026-07-19T20:30:28+00:00,mlb-sd-kc-2026-07-19,spread_implies_ml,mlb-sd-kc-2026-07-19-spread-home-1pt5,mlb-sd-kc-2026-07-19,0.01,0.007,0.003,0.0013,25.0,0.003,True,True
2026-07-19T20:30:28+00:00,mlb-nym-phi-2026-07-19,spread_implies_ml,mlb-nym-phi-2026-07-19-spread-home-1pt5,mlb-nym-phi-2026-07-19,0.01,0.009,0.001,-0.0009,5.0,,,
2026-07-19T20:30:54+00:00,mlb-sd-kc-2026-07-19,spread_implies_ml,mlb-sd-kc-2026-07-19-spread-home-1pt5,mlb-sd-kc-2026-07-19,0.01,0.007,0.003,0.0013,25.0,0.003,True,True
2026-07-19T20:30:54+00:00,mlb-nym-phi-2026-07-19,spread_implies_ml,mlb-nym-phi-2026-07-19-spread-home-1pt5,mlb-nym-phi-2026-07-19,0.01,0.009,0.001,-0.0009,5.0,,,
2026-07-19T20:31:19+00:00,mlb-sd-kc-2026-07-19,spread_implies_ml,mlb-sd-kc-2026-07-19-spread-home-1pt5,mlb-sd-kc-2026-07-19,0.01,0.007,0.003,0.0013,25.0,0.003,True,True
2026-07-19T20:31:19+00:00,mlb-nym-phi-2026-07-19,spread_implies_ml,mlb-nym-phi-2026-07-19-spread-home-1pt5,mlb-nym-phi-2026-07-19,0.01,0.009,0.001,-0.0009,5.0,,,
2026-07-19T20:31:45+00:00,mlb-sd-kc-2026-07-19,spread_implies_ml,mlb-sd-kc-2026-07-19-spread-home-1pt5,mlb-sd-kc-2026-07-19,0.01,0.007,0.003,0.0013,25.0,0.003,True,True
2026-07-19T20:31:45+00:00,mlb-nym-phi-2026-07-19,spread_implies_ml,mlb-nym-phi-2026-07-19-spread-home-1pt5,mlb-nym-phi-2026-07-19,0.01,0.009,0.001,-0.0009,5.0,,,
2026-07-19T20:32:11+00:00,mlb-sd-kc-2026-07-19,spread_implies_ml,mlb-sd-kc-2026-07-19-spread-home-1pt5,mlb-sd-kc-2026-07-19,0.01,0.007,0.003,0.0013,25.0,0.003,True,True
2026-07-19T20:32:11+00:00,mlb-nym-phi-2026-07-19,spread_implies_ml,mlb-nym-phi-2026-07-19-spread-home-1pt5,mlb-nym-phi-2026-07-19,0.01,0.009,0.001,-0.0009,5.0,,,
2026-07-19T20:32:36+00:00,mlb-sd-kc-2026-07-19,spread_implies_ml,mlb-sd-kc-2026-07-19-spread-home-1pt5,mlb-sd-kc-2026-07-19,0.01,0.007,0.003,0.0013,25.0,0.003,True,True
2026-07-19T20:32:36+00:00,mlb-nym-phi-2026-07-19,spread_implies_ml,mlb-nym-phi-2026-07-19-spread-home-1pt5,mlb-nym-phi-2026-07-19,0.01,0.009,0.001,-0.0009,5.0,,,
2026-07-19T20:33:02+00:00,mlb-sd-kc-2026-07-19,spread_implies_ml,mlb-sd-kc-2026-07-19-spread-home-1pt5,mlb-sd-kc-2026-07-19,0.01,0.007,0.003,0.0013,25.0,0.003,True,True
2026-07-19T20:33:02+00:00,mlb-nym-phi-2026-07-19,spread_implies_ml,mlb-nym-phi-2026-07-19-spread-home-1pt5,mlb-nym-phi-2026-07-19,0.01,0.009,0.001,-0.0009,5.0,,,
2026-07-19T20:33:28+00:00,mlb-sd-kc-2026-07-19,spread_implies_ml,mlb-sd-kc-2026-07-19-spread-home-1pt5,mlb-sd-kc-2026-07-19,0.01,0.007,0.003,0.0013,25.0,0.003,True,True
2026-07-19T20:33:28+00:00,mlb-nym-phi-2026-07-19,spread_implies_ml,mlb-nym-phi-2026-07-19-spread-home-1pt5,mlb-nym-phi-2026-07-19,0.01,0.009,0.001,-0.0009,5.0,,,
2026-07-19T20:33:53+00:00,mlb-sd-kc-2026-07-19,spread_implies_ml,mlb-sd-kc-2026-07-19-spread-home-1pt5,mlb-sd-kc-2026-07-19,0.01,0.007,0.003,0.0013,25.0,0.003,True,True
2026-07-19T20:33:53+00:00,mlb-nym-phi-2026-07-19,spread_implies_ml,mlb-nym-phi-2026-07-19-spread-home-1pt5,mlb-nym-phi-2026-07-19,0.01,0.009,0.001,-0.0009,5.0,,,
2026-07-19T20:34:19+00:00,mlb-sd-kc-2026-07-19,spread_implies_ml,mlb-sd-kc-2026-07-19-spread-home-1pt5,mlb-sd-kc-2026-07-19,0.01,0.007,0.003,0.0013,25.0,0.003,True,True
2026-07-19T20:34:19+00:00,mlb-nym-phi-2026-07-19,spread_implies_ml,mlb-nym-phi-2026-07-19-spread-home-1pt5,mlb-nym-phi-2026-07-19,0.01,0.009,0.001,-0.0009,5.0,,,
2026-07-19T20:34:45+00:00,mlb-sd-kc-2026-07-19,spread_implies_ml,mlb-sd-kc-2026-07-19-spread-home-1pt5,mlb-sd-kc-2026-07-19,0.01,0.007,0.003,0.0013,25.0,0.003,True,True
2026-07-19T20:34:45+00:00,mlb-nym-phi-2026-07-19,spread_implies_ml,mlb-nym-phi-2026-07-19-spread-home-1pt5,mlb-nym-phi-2026-07-19,0.01,0.007,0.003,0.0013,5.0,0.004,True,True
2026-07-19T20:35:10+00:00,mlb-sd-kc-2026-07-19,spread_implies_ml,mlb-sd-kc-2026-07-19-spread-home-1pt5,mlb-sd-kc-2026-07-19,0.01,0.007,0.003,0.0013,25.0,0.001,True,True
2026-07-19T20:35:10+00:00,mlb-nym-phi-2026-07-19,spread_implies_ml,mlb-nym-phi-2026-07-19-spread-home-1pt5,mlb-nym-phi-2026-07-19,0.01,0.007,0.003,0.0013,5.0,0.003,True,True
2026-07-19T20:35:36+00:00,mlb-sd-kc-2026-07-19,spread_implies_ml,mlb-sd-kc-2026-07-19-spread-home-1pt5,mlb-sd-kc-2026-07-19,0.01,0.009,0.001,-0.0009,25.0,,,
2026-07-19T20:35:36+00:00,mlb-nym-phi-2026-07-19,spread_implies_ml,mlb-nym-phi-2026-07-19-spread-home-1pt5,mlb-nym-phi-2026-07-19,0.01,0.007,0.003,0.0013,5.0,0.003,True,True
2026-07-19T20:36:02+00:00,mlb-sd-kc-2026-07-19,spread_implies_ml,mlb-sd-kc-2026-07-19-spread-home-1pt5,mlb-sd-kc-2026-07-19,0.01,0.009,0.001,-0.0009,25.0,,,
2026-07-19T20:36:02+00:00,mlb-nym-phi-2026-07-19,spread_implies_ml,mlb-nym-phi-2026-07-19-spread-home-1pt5,mlb-nym-phi-2026-07-19,0.01,0.007,0.003,0.0013,5.0,0.003,True,True
2026-07-19T20:36:28+00:00,mlb-sd-kc-2026-07-19,spread_implies_ml,mlb-sd-kc-2026-07-19-spread-home-1pt5,mlb-sd-kc-2026-07-19,0.01,0.008,0.002,0.0002,25.0,0.005,True,True
2026-07-19T20:36:28+00:00,mlb-nym-phi-2026-07-19,spread_implies_ml,mlb-nym-phi-2026-07-19-spread-home-1pt5,mlb-nym-phi-2026-07-19,0.01,0.007,0.003,0.0013,5.0,0.003,True,True
2026-07-19T20:36:54+00:00,mlb-sd-kc-2026-07-19,spread_implies_ml,mlb-sd-kc-2026-07-19-spread-home-1pt5,mlb-sd-kc-2026-07-19,0.01,0.005,0.005,0.0035,25.0,0.005,True,True
2026-07-19T20:36:54+00:00,mlb-nym-phi-2026-07-19,spread_implies_ml,mlb-nym-phi-2026-07-19-spread-home-1pt5,mlb-nym-phi-2026-07-19,0.01,0.007,0.003,0.0013,5.0,0.003,True,True
2026-07-19T20:37:20+00:00,mlb-sd-kc-2026-07-19,spread_implies_ml,mlb-sd-kc-2026-07-19-spread-home-1pt5,mlb-sd-kc-2026-07-19,0.01,0.003,0.007,0.0057,25.0,0.007,True,True
2026-07-19T20:37:20+00:00,mlb-nym-phi-2026-07-19,spread_implies_ml,mlb-nym-phi-2026-07-19-spread-home-1pt5,mlb-nym-phi-2026-07-19,0.01,0.007,0.003,0.0013,5.0,0.003,True,True
2026-07-19T20:37:45+00:00,mlb-sd-kc-2026-07-19,spread_implies_ml,mlb-sd-kc-2026-07-19-spread-home-1pt5,mlb-sd-kc-2026-07-19,0.01,0.003,0.007,0.0057,25.0,0.007,True,True
2026-07-19T20:37:45+00:00,mlb-nym-phi-2026-07-19,spread_implies_ml,mlb-nym-phi-2026-07-19-spread-home-1pt5,mlb-nym-phi-2026-07-19,0.01,0.007,0.003,0.0013,5.0,0.003,True,True
2026-07-19T20:38:11+00:00,mlb-sd-kc-2026-07-19,spread_implies_ml,mlb-sd-kc-2026-07-19-spread-home-1pt5,mlb-sd-kc-2026-07-19,0.01,0.001,0.009,0.0079,25.0,0.009,True,True
2026-07-19T20:38:11+00:00,mlb-nym-phi-2026-07-19,spread_implies_ml,mlb-nym-phi-2026-07-19-spread-home-1pt5,mlb-nym-phi-2026-07-19,0.01,0.007,0.003,0.0013,5.0,0.003,True,True
2026-07-19T20:38:37+00:00,mlb-sd-kc-2026-07-19,spread_implies_ml,mlb-sd-kc-2026-07-19-spread-home-1pt5,mlb-sd-kc-2026-07-19,0.01,0.001,0.009,0.0079,25.0,0.009,True,True
2026-07-19T20:38:37+00:00,mlb-nym-phi-2026-07-19,spread_implies_ml,mlb-nym-phi-2026-07-19-spread-home-1pt5,mlb-nym-phi-2026-07-19,0.01,0.007,0.003,0.0013,5.0,0.003,True,True
2026-07-19T20:39:02+00:00,mlb-sd-kc-2026-07-19,spread_implies_ml,mlb-sd-kc-2026-07-19-spread-home-1pt5,mlb-sd-kc-2026-07-19,0.01,0.001,0.009,0.0079,25.0,0.009,True,True
2026-07-19T20:39:28+00:00,mlb-sd-kc-2026-07-19,spread_implies_ml,mlb-sd-kc-2026-07-19-spread-home-1pt5,mlb-sd-kc-2026-07-19,0.01,0.001,0.009,0.0079,25.0,0.009,True,True
2026-07-19T20:39:53+00:00,mlb-sd-kc-2026-07-19,spread_implies_ml,mlb-sd-kc-2026-07-19-spread-home-1pt5,mlb-sd-kc-2026-07-19,0.01,0.001,0.009,0.0079,25.0,0.009,True,True
2026-07-19T20:40:19+00:00,mlb-sd-kc-2026-07-19,spread_implies_ml,mlb-sd-kc-2026-07-19-spread-home-1pt5,mlb-sd-kc-2026-07-19,0.01,0.001,0.009,0.0079,25.0,0.009,True,True
2026-07-19T20:40:45+00:00,mlb-sd-kc-2026-07-19,spread_implies_ml,mlb-sd-kc-2026-07-19-spread-home-1pt5,mlb-sd-kc-2026-07-19,0.01,0.001,0.009,0.0079,25.0,0.009,True,True
2026-07-19T20:41:10+00:00,mlb-sd-kc-2026-07-19,spread_implies_ml,mlb-sd-kc-2026-07-19-spread-home-1pt5,mlb-sd-kc-2026-07-19,0.01,0.001,0.009,0.0079,25.0,0.009,True,True
2026-07-19T20:41:36+00:00,mlb-sd-kc-2026-07-19,spread_implies_ml,mlb-sd-kc-2026-07-19-spread-home-1pt5,mlb-sd-kc-2026-07-19,0.01,0.001,0.009,0.0079,25.0,0.009,True,True
2026-07-19T20:42:01+00:00,mlb-sd-kc-2026-07-19,spread_implies_ml,mlb-sd-kc-2026-07-19-spread-home-1pt5,mlb-sd-kc-2026-07-19,0.01,0.001,0.009,0.0079,25.0,0.0,False,True
2026-07-19T20:44:09+00:00,mlb-nym-phi-2026-07-19,cover_ladder,mlb-nym-phi-2026-07-19-spread-away-6pt5,mlb-nym-phi-2026-07-19-spread-away-5pt5,0.01,0.005,0.005,0.0035,5.0,,False,True
2026-07-19T20:44:09+00:00,mlb-nym-phi-2026-07-19,cover_ladder,mlb-nym-phi-2026-07-19-spread-away-7pt5,mlb-nym-phi-2026-07-19-spread-away-5pt5,0.01,0.005,0.005,0.0035,5.0,,False,True
2026-07-19T20:59:55+00:00,mlb-mia-mil-2026-07-19,over_ladder,mlb-mia-mil-2026-07-19-total-2pt5,mlb-mia-mil-2026-07-19-total-1pt5,0.99,0.98,0.01,0.0071,10.0,0.01,True,True
2026-07-19T20:59:55+00:00,mlb-mia-mil-2026-07-19,over_ladder,mlb-mia-mil-2026-07-19-total-3pt5,mlb-mia-mil-2026-07-19-total-1pt5,0.99,0.98,0.01,0.0071,10.0,0.01,True,True
2026-07-19T21:00:20+00:00,mlb-mia-mil-2026-07-19,over_ladder,mlb-mia-mil-2026-07-19-total-2pt5,mlb-mia-mil-2026-07-19-total-1pt5,0.99,0.98,0.01,0.0071,10.0,0.01,True,True
2026-07-19T21:00:20+00:00,mlb-mia-mil-2026-07-19,over_ladder,mlb-mia-mil-2026-07-19-total-3pt5,mlb-mia-mil-2026-07-19-total-1pt5,0.99,0.98,0.01,0.0071,10.0,0.01,True,True
2026-07-19T21:00:46+00:00,mlb-mia-mil-2026-07-19,over_ladder,mlb-mia-mil-2026-07-19-total-2pt5,mlb-mia-mil-2026-07-19-total-1pt5,0.99,0.98,0.01,0.0071,10.0,0.01,True,True
2026-07-19T21:00:46+00:00,mlb-mia-mil-2026-07-19,over_ladder,mlb-mia-mil-2026-07-19-total-3pt5,mlb-mia-mil-2026-07-19-total-1pt5,0.99,0.98,0.01,0.0071,10.0,0.01,True,True
2026-07-19T21:06:18+00:00,mlb-bal-hou-2026-07-19,spread_implies_ml,mlb-bal-hou-2026-07-19-spread-home-1pt5,mlb-bal-hou-2026-07-19,0.01,0.009,0.001,-0.0009,25.0,,,
2026-07-19T21:06:38+00:00,mlb-bal-hou-2026-07-19,spread_implies_ml,mlb-bal-hou-2026-07-19-spread-home-1pt5,mlb-bal-hou-2026-07-19,0.01,0.008,0.002,0.0002,25.0,0.002,True,True
2026-07-19T21:07:05+00:00,mlb-bal-hou-2026-07-19,spread_implies_ml,mlb-bal-hou-2026-07-19-spread-home-1pt5,mlb-bal-hou-2026-07-19,0.01,0.006,0.004,0.0024,25.0,0.006,True,True
2026-07-19T21:07:30+00:00,mlb-bal-hou-2026-07-19,spread_implies_ml,mlb-bal-hou-2026-07-19-spread-home-1pt5,mlb-bal-hou-2026-07-19,0.01,0.004,0.006,0.0046,25.0,0.006,True,True
2026-07-19T21:07:56+00:00,mlb-bal-hou-2026-07-19,spread_implies_ml,mlb-bal-hou-2026-07-19-spread-home-1pt5,mlb-bal-hou-2026-07-19,0.01,0.004,0.006,0.0046,25.0,0.006,True,True
2026-07-19T21:08:22+00:00,mlb-bal-hou-2026-07-19,spread_implies_ml,mlb-bal-hou-2026-07-19-spread-home-1pt5,mlb-bal-hou-2026-07-19,0.01,0.004,0.006,0.0046,25.0,0.006,True,True
2026-07-19T21:08:47+00:00,mlb-bal-hou-2026-07-19,spread_implies_ml,mlb-bal-hou-2026-07-19-spread-home-1pt5,mlb-bal-hou-2026-07-19,0.01,0.004,0.006,0.0046,25.0,0.006,True,True
2026-07-19T22:07:34+00:00,wnba-chi-atl-2026-07-19,cover_ladder,wnba-chi-atl-2026-07-19-spread-home-11pt5,wnba-chi-atl-2026-07-19-spread-home-9pt5,0.25,0.14,0.11,0.095,0.4,0.1,True,True
2026-07-19T22:08:00+00:00,wnba-chi-atl-2026-07-19,cover_ladder,wnba-chi-atl-2026-07-19-spread-home-11pt5,wnba-chi-atl-2026-07-19-spread-home-9pt5,0.25,0.15,0.1,0.085,0.4,0.11,True,True
2026-07-19T22:08:27+00:00,wnba-chi-atl-2026-07-19,cover_ladder,wnba-chi-atl-2026-07-19-spread-home-11pt5,wnba-chi-atl-2026-07-19-spread-home-9pt5,0.25,0.13,0.12,0.105,0.4,0.12,True,True
2026-07-19T22:08:52+00:00,wnba-chi-atl-2026-07-19,cover_ladder,wnba-chi-atl-2026-07-19-spread-home-11pt5,wnba-chi-atl-2026-07-19-spread-home-9pt5,0.25,0.08,0.17,0.1551,0.4,0.16,True,True
2026-07-19T22:09:18+00:00,wnba-chi-atl-2026-07-19,cover_ladder,wnba-chi-atl-2026-07-19-spread-home-11pt5,wnba-chi-atl-2026-07-19-spread-home-9pt5,0.25,0.12,0.13,0.115,0.4,0.13,True,True
2026-07-19T22:09:43+00:00,wnba-chi-atl-2026-07-19,cover_ladder,wnba-chi-atl-2026-07-19-spread-home-11pt5,wnba-chi-atl-2026-07-19-spread-home-9pt5,0.25,0.11,0.14,0.125,0.4,-0.09,False,True
2026-07-19T22:14:52+00:00,wnba-chi-atl-2026-07-19,over_ladder,wnba-chi-atl-2026-07-19-total-180pt5,wnba-chi-atl-2026-07-19-total-179pt5,0.61,0.56,0.05,0.035,0.2,0.09,True,True
2026-07-19T22:15:18+00:00,wnba-chi-atl-2026-07-19,over_ladder,wnba-chi-atl-2026-07-19-total-180pt5,wnba-chi-atl-2026-07-19-total-179pt5,0.72,0.56,0.16,0.145,0.2,0.2,True,True
2026-07-19T22:15:43+00:00,wnba-chi-atl-2026-07-19,over_ladder,wnba-chi-atl-2026-07-19-total-180pt5,wnba-chi-atl-2026-07-19-total-179pt5,0.81,0.56,0.25,0.235,0.2,0.25,True,True
2026-07-19T22:16:09+00:00,wnba-chi-atl-2026-07-19,over_ladder,wnba-chi-atl-2026-07-19-total-180pt5,wnba-chi-atl-2026-07-19-total-179pt5,0.82,0.56,0.26,0.245,0.2,0.26,True,True
2026-07-19T22:16:34+00:00,wnba-chi-atl-2026-07-19,over_ladder,wnba-chi-atl-2026-07-19-total-180pt5,wnba-chi-atl-2026-07-19-total-179pt5,0.7,0.56,0.14,0.125,0.2,0.14,True,True
2026-07-19T22:20:44+00:00,wnba-chi-atl-2026-07-19,cover_ladder,wnba-chi-atl-2026-07-19-spread-home-10pt5,wnba-chi-atl-2026-07-19-spread-home-9pt5,0.002,0.001,0.001,0.0007,25.0,-0.127,False,True
2026-07-19T22:27:15+00:00,mlb-wsh-oak-2026-07-19,over_ladder,mlb-wsh-oak-2026-07-19-total-10pt5,mlb-wsh-oak-2026-07-19-total-9pt5,0.12,0.1,0.02,0.005,5.0,-0.04,False,True
2026-07-19T23:00:30+00:00,mlb-stl-ari-2026-07-19,over_ladder,mlb-stl-ari-2026-07-19-total-14pt5,mlb-stl-ari-2026-07-19-total-13pt5,0.99,0.98,0.01,0.0071,45.0,0.01,True,True
2026-07-19T23:00:56+00:00,mlb-stl-ari-2026-07-19,over_ladder,mlb-stl-ari-2026-07-19-total-14pt5,mlb-stl-ari-2026-07-19-total-13pt5,0.99,0.98,0.01,0.0071,45.0,0.01,True,True
2026-07-19T23:01:21+00:00,mlb-stl-ari-2026-07-19,over_ladder,mlb-stl-ari-2026-07-19-total-14pt5,mlb-stl-ari-2026-07-19-total-13pt5,0.99,0.98,0.01,0.0071,45.0,0.01,True,True
2026-07-19T23:01:47+00:00,mlb-stl-ari-2026-07-19,over_ladder,mlb-stl-ari-2026-07-19-total-14pt5,mlb-stl-ari-2026-07-19-total-13pt5,0.99,0.98,0.01,0.0071,50.0,0.01,True,True
2026-07-19T23:02:12+00:00,mlb-stl-ari-2026-07-19,over_ladder,mlb-stl-ari-2026-07-19-total-14pt5,mlb-stl-ari-2026-07-19-total-13pt5,0.99,0.98,0.01,0.0071,50.0,0.01,True,True
2026-07-19T23:24:57+00:00,wnba-conn-phx-2026-07-19,over_ladder,wnba-conn-phx-2026-07-19-total-165pt5,wnba-conn-phx-2026-07-19-total-164pt5,0.18,0.16,0.02,0.005,65.3,0.02,True,True
2026-07-19T23:25:22+00:00,wnba-conn-phx-2026-07-19,over_ladder,wnba-conn-phx-2026-07-19-total-165pt5,wnba-conn-phx-2026-07-19-total-164pt5,0.18,0.16,0.02,0.005,65.3,0.02,True,True
2026-07-19T23:25:48+00:00,wnba-conn-phx-2026-07-19,over_ladder,wnba-conn-phx-2026-07-19-total-165pt5,wnba-conn-phx-2026-07-19-total-164pt5,0.18,0.16,0.02,0.005,65.3,0.02,True,True
2026-07-20T07:17:59+00:00,wta-sherif-badosa-2026-07-19,over_ladder,wta-sherif-badosa-2026-07-19-match-total-23pt5,wta-sherif-badosa-2026-07-19-match-total-22pt5,0.48,0.47,0.01,-0.005,20.8,,,
2026-07-20T07:18:19+00:00,wta-sherif-badosa-2026-07-19,over_ladder,wta-sherif-badosa-2026-07-19-match-total-23pt5,wta-sherif-badosa-2026-07-19-match-total-22pt5,0.48,0.47,0.01,-0.005,20.8,,,
2026-07-20T07:18:40+00:00,wta-sherif-badosa-2026-07-19,over_ladder,wta-sherif-badosa-2026-07-19-match-total-23pt5,wta-sherif-badosa-2026-07-19-match-total-22pt5,0.48,0.47,0.01,-0.005,20.8,,,
2026-07-20T07:19:00+00:00,wta-sherif-badosa-2026-07-19,over_ladder,wta-sherif-badosa-2026-07-19-match-total-23pt5,wta-sherif-badosa-2026-07-19-match-total-22pt5,0.48,0.47,0.01,-0.005,20.8,,,
2026-07-20T10:04:07+00:00,wta-oktiabr-dodin-2026-07-20,over_ladder,wta-oktiabr-dodin-2026-07-20-match-total-23pt5,wta-oktiabr-dodin-2026-07-20-match-total-22pt5,0.49,0.46,0.03,0.015,200.0,0.01,True,True
2026-07-20T10:04:32+00:00,wta-oktiabr-dodin-2026-07-20,over_ladder,wta-oktiabr-dodin-2026-07-20-match-total-23pt5,wta-oktiabr-dodin-2026-07-20-match-total-22pt5,0.49,0.48,0.01,-0.005,200.0,,,
2026-07-20T10:05:13+00:00,wta-oktiabr-dodin-2026-07-20,over_ladder,wta-oktiabr-dodin-2026-07-20-match-total-23pt5,wta-oktiabr-dodin-2026-07-20-match-total-22pt5,0.49,0.45,0.04,0.025,200.0,0.04,True,True
2026-07-20T10:05:38+00:00,wta-oktiabr-dodin-2026-07-20,over_ladder,wta-oktiabr-dodin-2026-07-20-match-total-23pt5,wta-oktiabr-dodin-2026-07-20-match-total-22pt5,0.49,0.45,0.04,0.025,200.0,0.04,True,True
2026-07-20T10:06:03+00:00,wta-oktiabr-dodin-2026-07-20,over_ladder,wta-oktiabr-dodin-2026-07-20-match-total-23pt5,wta-oktiabr-dodin-2026-07-20-match-total-22pt5,0.49,0.45,0.04,0.025,200.0,0.04,True,True
2026-07-20T10:06:29+00:00,wta-oktiabr-dodin-2026-07-20,over_ladder,wta-oktiabr-dodin-2026-07-20-match-total-23pt5,wta-oktiabr-dodin-2026-07-20-match-total-22pt5,0.49,0.45,0.04,0.025,200.0,0.04,True,True
2026-07-20T10:11:58+00:00,wta-oktiabr-dodin-2026-07-20,over_ladder,wta-oktiabr-dodin-2026-07-20-match-total-23pt5,wta-oktiabr-dodin-2026-07-20-match-total-22pt5,0.49,0.44,0.05,0.035,200.0,0.05,True,True
2026-07-20T10:12:24+00:00,wta-oktiabr-dodin-2026-07-20,over_ladder,wta-oktiabr-dodin-2026-07-20-match-total-23pt5,wta-oktiabr-dodin-2026-07-20-match-total-22pt5,0.49,0.44,0.05,0.035,200.0,0.05,True,True
2026-07-20T10:12:49+00:00,wta-oktiabr-dodin-2026-07-20,over_ladder,wta-oktiabr-dodin-2026-07-20-match-total-23pt5,wta-oktiabr-dodin-2026-07-20-match-total-22pt5,0.49,0.44,0.05,0.035,200.0,0.05,True,True
2026-07-20T10:13:15+00:00,wta-oktiabr-dodin-2026-07-20,over_ladder,wta-oktiabr-dodin-2026-07-20-match-total-23pt5,wta-oktiabr-dodin-2026-07-20-match-total-22pt5,0.49,0.44,0.05,0.035,200.0,0.05,True,True
2026-07-20T10:14:00+00:00,wta-oktiabr-dodin-2026-07-20,over_ladder,wta-oktiabr-dodin-2026-07-20-match-total-23pt5,wta-oktiabr-dodin-2026-07-20-match-total-22pt5,0.49,0.43,0.06,0.045,200.0,0.06,True,True
2026-07-20T20:12:27+00:00,atp-galarne-ruiz-2026-07-20,over_ladder,atp-galarne-ruiz-2026-07-20-match-total-23pt5,atp-galarne-ruiz-2026-07-20-match-total-21pt5,0.73,0.5,0.23,0.215,5.2,0.23,True,True
2026-07-20T20:12:27+00:00,atp-galarne-ruiz-2026-07-20,over_ladder,atp-galarne-ruiz-2026-07-20-match-total-23pt5,atp-galarne-ruiz-2026-07-20-match-total-22pt5,0.73,0.51,0.22,0.205,5.2,0.22,True,True
2026-07-20T20:12:53+00:00,atp-galarne-ruiz-2026-07-20,over_ladder,atp-galarne-ruiz-2026-07-20-match-total-23pt5,atp-galarne-ruiz-2026-07-20-match-total-21pt5,0.73,0.5,0.23,0.215,5.2,-0.01,False,True
2026-07-20T20:12:53+00:00,atp-galarne-ruiz-2026-07-20,over_ladder,atp-galarne-ruiz-2026-07-20-match-total-23pt5,atp-galarne-ruiz-2026-07-20-match-total-22pt5,0.73,0.51,0.22,0.205,5.2,-0.02,False,True
2026-07-20T20:27:16+00:00,atp-galarne-ruiz-2026-07-20,over_ladder,atp-galarne-ruiz-2026-07-20-match-total-22pt5,atp-galarne-ruiz-2026-07-20-match-total-21pt5,0.46,0.26,0.2,0.185,74.5,0.2,True,True
2026-07-20T20:27:16+00:00,atp-galarne-ruiz-2026-07-20,over_ladder,atp-galarne-ruiz-2026-07-20-match-total-23pt5,atp-galarne-ruiz-2026-07-20-match-total-21pt5,0.49,0.26,0.23,0.215,74.5,0.23,True,True
2026-07-20T21:34:49+00:00,mlb-ari-stl-2026-06-25,spread_implies_ml,mlb-ari-stl-2026-06-25-spread-home-1pt5,mlb-ari-stl-2026-06-25,0.54,0.5,0.04,0.025,18.5,0.04,True,True
2026-07-20T21:35:15+00:00,mlb-ari-stl-2026-06-25,spread_implies_ml,mlb-ari-stl-2026-06-25-spread-home-1pt5,mlb-ari-stl-2026-06-25,0.54,0.5,0.04,0.025,0.5,0.04,True,True
2026-07-20T21:35:40+00:00,mlb-ari-stl-2026-06-25,spread_implies_ml,mlb-ari-stl-2026-06-25-spread-home-1pt5,mlb-ari-stl-2026-06-25,0.54,0.5,0.04,0.025,0.5,0.04,True,True
2026-07-20T21:36:06+00:00,mlb-ari-stl-2026-06-25,spread_implies_ml,mlb-ari-stl-2026-06-25-spread-home-1pt5,mlb-ari-stl-2026-06-25,0.54,0.5,0.04,0.025,0.5,0.04,True,True
2026-07-20T21:36:31+00:00,mlb-ari-stl-2026-06-25,spread_implies_ml,mlb-ari-stl-2026-06-25-spread-home-1pt5,mlb-ari-stl-2026-06-25,0.54,0.5,0.04,0.025,0.5,0.04,True,True
2026-07-20T21:36:57+00:00,mlb-ari-stl-2026-06-25,spread_implies_ml,mlb-ari-stl-2026-06-25-spread-home-1pt5,mlb-ari-stl-2026-06-25,0.54,0.5,0.04,0.025,0.5,0.04,True,True
2026-07-20T21:37:23+00:00,mlb-ari-stl-2026-06-25,spread_implies_ml,mlb-ari-stl-2026-06-25-spread-home-1pt5,mlb-ari-stl-2026-06-25,0.54,0.5,0.04,0.025,0.5,0.04,True,True
2026-07-20T21:37:48+00:00,mlb-ari-stl-2026-06-25,spread_implies_ml,mlb-ari-stl-2026-06-25-spread-home-1pt5,mlb-ari-stl-2026-06-25,0.54,0.5,0.04,0.025,0.5,0.03,True,True
2026-07-20T21:38:14+00:00,mlb-ari-stl-2026-06-25,spread_implies_ml,mlb-ari-stl-2026-06-25-spread-home-1pt5,mlb-ari-stl-2026-06-25,0.54,0.5,0.04,0.025,0.5,0.04,True,True
2026-07-20T21:38:39+00:00,mlb-ari-stl-2026-06-25,spread_implies_ml,mlb-ari-stl-2026-06-25-spread-home-1pt5,mlb-ari-stl-2026-06-25,0.54,0.5,0.04,0.025,0.5,0.04,True,True
2026-07-20T21:39:05+00:00,mlb-ari-stl-2026-06-25,spread_implies_ml,mlb-ari-stl-2026-06-25-spread-home-1pt5,mlb-ari-stl-2026-06-25,0.54,0.5,0.04,0.025,0.5,0.04,True,True
2026-07-20T22:16:58+00:00,mlb-ari-stl-2026-06-25,spread_implies_ml,mlb-ari-stl-2026-06-25-spread-home-1pt5,mlb-ari-stl-2026-06-25,0.54,0.5,0.04,0.025,18.5,0.04,True,True
2026-07-20T22:17:24+00:00,mlb-ari-stl-2026-06-25,spread_implies_ml,mlb-ari-stl-2026-06-25-spread-home-1pt5,mlb-ari-stl-2026-06-25,0.54,0.5,0.04,0.025,0.5,0.04,True,True
2026-07-20T22:17:50+00:00,mlb-ari-stl-2026-06-25,spread_implies_ml,mlb-ari-stl-2026-06-25-spread-home-1pt5,mlb-ari-stl-2026-06-25,0.54,0.5,0.04,0.025,0.5,0.04,True,True
2026-07-20T22:18:15+00:00,mlb-ari-stl-2026-06-25,spread_implies_ml,mlb-ari-stl-2026-06-25-spread-home-1pt5,mlb-ari-stl-2026-06-25,0.54,0.5,0.04,0.025,0.5,0.04,True,True
2026-07-20T22:18:41+00:00,mlb-ari-stl-2026-06-25,spread_implies_ml,mlb-ari-stl-2026-06-25-spread-home-1pt5,mlb-ari-stl-2026-06-25,0.54,0.5,0.04,0.025,0.5,0.04,True,True
2026-07-20T22:19:06+00:00,mlb-ari-stl-2026-06-25,spread_implies_ml,mlb-ari-stl-2026-06-25-spread-home-1pt5,mlb-ari-stl-2026-06-25,0.54,0.5,0.04,0.025,0.5,0.04,True,True
2026-07-20T22:19:32+00:00,mlb-ari-stl-2026-06-25,spread_implies_ml,mlb-ari-stl-2026-06-25-spread-home-1pt5,mlb-ari-stl-2026-06-25,0.54,0.5,0.04,0.025,0.5,0.04,True,True
2026-07-20T22:19:57+00:00,mlb-ari-stl-2026-06-25,spread_implies_ml,mlb-ari-stl-2026-06-25-spread-home-1pt5,mlb-ari-stl-2026-06-25,0.54,0.5,0.04,0.025,0.5,0.04,True,True
2026-07-20T22:20:23+00:00,mlb-ari-stl-2026-06-25,spread_implies_ml,mlb-ari-stl-2026-06-25-spread-home-1pt5,mlb-ari-stl-2026-06-25,0.54,0.5,0.04,0.025,0.5,0.04,True,True
2026-07-20T22:20:48+00:00,mlb-ari-stl-2026-06-25,spread_implies_ml,mlb-ari-stl-2026-06-25-spread-home-1pt5,mlb-ari-stl-2026-06-25,0.54,0.5,0.04,0.025,0.5,0.04,True,True
2026-07-20T22:21:14+00:00,mlb-ari-stl-2026-06-25,spread_implies_ml,mlb-ari-stl-2026-06-25-spread-home-1pt5,mlb-ari-stl-2026-06-25,0.54,0.5,0.04,0.025,0.5,0.04,True,True
2026-07-21T00:06:15+00:00,wnba-nyl-dal-2026-07-16,spread_implies_ml,wnba-nyl-dal-2026-07-16-spread-home-1pt5,wnba-nyl-dal-2026-07-16,0.3,0.28,0.02,0.005,9.0,-0.11,False,True
2026-07-21T00:11:47+00:00,wnba-nyl-dal-2026-07-16,spread_implies_ml,wnba-nyl-dal-2026-07-16-spread-home-1pt5,wnba-nyl-dal-2026-07-16,0.3,0.28,0.02,0.005,37.0,-0.14,False,True
2026-07-21T00:13:14+00:00,wnba-nyl-dal-2026-07-16,spread_implies_ml,wnba-nyl-dal-2026-07-16-spread-home-1pt5,wnba-nyl-dal-2026-07-16,0.3,0.29,0.01,-0.005,28.0,,,
2026-07-21T00:13:35+00:00,wnba-nyl-dal-2026-07-16,spread_implies_ml,wnba-nyl-dal-2026-07-16-spread-home-1pt5,wnba-nyl-dal-2026-07-16,0.3,0.29,0.01,-0.005,28.0,,,
2026-07-21T00:13:55+00:00,wnba-nyl-dal-2026-07-16,over_ladder,wnba-nyl-dal-2026-07-16-total-177pt5,wnba-nyl-dal-2026-07-16-total-174pt5,0.69,0.66,0.03,0.015,10.0,-0.14,False,True
2026-07-21T00:38:33+00:00,wnba-nyl-dal-2026-07-16,spread_implies_ml,wnba-nyl-dal-2026-07-16-spread-home-1pt5,wnba-nyl-dal-2026-07-16,0.3,0.28,0.02,0.005,30.0,0.02,True,True
2026-07-21T00:38:59+00:00,wnba-nyl-dal-2026-07-16,spread_implies_ml,wnba-nyl-dal-2026-07-16-spread-home-1pt5,wnba-nyl-dal-2026-07-16,0.3,0.29,0.01,-0.005,4.0,,,
2026-07-21T00:39:19+00:00,wnba-nyl-dal-2026-07-16,spread_implies_ml,wnba-nyl-dal-2026-07-16-spread-home-1pt5,wnba-nyl-dal-2026-07-16,0.3,0.29,0.01,-0.005,4.0,,,
2026-07-21T01:07:36+00:00,wnba-nyl-dal-2026-07-16,spread_implies_ml,wnba-nyl-dal-2026-07-16-spread-home-1pt5,wnba-nyl-dal-2026-07-16,0.48,0.46,0.02,0.005,9.0,-0.05,False,True
2026-07-21T01:10:25+00:00,wnba-nyl-dal-2026-07-16,spread_implies_ml,wnba-nyl-dal-2026-07-16-spread-home-1pt5,wnba-nyl-dal-2026-07-16,0.5,0.49,0.01,-0.005,318.0,,,
2026-07-21T04:03:48+00:00,mlb-cin-sea-2026-07-20,cover_ladder,mlb-cin-sea-2026-07-20-spread-home-6pt5,mlb-cin-sea-2026-07-20-spread-home-2pt5,0.82,0.53,0.29,0.275,5.0,0.29,True,True
2026-07-21T04:45:41+00:00,mlb-oak-ari-2026-07-20,over_ladder,mlb-oak-ari-2026-07-20-total-9pt5,mlb-oak-ari-2026-07-20-total-7pt5,0.43,0.31,0.12,0.105,51.0,0.13,True,True
2026-07-21T04:46:07+00:00,mlb-oak-ari-2026-07-20,over_ladder,mlb-oak-ari-2026-07-20-total-9pt5,mlb-oak-ari-2026-07-20-total-7pt5,0.43,0.36,0.07,0.055,51.0,-0.55,False,True
2026-07-21T04:47:54+00:00,mlb-stl-laa-2026-07-20,spread_implies_ml,mlb-stl-laa-2026-07-20-spread-away-1pt5,mlb-stl-laa-2026-07-20,0.22,0.01,0.21,0.2015,12852.8,0.21,True,True
2026-07-21T04:47:54+00:00,mlb-oak-ari-2026-07-20,spread_implies_ml,mlb-oak-ari-2026-07-20-spread-home-1pt5,mlb-oak-ari-2026-07-20,0.03,0.02,0.01,0.0051,1.3,0.01,True,True
2026-07-21T04:48:19+00:00,mlb-stl-laa-2026-07-20,spread_implies_ml,mlb-stl-laa-2026-07-20-spread-away-1pt5,mlb-stl-laa-2026-07-20,0.22,0.01,0.21,0.2015,8824.2,0.21,True,True
2026-07-21T04:50:06+00:00,mlb-oak-ari-2026-07-20,spread_implies_ml,mlb-oak-ari-2026-07-20-spread-home-1pt5,mlb-oak-ari-2026-07-20,0.03,0.02,0.01,0.0051,1.3,0.01,True,True
2026-07-21T04:50:32+00:00,mlb-oak-ari-2026-07-20,spread_implies_ml,mlb-oak-ari-2026-07-20-spread-home-1pt5,mlb-oak-ari-2026-07-20,0.03,0.01,0.02,0.0161,1.3,0.02,True,True
2026-07-21T04:50:57+00:00,mlb-oak-ari-2026-07-20,spread_implies_ml,mlb-oak-ari-2026-07-20-spread-home-1pt5,mlb-oak-ari-2026-07-20,0.03,0.001,0.029,0.026,1.3,,False,True
2026-07-21T05:48:16+00:00,wnba-nyl-dal-2026-07-16,spread_implies_ml,wnba-nyl-dal-2026-07-16-spread-home-1pt5,wnba-nyl-dal-2026-07-16,0.002,0.001,0.001,0.0007,6.2,0.001,True,True
2026-07-21T05:48:42+00:00,wnba-nyl-dal-2026-07-16,spread_implies_ml,wnba-nyl-dal-2026-07-16-spread-home-1pt5,wnba-nyl-dal-2026-07-16,0.002,0.001,0.001,0.0007,6.2,0.001,True,True
2026-07-21T05:49:07+00:00,wnba-nyl-dal-2026-07-16,spread_implies_ml,wnba-nyl-dal-2026-07-16-spread-home-1pt5,wnba-nyl-dal-2026-07-16,0.002,0.001,0.001,0.0007,6.2,0.001,True,True
2026-07-21T05:49:33+00:00,wnba-nyl-dal-2026-07-16,spread_implies_ml,wnba-nyl-dal-2026-07-16-spread-home-1pt5,wnba-nyl-dal-2026-07-16,0.002,0.001,0.001,0.0007,6.2,0.001,True,True
2026-07-21T05:49:58+00:00,wnba-nyl-dal-2026-07-16,spread_implies_ml,wnba-nyl-dal-2026-07-16-spread-home-1pt5,wnba-nyl-dal-2026-07-16,0.002,0.001,0.001,0.0007,6.2,0.001,True,True
2026-07-21T05:50:24+00:00,wnba-nyl-dal-2026-07-16,spread_implies_ml,wnba-nyl-dal-2026-07-16-spread-home-1pt5,wnba-nyl-dal-2026-07-16,0.002,0.001,0.001,0.0007,6.2,0.001,True,True
2026-07-21T18:19:47+00:00,ucl-agf-lep-2026-07-21-more-markets,cover_ladder,ucl-agf-lep-2026-07-21-spread-home-2pt5,ucl-agf-lep-2026-07-21-spread-home-1pt5,0.01,0.009,0.001,-0.0009,100.0,,,
2026-07-21T23:25:31+00:00,atp-michels-gea-2026-07-20,over_ladder,atp-michels-gea-2026-07-20-match-total-22pt5,atp-michels-gea-2026-07-20-match-total-21pt5,0.34,0.25,0.09,0.075,0.7,0.09,True,True
2026-07-22T00:46:00+00:00,mlb-tb-tor-2026-07-21,spread_implies_ml,mlb-tb-tor-2026-07-21-spread-home-1pt5,mlb-tb-tor-2026-07-21,0.01,0.009,0.001,-0.0009,10.0,,,
2026-07-22T00:46:21+00:00,mlb-tb-tor-2026-07-21,spread_implies_ml,mlb-tb-tor-2026-07-21-spread-home-1pt5,mlb-tb-tor-2026-07-21,0.01,0.009,0.001,-0.0009,10.0,,,
2026-07-22T00:48:04+00:00,mlb-tb-tor-2026-07-21,spread_implies_ml,mlb-tb-tor-2026-07-21-spread-home-1pt5,mlb-tb-tor-2026-07-21,0.01,0.007,0.003,0.0013,10.0,0.003,True,True
2026-07-22T00:48:50+00:00,mlb-tb-tor-2026-07-21,spread_implies_ml,mlb-tb-tor-2026-07-21-spread-home-1pt5,mlb-tb-tor-2026-07-21,0.01,0.009,0.001,-0.0009,10.0,,,
2026-07-22T00:49:11+00:00,mlb-tb-tor-2026-07-21,spread_implies_ml,mlb-tb-tor-2026-07-21-spread-home-1pt5,mlb-tb-tor-2026-07-21,0.01,0.008,0.002,0.0002,10.0,0.002,True,True
2026-07-22T00:49:36+00:00,mlb-tb-tor-2026-07-21,spread_implies_ml,mlb-tb-tor-2026-07-21-spread-home-1pt5,mlb-tb-tor-2026-07-21,0.01,0.008,0.002,0.0002,10.0,0.002,True,True
2026-07-22T00:50:02+00:00,mlb-tb-tor-2026-07-21,spread_implies_ml,mlb-tb-tor-2026-07-21-spread-home-1pt5,mlb-tb-tor-2026-07-21,0.01,0.008,0.002,0.0002,10.0,0.002,True,True
2026-07-22T00:50:27+00:00,mlb-tb-tor-2026-07-21,spread_implies_ml,mlb-tb-tor-2026-07-21-spread-home-1pt5,mlb-tb-tor-2026-07-21,0.01,0.008,0.002,0.0002,10.0,0.002,True,True
2026-07-22T00:50:53+00:00,mlb-tb-tor-2026-07-21,spread_implies_ml,mlb-tb-tor-2026-07-21-spread-home-1pt5,mlb-tb-tor-2026-07-21,0.01,0.008,0.002,0.0002,10.0,0.002,True,True
2026-07-22T00:51:18+00:00,mlb-tb-tor-2026-07-21,spread_implies_ml,mlb-tb-tor-2026-07-21-spread-home-1pt5,mlb-tb-tor-2026-07-21,0.01,0.008,0.002,0.0002,10.0,0.002,True,True
2026-07-22T00:51:44+00:00,mlb-tb-tor-2026-07-21,spread_implies_ml,mlb-tb-tor-2026-07-21-spread-home-1pt5,mlb-tb-tor-2026-07-21,0.01,0.008,0.002,0.0002,10.0,0.002,True,True
2026-07-22T00:52:10+00:00,mlb-tb-tor-2026-07-21,spread_implies_ml,mlb-tb-tor-2026-07-21-spread-home-1pt5,mlb-tb-tor-2026-07-21,0.01,0.008,0.002,0.0002,10.0,0.002,True,True
2026-07-22T00:52:35+00:00,mlb-tb-tor-2026-07-21,spread_implies_ml,mlb-tb-tor-2026-07-21-spread-home-1pt5,mlb-tb-tor-2026-07-21,0.01,0.008,0.002,0.0002,10.0,0.002,True,True
2026-07-22T00:53:01+00:00,mlb-tb-tor-2026-07-21,spread_implies_ml,mlb-tb-tor-2026-07-21-spread-home-1pt5,mlb-tb-tor-2026-07-21,0.01,0.008,0.002,0.0002,10.0,0.002,True,True
2026-07-22T00:53:26+00:00,mlb-tb-tor-2026-07-21,spread_implies_ml,mlb-tb-tor-2026-07-21-spread-home-1pt5,mlb-tb-tor-2026-07-21,0.01,0.008,0.002,0.0002,10.0,0.003,True,True
2026-07-22T00:53:52+00:00,mlb-tb-tor-2026-07-21,spread_implies_ml,mlb-tb-tor-2026-07-21-spread-home-1pt5,mlb-tb-tor-2026-07-21,0.01,0.007,0.003,0.0013,10.0,0.003,True,True
2026-07-22T00:54:18+00:00,mlb-tb-tor-2026-07-21,spread_implies_ml,mlb-tb-tor-2026-07-21-spread-home-1pt5,mlb-tb-tor-2026-07-21,0.01,0.008,0.002,0.0002,10.0,0.002,True,True
2026-07-22T00:54:43+00:00,mlb-tb-tor-2026-07-21,spread_implies_ml,mlb-tb-tor-2026-07-21-spread-home-1pt5,mlb-tb-tor-2026-07-21,0.01,0.008,0.002,0.0002,10.0,0.002,True,True
2026-07-22T00:55:09+00:00,mlb-tb-tor-2026-07-21,spread_implies_ml,mlb-tb-tor-2026-07-21-spread-home-1pt5,mlb-tb-tor-2026-07-21,0.01,0.008,0.002,0.0002,10.0,0.002,True,True
2026-07-22T00:55:34+00:00,mlb-tb-tor-2026-07-21,spread_implies_ml,mlb-tb-tor-2026-07-21-spread-home-1pt5,mlb-tb-tor-2026-07-21,0.01,0.008,0.002,0.0002,10.0,0.002,True,True
2026-07-22T00:56:00+00:00,mlb-tb-tor-2026-07-21,spread_implies_ml,mlb-tb-tor-2026-07-21-spread-home-1pt5,mlb-tb-tor-2026-07-21,0.01,0.008,0.002,0.0002,10.0,0.002,True,True
2026-07-22T00:56:26+00:00,mlb-tb-tor-2026-07-21,spread_implies_ml,mlb-tb-tor-2026-07-21-spread-home-1pt5,mlb-tb-tor-2026-07-21,0.01,0.008,0.002,0.0002,10.0,0.002,True,True
2026-07-22T00:56:51+00:00,mlb-tb-tor-2026-07-21,spread_implies_ml,mlb-tb-tor-2026-07-21-spread-home-1pt5,mlb-tb-tor-2026-07-21,0.01,0.008,0.002,0.0002,10.0,0.002,True,True
2026-07-22T00:57:18+00:00,mlb-tb-tor-2026-07-21,spread_implies_ml,mlb-tb-tor-2026-07-21-spread-home-1pt5,mlb-tb-tor-2026-07-21,0.01,0.008,0.002,0.0002,10.0,0.002,True,True
2026-07-22T00:57:44+00:00,mlb-tb-tor-2026-07-21,spread_implies_ml,mlb-tb-tor-2026-07-21-spread-home-1pt5,mlb-tb-tor-2026-07-21,0.01,0.008,0.002,0.0002,10.0,0.002,True,True
2026-07-22T00:58:09+00:00,mlb-tb-tor-2026-07-21,spread_implies_ml,mlb-tb-tor-2026-07-21-spread-home-1pt5,mlb-tb-tor-2026-07-21,0.01,0.008,0.002,0.0002,10.0,0.002,True,True
2026-07-22T00:58:35+00:00,mlb-tb-tor-2026-07-21,spread_implies_ml,mlb-tb-tor-2026-07-21-spread-home-1pt5,mlb-tb-tor-2026-07-21,0.01,0.008,0.002,0.0002,10.0,0.002,True,True
2026-07-22T00:59:00+00:00,mlb-tb-tor-2026-07-21,spread_implies_ml,mlb-tb-tor-2026-07-21-spread-home-1pt5,mlb-tb-tor-2026-07-21,0.01,0.008,0.002,0.0002,10.0,0.002,True,True
2026-07-22T00:59:26+00:00,mlb-tb-tor-2026-07-21,spread_implies_ml,mlb-tb-tor-2026-07-21-spread-home-1pt5,mlb-tb-tor-2026-07-21,0.01,0.008,0.002,0.0002,10.0,0.002,True,True
2026-07-22T00:59:51+00:00,mlb-tb-tor-2026-07-21,spread_implies_ml,mlb-tb-tor-2026-07-21-spread-home-1pt5,mlb-tb-tor-2026-07-21,0.01,0.008,0.002,0.0002,10.0,0.002,True,True
2026-07-22T01:00:17+00:00,mlb-tb-tor-2026-07-21,spread_implies_ml,mlb-tb-tor-2026-07-21-spread-home-1pt5,mlb-tb-tor-2026-07-21,0.01,0.008,0.002,0.0002,10.0,0.002,True,True
2026-07-22T01:00:43+00:00,mlb-tb-tor-2026-07-21,spread_implies_ml,mlb-tb-tor-2026-07-21-spread-home-1pt5,mlb-tb-tor-2026-07-21,0.01,0.008,0.002,0.0002,10.0,0.002,True,True
2026-07-22T01:01:08+00:00,mlb-tb-tor-2026-07-21,spread_implies_ml,mlb-tb-tor-2026-07-21-spread-home-1pt5,mlb-tb-tor-2026-07-21,0.01,0.008,0.002,0.0002,10.0,0.002,True,True
2026-07-22T01:01:34+00:00,mlb-tb-tor-2026-07-21,spread_implies_ml,mlb-tb-tor-2026-07-21-spread-home-1pt5,mlb-tb-tor-2026-07-21,0.01,0.005,0.005,0.0035,10.0,0.005,True,True
2026-07-22T01:01:59+00:00,mlb-tb-tor-2026-07-21,spread_implies_ml,mlb-tb-tor-2026-07-21-spread-home-1pt5,mlb-tb-tor-2026-07-21,0.01,0.005,0.005,0.0035,10.0,0.005,True,True
2026-07-22T01:02:25+00:00,mlb-tb-tor-2026-07-21,spread_implies_ml,mlb-tb-tor-2026-07-21-spread-home-1pt5,mlb-tb-tor-2026-07-21,0.01,0.005,0.005,0.0035,10.0,0.005,True,True
2026-07-22T01:02:51+00:00,mlb-tb-tor-2026-07-21,spread_implies_ml,mlb-tb-tor-2026-07-21-spread-home-1pt5,mlb-tb-tor-2026-07-21,0.01,0.009,0.001,-0.0009,10.0,,,
2026-07-22T01:03:11+00:00,mlb-tb-tor-2026-07-21,spread_implies_ml,mlb-tb-tor-2026-07-21-spread-home-1pt5,mlb-tb-tor-2026-07-21,0.01,0.009,0.001,-0.0009,10.0,,,
2026-07-22T01:03:32+00:00,mlb-tb-tor-2026-07-21,spread_implies_ml,mlb-tb-tor-2026-07-21-spread-home-1pt5,mlb-tb-tor-2026-07-21,0.01,0.009,0.001,-0.0009,10.0,,,
2026-07-22T01:03:52+00:00,mlb-tb-tor-2026-07-21,spread_implies_ml,mlb-tb-tor-2026-07-21-spread-home-1pt5,mlb-tb-tor-2026-07-21,0.01,0.009,0.001,-0.0009,10.0,,,
2026-07-22T01:04:13+00:00,mlb-tb-tor-2026-07-21,spread_implies_ml,mlb-tb-tor-2026-07-21-spread-home-1pt5,mlb-tb-tor-2026-07-21,0.01,0.009,0.001,-0.0009,10.0,,,
2026-07-22T01:04:33+00:00,mlb-tb-tor-2026-07-21,spread_implies_ml,mlb-tb-tor-2026-07-21-spread-home-1pt5,mlb-tb-tor-2026-07-21,0.01,0.009,0.001,-0.0009,10.0,,,
2026-07-22T01:04:54+00:00,mlb-tb-tor-2026-07-21,spread_implies_ml,mlb-tb-tor-2026-07-21-spread-home-1pt5,mlb-tb-tor-2026-07-21,0.01,0.009,0.001,-0.0009,10.0,,,
2026-07-22T03:51:43+00:00,mlb-stl-laa-2026-07-21,spread_implies_ml,mlb-stl-laa-2026-07-21-spread-away-1pt5,mlb-stl-laa-2026-07-21,0.01,0.007,0.003,0.0013,40.0,0.003,True,True
2026-07-22T03:52:08+00:00,mlb-stl-laa-2026-07-21,spread_implies_ml,mlb-stl-laa-2026-07-21-spread-away-1pt5,mlb-stl-laa-2026-07-21,0.01,0.007,0.003,0.0013,40.0,0.003,True,True
2026-07-22T03:52:33+00:00,mlb-stl-laa-2026-07-21,spread_implies_ml,mlb-stl-laa-2026-07-21-spread-away-1pt5,mlb-stl-laa-2026-07-21,0.01,0.007,0.003,0.0013,40.0,0.003,True,True
2026-07-22T03:52:59+00:00,mlb-stl-laa-2026-07-21,spread_implies_ml,mlb-stl-laa-2026-07-21-spread-away-1pt5,mlb-stl-laa-2026-07-21,0.01,0.007,0.003,0.0013,51.6,0.003,True,True
2026-07-22T03:53:24+00:00,mlb-stl-laa-2026-07-21,spread_implies_ml,mlb-stl-laa-2026-07-21-spread-away-1pt5,mlb-stl-laa-2026-07-21,0.01,0.007,0.003,0.0013,51.6,0.005,True,True
2026-07-22T03:53:49+00:00,mlb-stl-laa-2026-07-21,spread_implies_ml,mlb-stl-laa-2026-07-21-spread-away-1pt5,mlb-stl-laa-2026-07-21,0.01,0.007,0.003,0.0013,51.6,0.003,True,True
2026-07-22T03:54:15+00:00,mlb-stl-laa-2026-07-21,spread_implies_ml,mlb-stl-laa-2026-07-21-spread-away-1pt5,mlb-stl-laa-2026-07-21,0.01,0.007,0.003,0.0013,51.6,0.003,True,True
2026-07-22T03:54:40+00:00,mlb-stl-laa-2026-07-21,spread_implies_ml,mlb-stl-laa-2026-07-21-spread-away-1pt5,mlb-stl-laa-2026-07-21,0.01,0.007,0.003,0.0013,51.6,0.003,True,True
2026-07-22T03:55:06+00:00,mlb-stl-laa-2026-07-21,spread_implies_ml,mlb-stl-laa-2026-07-21-spread-away-1pt5,mlb-stl-laa-2026-07-21,0.01,0.005,0.005,0.0035,51.6,0.005,True,True
2026-07-22T03:55:31+00:00,mlb-stl-laa-2026-07-21,spread_implies_ml,mlb-stl-laa-2026-07-21-spread-away-1pt5,mlb-stl-laa-2026-07-21,0.01,0.005,0.005,0.0035,51.6,0.005,True,True
2026-07-22T03:55:56+00:00,mlb-stl-laa-2026-07-21,spread_implies_ml,mlb-stl-laa-2026-07-21-spread-away-1pt5,mlb-stl-laa-2026-07-21,0.01,0.005,0.005,0.0035,51.6,0.005,True,True
2026-07-22T03:56:22+00:00,mlb-stl-laa-2026-07-21,spread_implies_ml,mlb-stl-laa-2026-07-21-spread-away-1pt5,mlb-stl-laa-2026-07-21,0.01,0.005,0.005,0.0035,51.6,-0.004,False,True
2026-07-22T04:09:56+00:00,mlb-stl-laa-2026-07-21,cover_ladder,mlb-stl-laa-2026-07-21-spread-home-5pt5,mlb-stl-laa-2026-07-21-spread-home-4pt5,0.01,0.005,0.005,0.0035,0.9,-0.08,False,True
2026-07-22T04:24:12+00:00,mlb-oak-ari-2026-07-21,over_ladder,mlb-oak-ari-2026-07-21-total-8pt5,mlb-oak-ari-2026-07-21-total-5pt5,0.992,0.99,0.002,0.0002,9.0,0.009,True,True
2026-07-22T04:24:38+00:00,mlb-oak-ari-2026-07-21,over_ladder,mlb-oak-ari-2026-07-21-total-8pt5,mlb-oak-ari-2026-07-21-total-5pt5,0.999,0.99,0.009,0.0079,9.0,0.009,True,True
2026-07-22T04:25:03+00:00,mlb-oak-ari-2026-07-21,over_ladder,mlb-oak-ari-2026-07-21-total-8pt5,mlb-oak-ari-2026-07-21-total-5pt5,0.999,0.99,0.009,0.0079,9.0,0.009,True,True
2026-07-22T04:25:28+00:00,mlb-oak-ari-2026-07-21,over_ladder,mlb-oak-ari-2026-07-21-total-8pt5,mlb-oak-ari-2026-07-21-total-5pt5,0.999,0.99,0.009,0.0079,3.9,0.009,True,True
2026-07-22T04:25:28+00:00,mlb-oak-ari-2026-07-21,cover_ladder,mlb-oak-ari-2026-07-21-spread-home-4pt5,mlb-oak-ari-2026-07-21-spread-home-3pt5,0.02,0.01,0.01,0.007,201.5,-0.07,False,True
2026-07-22T04:41:25+00:00,mlb-oak-ari-2026-07-21,over_ladder,mlb-oak-ari-2026-07-21-total-10pt5,mlb-oak-ari-2026-07-21-total-9pt5,0.61,0.609,0.001,-0.014,5.0,,,
2026-07-22T04:46:29+00:00,mlb-oak-ari-2026-07-21,over_ladder,mlb-oak-ari-2026-07-21-total-10pt5,mlb-oak-ari-2026-07-21-total-9pt5,0.891,0.879,0.012,-0.003,3.4,,,
2026-07-22T04:54:55+00:00,mlb-oak-ari-2026-07-21,spread_implies_ml,mlb-oak-ari-2026-07-21-spread-away-1pt5,mlb-oak-ari-2026-07-21,0.01,0.001,0.009,0.0079,10.0,0.009,True,True
2026-07-22T04:55:20+00:00,mlb-oak-ari-2026-07-21,spread_implies_ml,mlb-oak-ari-2026-07-21-spread-away-1pt5,mlb-oak-ari-2026-07-21,0.01,0.001,0.009,0.0079,10.0,0.009,True,True
2026-07-22T18:06:27+00:00,wta-bondar-akugue-2026-07-22,over_ladder,wta-bondar-akugue-2026-07-22-match-total-22pt5,wta-bondar-akugue-2026-07-22-match-total-21pt5,0.51,0.49,0.02,0.005,1290.0,0.02,True,True
2026-07-23T04:17:53+00:00,wnba-dal-por-2026-07-22,cover_ladder,wnba-dal-por-2026-07-22-spread-away-5pt5,wnba-dal-por-2026-07-22-spread-away-4pt5,0.43,0.37,0.06,0.045,8.0,0.06,True,True
2026-07-23T15:44:22+00:00,cs2-nip-echo-2026-07-23,over_ladder,cs2-nip-echo-2026-07-23-game1-round-total-33pt5,cs2-nip-echo-2026-07-23-game1-round-total-30pt5,0.01,0.009,0.001,-0.0009,5.0,,,
2026-07-23T15:44:43+00:00,cs2-nip-echo-2026-07-23,over_ladder,cs2-nip-echo-2026-07-23-game1-round-total-33pt5,cs2-nip-echo-2026-07-23-game1-round-total-30pt5,0.01,0.009,0.001,-0.0009,5.0,,,
2026-07-23T15:45:03+00:00,cs2-nip-echo-2026-07-23,over_ladder,cs2-nip-echo-2026-07-23-game1-round-total-33pt5,cs2-nip-echo-2026-07-23-game1-round-total-30pt5,0.01,0.009,0.001,-0.0009,5.0,,,
2026-07-23T15:45:23+00:00,cs2-nip-echo-2026-07-23,over_ladder,cs2-nip-echo-2026-07-23-game1-round-total-33pt5,cs2-nip-echo-2026-07-23-game1-round-total-30pt5,0.01,0.009,0.001,-0.0009,5.0,,,
2026-07-23T15:45:44+00:00,cs2-nip-echo-2026-07-23,over_ladder,cs2-nip-echo-2026-07-23-game1-round-total-33pt5,cs2-nip-echo-2026-07-23-game1-round-total-30pt5,0.01,0.009,0.001,-0.0009,5.0,,,
2026-07-23T15:46:04+00:00,cs2-nip-echo-2026-07-23,over_ladder,cs2-nip-echo-2026-07-23-game1-round-total-33pt5,cs2-nip-echo-2026-07-23-game1-round-total-30pt5,0.01,0.009,0.001,-0.0009,5.0,,,
2026-07-23T15:46:25+00:00,cs2-nip-echo-2026-07-23,over_ladder,cs2-nip-echo-2026-07-23-game1-round-total-33pt5,cs2-nip-echo-2026-07-23-game1-round-total-30pt5,0.01,0.009,0.001,-0.0009,5.0,,,
2026-07-23T15:46:45+00:00,cs2-nip-echo-2026-07-23,over_ladder,cs2-nip-echo-2026-07-23-game1-round-total-33pt5,cs2-nip-echo-2026-07-23-game1-round-total-30pt5,0.01,0.009,0.001,-0.0009,5.0,,,
2026-07-23T15:47:06+00:00,cs2-nip-echo-2026-07-23,over_ladder,cs2-nip-echo-2026-07-23-game1-round-total-33pt5,cs2-nip-echo-2026-07-23-game1-round-total-30pt5,0.01,0.009,0.001,-0.0009,5.0,,,
2026-07-23T15:47:26+00:00,cs2-nip-echo-2026-07-23,over_ladder,cs2-nip-echo-2026-07-23-game1-round-total-33pt5,cs2-nip-echo-2026-07-23-game1-round-total-30pt5,0.01,0.009,0.001,-0.0009,5.0,,,
2026-07-23T15:47:47+00:00,cs2-nip-echo-2026-07-23,over_ladder,cs2-nip-echo-2026-07-23-game1-round-total-33pt5,cs2-nip-echo-2026-07-23-game1-round-total-30pt5,0.01,0.009,0.001,-0.0009,5.0,,,
2026-07-23T15:48:07+00:00,cs2-nip-echo-2026-07-23,over_ladder,cs2-nip-echo-2026-07-23-game1-round-total-33pt5,cs2-nip-echo-2026-07-23-game1-round-total-30pt5,0.01,0.009,0.001,-0.0009,5.0,,,
2026-07-23T15:48:28+00:00,cs2-nip-echo-2026-07-23,over_ladder,cs2-nip-echo-2026-07-23-game1-round-total-33pt5,cs2-nip-echo-2026-07-23-game1-round-total-30pt5,0.01,0.009,0.001,-0.0009,5.0,,,
2026-07-23T15:48:48+00:00,cs2-nip-echo-2026-07-23,over_ladder,cs2-nip-echo-2026-07-23-game1-round-total-33pt5,cs2-nip-echo-2026-07-23-game1-round-total-30pt5,0.01,0.009,0.001,-0.0009,5.0,,,
2026-07-23T15:49:09+00:00,cs2-nip-echo-2026-07-23,over_ladder,cs2-nip-echo-2026-07-23-game1-round-total-33pt5,cs2-nip-echo-2026-07-23-game1-round-total-30pt5,0.01,0.009,0.001,-0.0009,5.0,,,
2026-07-23T15:49:29+00:00,cs2-nip-echo-2026-07-23,over_ladder,cs2-nip-echo-2026-07-23-game1-round-total-33pt5,cs2-nip-echo-2026-07-23-game1-round-total-30pt5,0.01,0.009,0.001,-0.0009,5.0,,,
2026-07-23T15:49:50+00:00,cs2-nip-echo-2026-07-23,over_ladder,cs2-nip-echo-2026-07-23-game1-round-total-33pt5,cs2-nip-echo-2026-07-23-game1-round-total-30pt5,0.01,0.009,0.001,-0.0009,5.0,,,
2026-07-23T15:50:10+00:00,cs2-nip-echo-2026-07-23,over_ladder,cs2-nip-echo-2026-07-23-game1-round-total-33pt5,cs2-nip-echo-2026-07-23-game1-round-total-30pt5,0.01,0.009,0.001,-0.0009,5.0,,,
2026-07-23T15:50:31+00:00,cs2-nip-echo-2026-07-23,over_ladder,cs2-nip-echo-2026-07-23-game1-round-total-33pt5,cs2-nip-echo-2026-07-23-game1-round-total-30pt5,0.01,0.009,0.001,-0.0009,5.0,,,
2026-07-23T15:50:51+00:00,cs2-nip-echo-2026-07-23,over_ladder,cs2-nip-echo-2026-07-23-game1-round-total-33pt5,cs2-nip-echo-2026-07-23-game1-round-total-30pt5,0.01,0.009,0.001,-0.0009,5.0,,,
2026-07-23T15:51:11+00:00,cs2-nip-echo-2026-07-23,over_ladder,cs2-nip-echo-2026-07-23-game1-round-total-33pt5,cs2-nip-echo-2026-07-23-game1-round-total-30pt5,0.01,0.009,0.001,-0.0009,5.0,,,
2026-07-23T15:52:35+00:00,cs2-nip-echo-2026-07-23,over_ladder,cs2-nip-echo-2026-07-23-game1-round-total-33pt5,cs2-nip-echo-2026-07-23-game1-round-total-30pt5,0.01,0.009,0.001,-0.0009,5.0,,,
2026-07-23T15:52:55+00:00,cs2-nip-echo-2026-07-23,over_ladder,cs2-nip-echo-2026-07-23-game1-round-total-33pt5,cs2-nip-echo-2026-07-23-game1-round-total-30pt5,0.01,0.009,0.001,-0.0009,5.0,,,
2026-07-23T15:53:15+00:00,cs2-nip-echo-2026-07-23,over_ladder,cs2-nip-echo-2026-07-23-game1-round-total-33pt5,cs2-nip-echo-2026-07-23-game1-round-total-30pt5,0.01,0.009,0.001,-0.0009,5.0,,,
2026-07-23T15:53:36+00:00,cs2-nip-echo-2026-07-23,over_ladder,cs2-nip-echo-2026-07-23-game1-round-total-33pt5,cs2-nip-echo-2026-07-23-game1-round-total-30pt5,0.01,0.009,0.001,-0.0009,5.0,,,
2026-07-23T15:53:56+00:00,cs2-nip-echo-2026-07-23,over_ladder,cs2-nip-echo-2026-07-23-game1-round-total-33pt5,cs2-nip-echo-2026-07-23-game1-round-total-30pt5,0.01,0.009,0.001,-0.0009,5.0,,,
2026-07-23T15:54:17+00:00,cs2-nip-echo-2026-07-23,over_ladder,cs2-nip-echo-2026-07-23-game1-round-total-33pt5,cs2-nip-echo-2026-07-23-game1-round-total-30pt5,0.01,0.009,0.001,-0.0009,5.0,,,
2026-07-23T15:54:37+00:00,cs2-nip-echo-2026-07-23,over_ladder,cs2-nip-echo-2026-07-23-game1-round-total-33pt5,cs2-nip-echo-2026-07-23-game1-round-total-30pt5,0.01,0.009,0.001,-0.0009,5.0,,,
2026-07-23T15:54:58+00:00,cs2-nip-echo-2026-07-23,over_ladder,cs2-nip-echo-2026-07-23-game1-round-total-33pt5,cs2-nip-echo-2026-07-23-game1-round-total-30pt5,0.01,0.009,0.001,-0.0009,5.0,,,
2026-07-23T15:55:18+00:00,cs2-nip-echo-2026-07-23,over_ladder,cs2-nip-echo-2026-07-23-game1-round-total-33pt5,cs2-nip-echo-2026-07-23-game1-round-total-30pt5,0.01,0.009,0.001,-0.0009,5.0,,,
2026-07-23T15:55:39+00:00,cs2-nip-echo-2026-07-23,over_ladder,cs2-nip-echo-2026-07-23-game1-round-total-33pt5,cs2-nip-echo-2026-07-23-game1-round-total-30pt5,0.01,0.009,0.001,-0.0009,5.0,,,
2026-07-23T15:55:59+00:00,cs2-nip-echo-2026-07-23,over_ladder,cs2-nip-echo-2026-07-23-game1-round-total-33pt5,cs2-nip-echo-2026-07-23-game1-round-total-30pt5,0.01,0.009,0.001,-0.0009,5.0,,,
2026-07-23T15:56:20+00:00,cs2-nip-echo-2026-07-23,over_ladder,cs2-nip-echo-2026-07-23-game1-round-total-33pt5,cs2-nip-echo-2026-07-23-game1-round-total-30pt5,0.01,0.009,0.001,-0.0009,5.0,,,
2026-07-23T15:56:40+00:00,cs2-nip-echo-2026-07-23,over_ladder,cs2-nip-echo-2026-07-23-game1-round-total-33pt5,cs2-nip-echo-2026-07-23-game1-round-total-30pt5,0.01,0.009,0.001,-0.0009,5.0,,,
2026-07-23T15:57:01+00:00,cs2-nip-echo-2026-07-23,over_ladder,cs2-nip-echo-2026-07-23-game1-round-total-33pt5,cs2-nip-echo-2026-07-23-game1-round-total-30pt5,0.01,0.009,0.001,-0.0009,5.0,,,
2026-07-23T15:57:21+00:00,cs2-nip-echo-2026-07-23,over_ladder,cs2-nip-echo-2026-07-23-game1-round-total-33pt5,cs2-nip-echo-2026-07-23-game1-round-total-30pt5,0.01,0.009,0.001,-0.0009,5.0,,,
2026-07-23T15:57:41+00:00,cs2-nip-echo-2026-07-23,over_ladder,cs2-nip-echo-2026-07-23-game1-round-total-33pt5,cs2-nip-echo-2026-07-23-game1-round-total-30pt5,0.01,0.009,0.001,-0.0009,5.0,,,
2026-07-23T15:58:02+00:00,cs2-nip-echo-2026-07-23,over_ladder,cs2-nip-echo-2026-07-23-game1-round-total-33pt5,cs2-nip-echo-2026-07-23-game1-round-total-30pt5,0.01,0.009,0.001,-0.0009,5.0,,,
2026-07-23T15:58:22+00:00,cs2-nip-echo-2026-07-23,over_ladder,cs2-nip-echo-2026-07-23-game1-round-total-33pt5,cs2-nip-echo-2026-07-23-game1-round-total-30pt5,0.01,0.009,0.001,-0.0009,5.0,,,
2026-07-23T15:58:43+00:00,cs2-nip-echo-2026-07-23,over_ladder,cs2-nip-echo-2026-07-23-game1-round-total-33pt5,cs2-nip-echo-2026-07-23-game1-round-total-30pt5,0.01,0.009,0.001,-0.0009,5.0,,,
2026-07-23T15:59:03+00:00,cs2-nip-echo-2026-07-23,over_ladder,cs2-nip-echo-2026-07-23-game1-round-total-33pt5,cs2-nip-echo-2026-07-23-game1-round-total-30pt5,0.01,0.009,0.001,-0.0009,5.0,,,
2026-07-23T15:59:24+00:00,cs2-nip-echo-2026-07-23,over_ladder,cs2-nip-echo-2026-07-23-game1-round-total-33pt5,cs2-nip-echo-2026-07-23-game1-round-total-30pt5,0.01,0.009,0.001,-0.0009,5.0,,,
2026-07-23T15:59:44+00:00,cs2-nip-echo-2026-07-23,over_ladder,cs2-nip-echo-2026-07-23-game1-round-total-33pt5,cs2-nip-echo-2026-07-23-game1-round-total-30pt5,0.01,0.009,0.001,-0.0009,5.0,,,
2026-07-23T16:00:05+00:00,cs2-nip-echo-2026-07-23,over_ladder,cs2-nip-echo-2026-07-23-game1-round-total-33pt5,cs2-nip-echo-2026-07-23-game1-round-total-30pt5,0.01,0.009,0.001,-0.0009,5.0,,,
2026-07-23T16:00:25+00:00,cs2-nip-echo-2026-07-23,over_ladder,cs2-nip-echo-2026-07-23-game1-round-total-33pt5,cs2-nip-echo-2026-07-23-game1-round-total-30pt5,0.01,0.009,0.001,-0.0009,5.0,,,
2026-07-23T16:00:46+00:00,cs2-nip-echo-2026-07-23,over_ladder,cs2-nip-echo-2026-07-23-game1-round-total-33pt5,cs2-nip-echo-2026-07-23-game1-round-total-30pt5,0.01,0.009,0.001,-0.0009,5.0,,,
2026-07-23T16:01:06+00:00,cs2-nip-echo-2026-07-23,over_ladder,cs2-nip-echo-2026-07-23-game1-round-total-33pt5,cs2-nip-echo-2026-07-23-game1-round-total-30pt5,0.01,0.009,0.001,-0.0009,5.0,,,
2026-07-23T16:01:27+00:00,cs2-nip-echo-2026-07-23,over_ladder,cs2-nip-echo-2026-07-23-game1-round-total-33pt5,cs2-nip-echo-2026-07-23-game1-round-total-30pt5,0.01,0.009,0.001,-0.0009,5.0,,,
2026-07-23T16:02:50+00:00,cs2-nip-echo-2026-07-23,over_ladder,cs2-nip-echo-2026-07-23-game1-round-total-33pt5,cs2-nip-echo-2026-07-23-game1-round-total-30pt5,0.01,0.009,0.001,-0.0009,5.0,,,
2026-07-23T16:03:10+00:00,cs2-nip-echo-2026-07-23,over_ladder,cs2-nip-echo-2026-07-23-game1-round-total-33pt5,cs2-nip-echo-2026-07-23-game1-round-total-30pt5,0.01,0.009,0.001,-0.0009,5.0,,,
2026-07-23T16:03:31+00:00,cs2-nip-echo-2026-07-23,over_ladder,cs2-nip-echo-2026-07-23-game1-round-total-33pt5,cs2-nip-echo-2026-07-23-game1-round-total-30pt5,0.01,0.009,0.001,-0.0009,5.0,,,
2026-07-23T16:03:51+00:00,cs2-nip-echo-2026-07-23,over_ladder,cs2-nip-echo-2026-07-23-game1-round-total-33pt5,cs2-nip-echo-2026-07-23-game1-round-total-30pt5,0.01,0.009,0.001,-0.0009,5.0,,,
2026-07-23T16:04:12+00:00,cs2-nip-echo-2026-07-23,over_ladder,cs2-nip-echo-2026-07-23-game1-round-total-33pt5,cs2-nip-echo-2026-07-23-game1-round-total-30pt5,0.01,0.009,0.001,-0.0009,5.0,,,
2026-07-23T16:04:33+00:00,cs2-nip-echo-2026-07-23,over_ladder,cs2-nip-echo-2026-07-23-game1-round-total-33pt5,cs2-nip-echo-2026-07-23-game1-round-total-30pt5,0.01,0.009,0.001,-0.0009,5.0,,,
2026-07-23T16:04:53+00:00,cs2-nip-echo-2026-07-23,over_ladder,cs2-nip-echo-2026-07-23-game1-round-total-33pt5,cs2-nip-echo-2026-07-23-game1-round-total-30pt5,0.01,0.009,0.001,-0.0009,5.0,,,
2026-07-23T16:05:14+00:00,cs2-nip-echo-2026-07-23,over_ladder,cs2-nip-echo-2026-07-23-game1-round-total-33pt5,cs2-nip-echo-2026-07-23-game1-round-total-30pt5,0.01,0.009,0.001,-0.0009,5.0,,,
2026-07-23T16:05:35+00:00,cs2-nip-echo-2026-07-23,over_ladder,cs2-nip-echo-2026-07-23-game1-round-total-33pt5,cs2-nip-echo-2026-07-23-game1-round-total-30pt5,0.01,0.009,0.001,-0.0009,5.0,,,
2026-07-23T16:05:55+00:00,cs2-nip-echo-2026-07-23,over_ladder,cs2-nip-echo-2026-07-23-game1-round-total-33pt5,cs2-nip-echo-2026-07-23-game1-round-total-30pt5,0.01,0.009,0.001,-0.0009,5.0,,,
2026-07-23T16:06:16+00:00,cs2-nip-echo-2026-07-23,over_ladder,cs2-nip-echo-2026-07-23-game1-round-total-33pt5,cs2-nip-echo-2026-07-23-game1-round-total-30pt5,0.01,0.009,0.001,-0.0009,5.0,,,
2026-07-23T16:06:36+00:00,cs2-nip-echo-2026-07-23,over_ladder,cs2-nip-echo-2026-07-23-game1-round-total-33pt5,cs2-nip-echo-2026-07-23-game1-round-total-30pt5,0.01,0.009,0.001,-0.0009,5.0,,,
2026-07-23T16:06:57+00:00,cs2-nip-echo-2026-07-23,over_ladder,cs2-nip-echo-2026-07-23-game1-round-total-33pt5,cs2-nip-echo-2026-07-23-game1-round-total-30pt5,0.01,0.009,0.001,-0.0009,5.0,,,
2026-07-23T16:07:18+00:00,cs2-nip-echo-2026-07-23,over_ladder,cs2-nip-echo-2026-07-23-game1-round-total-33pt5,cs2-nip-echo-2026-07-23-game1-round-total-30pt5,0.01,0.009,0.001,-0.0009,5.0,,,
2026-07-23T16:07:38+00:00,cs2-nip-echo-2026-07-23,over_ladder,cs2-nip-echo-2026-07-23-game1-round-total-33pt5,cs2-nip-echo-2026-07-23-game1-round-total-30pt5,0.01,0.009,0.001,-0.0009,5.0,,,
2026-07-23T16:07:59+00:00,cs2-nip-echo-2026-07-23,over_ladder,cs2-nip-echo-2026-07-23-game1-round-total-33pt5,cs2-nip-echo-2026-07-23-game1-round-total-30pt5,0.01,0.009,0.001,-0.0009,5.0,,,
2026-07-23T16:08:19+00:00,cs2-nip-echo-2026-07-23,over_ladder,cs2-nip-echo-2026-07-23-game1-round-total-33pt5,cs2-nip-echo-2026-07-23-game1-round-total-30pt5,0.01,0.009,0.001,-0.0009,5.0,,,
2026-07-23T16:08:40+00:00,cs2-nip-echo-2026-07-23,over_ladder,cs2-nip-echo-2026-07-23-game1-round-total-33pt5,cs2-nip-echo-2026-07-23-game1-round-total-30pt5,0.01,0.009,0.001,-0.0009,5.0,,,
2026-07-23T16:09:00+00:00,cs2-nip-echo-2026-07-23,over_ladder,cs2-nip-echo-2026-07-23-game1-round-total-33pt5,cs2-nip-echo-2026-07-23-game1-round-total-30pt5,0.01,0.009,0.001,-0.0009,5.0,,,
2026-07-23T16:09:21+00:00,cs2-nip-echo-2026-07-23,over_ladder,cs2-nip-echo-2026-07-23-game1-round-total-33pt5,cs2-nip-echo-2026-07-23-game1-round-total-30pt5,0.01,0.009,0.001,-0.0009,5.0,,,
2026-07-23T16:09:41+00:00,cs2-nip-echo-2026-07-23,over_ladder,cs2-nip-echo-2026-07-23-game1-round-total-33pt5,cs2-nip-echo-2026-07-23-game1-round-total-30pt5,0.01,0.009,0.001,-0.0009,5.0,,,
2026-07-23T16:10:02+00:00,cs2-nip-echo-2026-07-23,over_ladder,cs2-nip-echo-2026-07-23-game1-round-total-33pt5,cs2-nip-echo-2026-07-23-game1-round-total-30pt5,0.01,0.009,0.001,-0.0009,5.0,,,
2026-07-23T16:10:22+00:00,cs2-nip-echo-2026-07-23,over_ladder,cs2-nip-echo-2026-07-23-game1-round-total-33pt5,cs2-nip-echo-2026-07-23-game1-round-total-30pt5,0.01,0.009,0.001,-0.0009,5.0,,,
2026-07-23T16:10:43+00:00,cs2-nip-echo-2026-07-23,over_ladder,cs2-nip-echo-2026-07-23-game1-round-total-33pt5,cs2-nip-echo-2026-07-23-game1-round-total-30pt5,0.01,0.009,0.001,-0.0009,5.0,,,
2026-07-23T16:11:03+00:00,cs2-nip-echo-2026-07-23,over_ladder,cs2-nip-echo-2026-07-23-game1-round-total-33pt5,cs2-nip-echo-2026-07-23-game1-round-total-30pt5,0.01,0.009,0.001,-0.0009,5.0,,,
2026-07-23T16:11:24+00:00,cs2-nip-echo-2026-07-23,over_ladder,cs2-nip-echo-2026-07-23-game1-round-total-33pt5,cs2-nip-echo-2026-07-23-game1-round-total-30pt5,0.01,0.009,0.001,-0.0009,5.0,,,
2026-07-23T16:11:44+00:00,cs2-nip-echo-2026-07-23,over_ladder,cs2-nip-echo-2026-07-23-game1-round-total-33pt5,cs2-nip-echo-2026-07-23-game1-round-total-30pt5,0.01,0.009,0.001,-0.0009,5.0,,,
2026-07-23T16:13:07+00:00,cs2-nip-echo-2026-07-23,over_ladder,cs2-nip-echo-2026-07-23-game1-round-total-33pt5,cs2-nip-echo-2026-07-23-game1-round-total-30pt5,0.01,0.009,0.001,-0.0009,5.0,,,
2026-07-23T16:13:28+00:00,cs2-nip-echo-2026-07-23,over_ladder,cs2-nip-echo-2026-07-23-game1-round-total-33pt5,cs2-nip-echo-2026-07-23-game1-round-total-30pt5,0.01,0.009,0.001,-0.0009,5.0,,,
2026-07-23T16:13:48+00:00,cs2-nip-echo-2026-07-23,over_ladder,cs2-nip-echo-2026-07-23-game1-round-total-33pt5,cs2-nip-echo-2026-07-23-game1-round-total-30pt5,0.01,0.009,0.001,-0.0009,5.0,,,
2026-07-23T16:14:09+00:00,cs2-nip-echo-2026-07-23,over_ladder,cs2-nip-echo-2026-07-23-game1-round-total-33pt5,cs2-nip-echo-2026-07-23-game1-round-total-30pt5,0.01,0.009,0.001,-0.0009,5.0,,,
2026-07-24T11:36:31+00:00,atp-hanfman-halys-2026-07-24,over_ladder,atp-hanfman-halys-2026-07-24-match-total-23pt5,atp-hanfman-halys-2026-07-24-match-total-22pt5,0.33,0.31,0.02,0.005,0.0,0.03,True,True
2026-07-24T11:36:57+00:00,atp-hanfman-halys-2026-07-24,over_ladder,atp-hanfman-halys-2026-07-24-match-total-23pt5,atp-hanfman-halys-2026-07-24-match-total-22pt5,0.33,0.27,0.06,0.045,0.0,0.06,True,True
2026-07-24T11:37:22+00:00,atp-hanfman-halys-2026-07-24,over_ladder,atp-hanfman-halys-2026-07-24-match-total-23pt5,atp-hanfman-halys-2026-07-24-match-total-22pt5,0.33,0.25,0.08,0.065,0.0,0.07,True,True
2026-07-24T11:37:48+00:00,atp-hanfman-halys-2026-07-24,over_ladder,atp-hanfman-halys-2026-07-24-match-total-23pt5,atp-hanfman-halys-2026-07-24-match-total-22pt5,0.33,0.15,0.18,0.165,0.0,0.18,True,True
2026-07-24T11:38:14+00:00,atp-hanfman-halys-2026-07-24,over_ladder,atp-hanfman-halys-2026-07-24-match-total-23pt5,atp-hanfman-halys-2026-07-24-match-total-22pt5,0.33,0.16,0.17,0.155,0.0,0.17,True,True
2026-07-24T11:38:39+00:00,atp-hanfman-halys-2026-07-24,over_ladder,atp-hanfman-halys-2026-07-24-match-total-23pt5,atp-hanfman-halys-2026-07-24-match-total-22pt5,0.33,0.16,0.17,0.155,0.0,0.17,True,True
2026-07-24T11:39:05+00:00,atp-hanfman-halys-2026-07-24,over_ladder,atp-hanfman-halys-2026-07-24-match-total-23pt5,atp-hanfman-halys-2026-07-24-match-total-22pt5,0.33,0.15,0.18,0.165,0.0,0.18,True,True
2026-07-24T19:38:09+00:00,mlb-stl-cin-2026-05-24,over_ladder,mlb-stl-cin-2026-05-24-total-12pt5,mlb-stl-cin-2026-05-24-total-11pt5,0.28,0.26,0.02,0.005,2.2,0.02,True,True
2026-07-24T19:38:35+00:00,mlb-stl-cin-2026-05-24,over_ladder,mlb-stl-cin-2026-05-24-total-12pt5,mlb-stl-cin-2026-05-24-total-11pt5,0.28,0.26,0.02,0.005,2.2,0.02,True,True
2026-07-24T19:39:01+00:00,mlb-stl-cin-2026-05-24,over_ladder,mlb-stl-cin-2026-05-24-total-12pt5,mlb-stl-cin-2026-05-24-total-11pt5,0.28,0.26,0.02,0.005,2.2,0.02,True,True
2026-07-24T19:39:27+00:00,mlb-stl-cin-2026-05-24,over_ladder,mlb-stl-cin-2026-05-24-total-12pt5,mlb-stl-cin-2026-05-24-total-11pt5,0.28,0.26,0.02,0.005,2.2,0.02,True,True
2026-07-24T19:39:53+00:00,mlb-stl-cin-2026-05-24,over_ladder,mlb-stl-cin-2026-05-24-total-12pt5,mlb-stl-cin-2026-05-24-total-11pt5,0.28,0.26,0.02,0.005,2.2,0.02,True,True
2026-07-24T19:40:18+00:00,mlb-stl-cin-2026-05-24,over_ladder,mlb-stl-cin-2026-05-24-total-12pt5,mlb-stl-cin-2026-05-24-total-11pt5,0.28,0.26,0.02,0.005,2.2,0.02,True,True
2026-07-24T19:40:44+00:00,mlb-stl-cin-2026-05-24,over_ladder,mlb-stl-cin-2026-05-24-total-12pt5,mlb-stl-cin-2026-05-24-total-11pt5,0.28,0.26,0.02,0.005,2.2,0.02,True,True
2026-07-24T19:41:10+00:00,mlb-stl-cin-2026-05-24,over_ladder,mlb-stl-cin-2026-05-24-total-12pt5,mlb-stl-cin-2026-05-24-total-11pt5,0.28,0.26,0.02,0.005,2.2,0.02,True,True
2026-07-24T19:41:36+00:00,mlb-stl-cin-2026-05-24,over_ladder,mlb-stl-cin-2026-05-24-total-12pt5,mlb-stl-cin-2026-05-24-total-11pt5,0.28,0.26,0.02,0.005,2.2,0.02,True,True
2026-07-24T19:42:02+00:00,mlb-stl-cin-2026-05-24,over_ladder,mlb-stl-cin-2026-05-24-total-12pt5,mlb-stl-cin-2026-05-24-total-11pt5,0.28,0.26,0.02,0.005,2.2,0.02,True,True
2026-07-24T19:42:28+00:00,mlb-stl-cin-2026-05-24,over_ladder,mlb-stl-cin-2026-05-24-total-12pt5,mlb-stl-cin-2026-05-24-total-11pt5,0.28,0.26,0.02,0.005,2.2,0.02,True,True
2026-07-24T19:42:54+00:00,mlb-stl-cin-2026-05-24,over_ladder,mlb-stl-cin-2026-05-24-total-12pt5,mlb-stl-cin-2026-05-24-total-11pt5,0.28,0.26,0.02,0.005,2.2,0.02,True,True
2026-07-24T19:43:20+00:00,mlb-stl-cin-2026-05-24,over_ladder,mlb-stl-cin-2026-05-24-total-12pt5,mlb-stl-cin-2026-05-24-total-11pt5,0.28,0.26,0.02,0.005,2.2,0.02,True,True
2026-07-24T19:43:46+00:00,mlb-stl-cin-2026-05-24,over_ladder,mlb-stl-cin-2026-05-24-total-12pt5,mlb-stl-cin-2026-05-24-total-11pt5,0.28,0.26,0.02,0.005,2.2,0.02,True,True
2026-07-24T19:44:12+00:00,mlb-stl-cin-2026-05-24,over_ladder,mlb-stl-cin-2026-05-24-total-12pt5,mlb-stl-cin-2026-05-24-total-11pt5,0.28,0.26,0.02,0.005,2.2,0.02,True,True
2026-07-24T19:44:12+00:00,atp-faria-darderi-2026-07-24,over_ladder,atp-faria-darderi-2026-07-24-match-total-22pt5,atp-faria-darderi-2026-07-24-match-total-21pt5,0.4,0.39,0.01,-0.005,8.0,,,
2026-07-24T19:44:38+00:00,mlb-stl-cin-2026-05-24,over_ladder,mlb-stl-cin-2026-05-24-total-12pt5,mlb-stl-cin-2026-05-24-total-11pt5,0.28,0.26,0.02,0.005,2.2,0.02,True,True
2026-07-24T19:45:04+00:00,mlb-stl-cin-2026-05-24,over_ladder,mlb-stl-cin-2026-05-24-total-12pt5,mlb-stl-cin-2026-05-24-total-11pt5,0.28,0.26,0.02,0.005,2.2,0.02,True,True
2026-07-24T19:45:30+00:00,mlb-stl-cin-2026-05-24,over_ladder,mlb-stl-cin-2026-05-24-total-12pt5,mlb-stl-cin-2026-05-24-total-11pt5,0.28,0.26,0.02,0.005,2.2,0.02,True,True
2026-07-24T19:45:56+00:00,mlb-stl-cin-2026-05-24,over_ladder,mlb-stl-cin-2026-05-24-total-12pt5,mlb-stl-cin-2026-05-24-total-11pt5,0.28,0.26,0.02,0.005,2.2,0.02,True,True
2026-07-24T19:46:22+00:00,mlb-stl-cin-2026-05-24,over_ladder,mlb-stl-cin-2026-05-24-total-12pt5,mlb-stl-cin-2026-05-24-total-11pt5,0.28,0.26,0.02,0.005,2.2,0.02,True,True
2026-07-24T19:46:47+00:00,mlb-stl-cin-2026-05-24,over_ladder,mlb-stl-cin-2026-05-24-total-12pt5,mlb-stl-cin-2026-05-24-total-11pt5,0.28,0.26,0.02,0.005,2.2,0.02,True,True
2026-07-24T19:47:13+00:00,mlb-stl-cin-2026-05-24,over_ladder,mlb-stl-cin-2026-05-24-total-12pt5,mlb-stl-cin-2026-05-24-total-11pt5,0.28,0.26,0.02,0.005,2.2,0.02,True,True
2026-07-24T19:47:39+00:00,mlb-stl-cin-2026-05-24,over_ladder,mlb-stl-cin-2026-05-24-total-12pt5,mlb-stl-cin-2026-05-24-total-11pt5,0.28,0.26,0.02,0.005,2.2,0.02,True,True
2026-07-24T19:48:05+00:00,mlb-stl-cin-2026-05-24,over_ladder,mlb-stl-cin-2026-05-24-total-12pt5,mlb-stl-cin-2026-05-24-total-11pt5,0.28,0.26,0.02,0.005,2.2,0.02,True,True
2026-07-24T19:49:33+00:00,mlb-stl-cin-2026-05-24,over_ladder,mlb-stl-cin-2026-05-24-total-12pt5,mlb-stl-cin-2026-05-24-total-11pt5,0.28,0.26,0.02,0.005,2.2,0.02,True,True
2026-07-24T19:50:00+00:00,mlb-stl-cin-2026-05-24,over_ladder,mlb-stl-cin-2026-05-24-total-12pt5,mlb-stl-cin-2026-05-24-total-11pt5,0.28,0.26,0.02,0.005,2.2,0.02,True,True
2026-07-24T19:50:25+00:00,mlb-stl-cin-2026-05-24,over_ladder,mlb-stl-cin-2026-05-24-total-12pt5,mlb-stl-cin-2026-05-24-total-11pt5,0.28,0.26,0.02,0.005,2.2,0.02,True,True
2026-07-24T19:50:51+00:00,mlb-stl-cin-2026-05-24,over_ladder,mlb-stl-cin-2026-05-24-total-12pt5,mlb-stl-cin-2026-05-24-total-11pt5,0.28,0.26,0.02,0.005,2.2,0.02,True,True
2026-07-24T19:51:17+00:00,mlb-stl-cin-2026-05-24,over_ladder,mlb-stl-cin-2026-05-24-total-12pt5,mlb-stl-cin-2026-05-24-total-11pt5,0.28,0.26,0.02,0.005,2.2,0.02,True,True
2026-07-24T19:51:43+00:00,mlb-stl-cin-2026-05-24,over_ladder,mlb-stl-cin-2026-05-24-total-12pt5,mlb-stl-cin-2026-05-24-total-11pt5,0.28,0.26,0.02,0.005,2.2,0.02,True,True
2026-07-24T19:52:09+00:00,mlb-stl-cin-2026-05-24,over_ladder,mlb-stl-cin-2026-05-24-total-12pt5,mlb-stl-cin-2026-05-24-total-11pt5,0.28,0.26,0.02,0.005,2.2,0.02,True,True
2026-07-24T19:52:35+00:00,mlb-stl-cin-2026-05-24,over_ladder,mlb-stl-cin-2026-05-24-total-12pt5,mlb-stl-cin-2026-05-24-total-11pt5,0.28,0.26,0.02,0.005,2.2,0.02,True,True
2026-07-24T19:53:01+00:00,mlb-stl-cin-2026-05-24,over_ladder,mlb-stl-cin-2026-05-24-total-12pt5,mlb-stl-cin-2026-05-24-total-11pt5,0.28,0.26,0.02,0.005,2.2,0.02,True,True
2026-07-24T19:53:27+00:00,mlb-stl-cin-2026-05-24,over_ladder,mlb-stl-cin-2026-05-24-total-12pt5,mlb-stl-cin-2026-05-24-total-11pt5,0.28,0.26,0.02,0.005,2.2,0.02,True,True
2026-07-24T19:53:53+00:00,mlb-stl-cin-2026-05-24,over_ladder,mlb-stl-cin-2026-05-24-total-12pt5,mlb-stl-cin-2026-05-24-total-11pt5,0.28,0.26,0.02,0.005,2.2,0.02,True,True
2026-07-24T19:54:18+00:00,mlb-stl-cin-2026-05-24,over_ladder,mlb-stl-cin-2026-05-24-total-12pt5,mlb-stl-cin-2026-05-24-total-11pt5,0.28,0.26,0.02,0.005,2.2,0.02,True,True
2026-07-24T19:54:44+00:00,mlb-stl-cin-2026-05-24,over_ladder,mlb-stl-cin-2026-05-24-total-12pt5,mlb-stl-cin-2026-05-24-total-11pt5,0.28,0.26,0.02,0.005,2.2,0.02,True,True
2026-07-24T19:55:10+00:00,mlb-stl-cin-2026-05-24,over_ladder,mlb-stl-cin-2026-05-24-total-12pt5,mlb-stl-cin-2026-05-24-total-11pt5,0.28,0.26,0.02,0.005,2.2,0.02,True,True
2026-07-24T19:55:36+00:00,mlb-stl-cin-2026-05-24,over_ladder,mlb-stl-cin-2026-05-24-total-12pt5,mlb-stl-cin-2026-05-24-total-11pt5,0.28,0.26,0.02,0.005,2.2,0.02,True,True
2026-07-24T19:56:02+00:00,mlb-stl-cin-2026-05-24,over_ladder,mlb-stl-cin-2026-05-24-total-12pt5,mlb-stl-cin-2026-05-24-total-11pt5,0.28,0.26,0.02,0.005,2.2,0.02,True,True
2026-07-24T19:56:28+00:00,mlb-stl-cin-2026-05-24,over_ladder,mlb-stl-cin-2026-05-24-total-12pt5,mlb-stl-cin-2026-05-24-total-11pt5,0.28,0.26,0.02,0.005,2.2,0.02,True,True
2026-07-24T19:56:54+00:00,mlb-stl-cin-2026-05-24,over_ladder,mlb-stl-cin-2026-05-24-total-12pt5,mlb-stl-cin-2026-05-24-total-11pt5,0.28,0.26,0.02,0.005,2.2,0.02,True,True
2026-07-24T19:57:20+00:00,mlb-stl-cin-2026-05-24,over_ladder,mlb-stl-cin-2026-05-24-total-12pt5,mlb-stl-cin-2026-05-24-total-11pt5,0.28,0.26,0.02,0.005,2.2,0.02,True,True
2026-07-24T19:57:46+00:00,mlb-stl-cin-2026-05-24,over_ladder,mlb-stl-cin-2026-05-24-total-12pt5,mlb-stl-cin-2026-05-24-total-11pt5,0.28,0.26,0.02,0.005,2.2,0.02,True,True
2026-07-24T19:58:12+00:00,mlb-stl-cin-2026-05-24,over_ladder,mlb-stl-cin-2026-05-24-total-12pt5,mlb-stl-cin-2026-05-24-total-11pt5,0.28,0.26,0.02,0.005,2.2,0.02,True,True
2026-07-24T19:59:40+00:00,mlb-stl-cin-2026-05-24,over_ladder,mlb-stl-cin-2026-05-24-total-12pt5,mlb-stl-cin-2026-05-24-total-11pt5,0.28,0.26,0.02,0.005,2.2,0.02,True,True
2026-07-24T20:00:06+00:00,mlb-stl-cin-2026-05-24,over_ladder,mlb-stl-cin-2026-05-24-total-12pt5,mlb-stl-cin-2026-05-24-total-11pt5,0.28,0.26,0.02,0.005,2.2,0.02,True,True
2026-07-24T20:00:33+00:00,mlb-stl-cin-2026-05-24,over_ladder,mlb-stl-cin-2026-05-24-total-12pt5,mlb-stl-cin-2026-05-24-total-11pt5,0.28,0.26,0.02,0.005,2.2,0.02,True,True
2026-07-24T20:00:59+00:00,mlb-stl-cin-2026-05-24,over_ladder,mlb-stl-cin-2026-05-24-total-12pt5,mlb-stl-cin-2026-05-24-total-11pt5,0.28,0.26,0.02,0.005,2.2,0.02,True,True
2026-07-24T20:01:24+00:00,mlb-stl-cin-2026-05-24,over_ladder,mlb-stl-cin-2026-05-24-total-12pt5,mlb-stl-cin-2026-05-24-total-11pt5,0.28,0.26,0.02,0.005,2.2,0.02,True,True
2026-07-24T20:01:50+00:00,mlb-stl-cin-2026-05-24,over_ladder,mlb-stl-cin-2026-05-24-total-12pt5,mlb-stl-cin-2026-05-24-total-11pt5,0.28,0.26,0.02,0.005,2.2,0.02,True,True
2026-07-24T20:02:16+00:00,mlb-stl-cin-2026-05-24,over_ladder,mlb-stl-cin-2026-05-24-total-12pt5,mlb-stl-cin-2026-05-24-total-11pt5,0.28,0.26,0.02,0.005,2.2,0.02,True,True
2026-07-24T20:02:42+00:00,mlb-stl-cin-2026-05-24,over_ladder,mlb-stl-cin-2026-05-24-total-12pt5,mlb-stl-cin-2026-05-24-total-11pt5,0.28,0.26,0.02,0.005,2.2,0.02,True,True
2026-07-24T20:03:08+00:00,mlb-stl-cin-2026-05-24,over_ladder,mlb-stl-cin-2026-05-24-total-12pt5,mlb-stl-cin-2026-05-24-total-11pt5,0.28,0.26,0.02,0.005,2.2,0.02,True,True
2026-07-24T20:03:34+00:00,mlb-stl-cin-2026-05-24,over_ladder,mlb-stl-cin-2026-05-24-total-12pt5,mlb-stl-cin-2026-05-24-total-11pt5,0.28,0.26,0.02,0.005,2.2,0.02,True,True
2026-07-24T20:04:00+00:00,mlb-stl-cin-2026-05-24,over_ladder,mlb-stl-cin-2026-05-24-total-12pt5,mlb-stl-cin-2026-05-24-total-11pt5,0.28,0.26,0.02,0.005,2.2,0.02,True,True
2026-07-24T20:04:26+00:00,mlb-stl-cin-2026-05-24,over_ladder,mlb-stl-cin-2026-05-24-total-12pt5,mlb-stl-cin-2026-05-24-total-11pt5,0.28,0.26,0.02,0.005,2.2,0.02,True,True
2026-07-24T20:04:52+00:00,mlb-stl-cin-2026-05-24,over_ladder,mlb-stl-cin-2026-05-24-total-12pt5,mlb-stl-cin-2026-05-24-total-11pt5,0.28,0.26,0.02,0.005,2.2,0.02,True,True
2026-07-24T20:05:18+00:00,mlb-stl-cin-2026-05-24,over_ladder,mlb-stl-cin-2026-05-24-total-12pt5,mlb-stl-cin-2026-05-24-total-11pt5,0.28,0.26,0.02,0.005,2.2,0.02,True,True
2026-07-24T20:05:44+00:00,mlb-stl-cin-2026-05-24,over_ladder,mlb-stl-cin-2026-05-24-total-12pt5,mlb-stl-cin-2026-05-24-total-11pt5,0.28,0.26,0.02,0.005,2.2,0.02,True,True
2026-07-24T20:06:10+00:00,mlb-stl-cin-2026-05-24,over_ladder,mlb-stl-cin-2026-05-24-total-12pt5,mlb-stl-cin-2026-05-24-total-11pt5,0.28,0.26,0.02,0.005,2.2,0.02,True,True
2026-07-24T20:06:36+00:00,mlb-stl-cin-2026-05-24,over_ladder,mlb-stl-cin-2026-05-24-total-12pt5,mlb-stl-cin-2026-05-24-total-11pt5,0.28,0.26,0.02,0.005,2.2,0.02,True,True
2026-07-24T20:07:01+00:00,mlb-stl-cin-2026-05-24,over_ladder,mlb-stl-cin-2026-05-24-total-12pt5,mlb-stl-cin-2026-05-24-total-11pt5,0.28,0.26,0.02,0.005,2.2,0.02,True,True
2026-07-24T20:07:28+00:00,mlb-stl-cin-2026-05-24,over_ladder,mlb-stl-cin-2026-05-24-total-12pt5,mlb-stl-cin-2026-05-24-total-11pt5,0.28,0.26,0.02,0.005,2.2,0.02,True,True
2026-07-24T20:07:53+00:00,mlb-stl-cin-2026-05-24,over_ladder,mlb-stl-cin-2026-05-24-total-12pt5,mlb-stl-cin-2026-05-24-total-11pt5,0.28,0.26,0.02,0.005,2.2,0.02,True,True
2026-07-24T20:08:19+00:00,mlb-stl-cin-2026-05-24,over_ladder,mlb-stl-cin-2026-05-24-total-12pt5,mlb-stl-cin-2026-05-24-total-11pt5,0.28,0.26,0.02,0.005,2.2,0.02,True,True
2026-07-24T20:09:48+00:00,mlb-stl-cin-2026-05-24,over_ladder,mlb-stl-cin-2026-05-24-total-12pt5,mlb-stl-cin-2026-05-24-total-11pt5,0.28,0.26,0.02,0.005,2.2,0.02,True,True
2026-07-24T20:10:14+00:00,mlb-stl-cin-2026-05-24,over_ladder,mlb-stl-cin-2026-05-24-total-12pt5,mlb-stl-cin-2026-05-24-total-11pt5,0.28,0.26,0.02,0.005,2.2,0.02,True,True
2026-07-24T20:10:40+00:00,mlb-stl-cin-2026-05-24,over_ladder,mlb-stl-cin-2026-05-24-total-12pt5,mlb-stl-cin-2026-05-24-total-11pt5,0.28,0.26,0.02,0.005,2.2,0.02,True,True
2026-07-24T20:11:06+00:00,mlb-stl-cin-2026-05-24,over_ladder,mlb-stl-cin-2026-05-24-total-12pt5,mlb-stl-cin-2026-05-24-total-11pt5,0.28,0.26,0.02,0.005,2.2,0.02,True,True
2026-07-24T20:11:32+00:00,mlb-stl-cin-2026-05-24,over_ladder,mlb-stl-cin-2026-05-24-total-12pt5,mlb-stl-cin-2026-05-24-total-11pt5,0.28,0.26,0.02,0.005,2.2,0.02,True,True
2026-07-24T20:11:58+00:00,mlb-stl-cin-2026-05-24,over_ladder,mlb-stl-cin-2026-05-24-total-12pt5,mlb-stl-cin-2026-05-24-total-11pt5,0.28,0.26,0.02,0.005,2.2,0.02,True,True
2026-07-24T20:12:24+00:00,mlb-stl-cin-2026-05-24,over_ladder,mlb-stl-cin-2026-05-24-total-12pt5,mlb-stl-cin-2026-05-24-total-11pt5,0.28,0.26,0.02,0.005,2.2,0.02,True,True
2026-07-24T20:12:49+00:00,mlb-stl-cin-2026-05-24,over_ladder,mlb-stl-cin-2026-05-24-total-12pt5,mlb-stl-cin-2026-05-24-total-11pt5,0.28,0.26,0.02,0.005,2.2,0.02,True,True
2026-07-24T20:13:15+00:00,mlb-stl-cin-2026-05-24,over_ladder,mlb-stl-cin-2026-05-24-total-12pt5,mlb-stl-cin-2026-05-24-total-11pt5,0.28,0.26,0.02,0.005,2.2,0.02,True,True
2026-07-24T20:13:41+00:00,mlb-stl-cin-2026-05-24,over_ladder,mlb-stl-cin-2026-05-24-total-12pt5,mlb-stl-cin-2026-05-24-total-11pt5,0.28,0.26,0.02,0.005,2.2,0.02,True,True
2026-07-24T20:14:07+00:00,mlb-stl-cin-2026-05-24,over_ladder,mlb-stl-cin-2026-05-24-total-12pt5,mlb-stl-cin-2026-05-24-total-11pt5,0.28,0.26,0.02,0.005,2.2,0.02,True,True
2026-07-24T20:14:33+00:00,mlb-stl-cin-2026-05-24,over_ladder,mlb-stl-cin-2026-05-24-total-12pt5,mlb-stl-cin-2026-05-24-total-11pt5,0.28,0.26,0.02,0.005,2.2,0.02,True,True
2026-07-24T20:14:59+00:00,mlb-stl-cin-2026-05-24,over_ladder,mlb-stl-cin-2026-05-24-total-12pt5,mlb-stl-cin-2026-05-24-total-11pt5,0.28,0.26,0.02,0.005,2.2,0.02,True,True
2026-07-24T20:15:25+00:00,mlb-stl-cin-2026-05-24,over_ladder,mlb-stl-cin-2026-05-24-total-12pt5,mlb-stl-cin-2026-05-24-total-11pt5,0.28,0.26,0.02,0.005,2.2,0.02,True,True
2026-07-24T20:15:51+00:00,mlb-stl-cin-2026-05-24,over_ladder,mlb-stl-cin-2026-05-24-total-12pt5,mlb-stl-cin-2026-05-24-total-11pt5,0.28,0.26,0.02,0.005,2.2,0.02,True,True
2026-07-24T20:16:17+00:00,mlb-stl-cin-2026-05-24,over_ladder,mlb-stl-cin-2026-05-24-total-12pt5,mlb-stl-cin-2026-05-24-total-11pt5,0.28,0.26,0.02,0.005,2.2,0.02,True,True
2026-07-24T20:16:43+00:00,mlb-stl-cin-2026-05-24,over_ladder,mlb-stl-cin-2026-05-24-total-12pt5,mlb-stl-cin-2026-05-24-total-11pt5,0.28,0.26,0.02,0.005,2.2,0.02,True,True
2026-07-24T20:17:09+00:00,mlb-stl-cin-2026-05-24,over_ladder,mlb-stl-cin-2026-05-24-total-12pt5,mlb-stl-cin-2026-05-24-total-11pt5,0.28,0.26,0.02,0.005,2.2,0.02,True,True
2026-07-24T20:17:35+00:00,mlb-stl-cin-2026-05-24,over_ladder,mlb-stl-cin-2026-05-24-total-12pt5,mlb-stl-cin-2026-05-24-total-11pt5,0.28,0.26,0.02,0.005,2.2,0.02,True,True
2026-07-24T20:18:01+00:00,mlb-stl-cin-2026-05-24,over_ladder,mlb-stl-cin-2026-05-24-total-12pt5,mlb-stl-cin-2026-05-24-total-11pt5,0.28,0.26,0.02,0.005,2.2,0.02,True,True
2026-07-24T20:18:27+00:00,mlb-stl-cin-2026-05-24,over_ladder,mlb-stl-cin-2026-05-24-total-12pt5,mlb-stl-cin-2026-05-24-total-11pt5,0.28,0.26,0.02,0.005,2.2,0.02,True,True
2026-07-24T20:19:55+00:00,mlb-stl-cin-2026-05-24,over_ladder,mlb-stl-cin-2026-05-24-total-12pt5,mlb-stl-cin-2026-05-24-total-11pt5,0.28,0.26,0.02,0.005,2.2,0.02,True,True
2026-07-24T20:20:21+00:00,mlb-stl-cin-2026-05-24,over_ladder,mlb-stl-cin-2026-05-24-total-12pt5,mlb-stl-cin-2026-05-24-total-11pt5,0.28,0.26,0.02,0.005,2.2,0.02,True,True
2026-07-24T20:20:47+00:00,mlb-stl-cin-2026-05-24,over_ladder,mlb-stl-cin-2026-05-24-total-12pt5,mlb-stl-cin-2026-05-24-total-11pt5,0.28,0.26,0.02,0.005,2.2,0.02,True,True
2026-07-24T20:21:13+00:00,mlb-stl-cin-2026-05-24,over_ladder,mlb-stl-cin-2026-05-24-total-12pt5,mlb-stl-cin-2026-05-24-total-11pt5,0.28,0.26,0.02,0.005,2.2,0.02,True,True
2026-07-24T20:21:39+00:00,mlb-stl-cin-2026-05-24,over_ladder,mlb-stl-cin-2026-05-24-total-12pt5,mlb-stl-cin-2026-05-24-total-11pt5,0.28,0.26,0.02,0.005,2.2,0.02,True,True
2026-07-24T20:22:05+00:00,mlb-stl-cin-2026-05-24,over_ladder,mlb-stl-cin-2026-05-24-total-12pt5,mlb-stl-cin-2026-05-24-total-11pt5,0.28,0.26,0.02,0.005,2.2,0.02,True,True
2026-07-24T20:22:31+00:00,mlb-stl-cin-2026-05-24,over_ladder,mlb-stl-cin-2026-05-24-total-12pt5,mlb-stl-cin-2026-05-24-total-11pt5,0.28,0.26,0.02,0.005,2.2,0.02,True,True
2026-07-24T20:22:57+00:00,mlb-stl-cin-2026-05-24,over_ladder,mlb-stl-cin-2026-05-24-total-12pt5,mlb-stl-cin-2026-05-24-total-11pt5,0.28,0.26,0.02,0.005,2.2,0.02,True,True
2026-07-24T20:23:22+00:00,mlb-stl-cin-2026-05-24,over_ladder,mlb-stl-cin-2026-05-24-total-12pt5,mlb-stl-cin-2026-05-24-total-11pt5,0.28,0.26,0.02,0.005,2.2,0.02,True,True
2026-07-24T20:23:48+00:00,mlb-stl-cin-2026-05-24,over_ladder,mlb-stl-cin-2026-05-24-total-12pt5,mlb-stl-cin-2026-05-24-total-11pt5,0.28,0.26,0.02,0.005,2.2,0.02,True,True
2026-07-24T20:24:14+00:00,mlb-stl-cin-2026-05-24,over_ladder,mlb-stl-cin-2026-05-24-total-12pt5,mlb-stl-cin-2026-05-24-total-11pt5,0.28,0.26,0.02,0.005,2.2,0.02,True,True
2026-07-24T20:24:40+00:00,mlb-stl-cin-2026-05-24,over_ladder,mlb-stl-cin-2026-05-24-total-12pt5,mlb-stl-cin-2026-05-24-total-11pt5,0.28,0.26,0.02,0.005,2.2,0.02,True,True
2026-07-24T20:25:06+00:00,mlb-stl-cin-2026-05-24,over_ladder,mlb-stl-cin-2026-05-24-total-12pt5,mlb-stl-cin-2026-05-24-total-11pt5,0.28,0.26,0.02,0.005,2.2,0.02,True,True
2026-07-24T20:25:32+00:00,mlb-stl-cin-2026-05-24,over_ladder,mlb-stl-cin-2026-05-24-total-12pt5,mlb-stl-cin-2026-05-24-total-11pt5,0.28,0.26,0.02,0.005,2.2,0.02,True,True
2026-07-24T20:25:58+00:00,mlb-stl-cin-2026-05-24,over_ladder,mlb-stl-cin-2026-05-24-total-12pt5,mlb-stl-cin-2026-05-24-total-11pt5,0.28,0.26,0.02,0.005,2.2,0.02,True,True
2026-07-24T20:26:23+00:00,mlb-stl-cin-2026-05-24,over_ladder,mlb-stl-cin-2026-05-24-total-12pt5,mlb-stl-cin-2026-05-24-total-11pt5,0.28,0.26,0.02,0.005,2.2,0.02,True,True
2026-07-24T20:26:50+00:00,mlb-stl-cin-2026-05-24,over_ladder,mlb-stl-cin-2026-05-24-total-12pt5,mlb-stl-cin-2026-05-24-total-11pt5,0.28,0.26,0.02,0.005,2.2,0.02,True,True
2026-07-24T20:27:16+00:00,mlb-stl-cin-2026-05-24,over_ladder,mlb-stl-cin-2026-05-24-total-12pt5,mlb-stl-cin-2026-05-24-total-11pt5,0.28,0.26,0.02,0.005,2.2,0.02,True,True
2026-07-24T20:27:41+00:00,mlb-stl-cin-2026-05-24,over_ladder,mlb-stl-cin-2026-05-24-total-12pt5,mlb-stl-cin-2026-05-24-total-11pt5,0.28,0.26,0.02,0.005,2.2,0.02,True,True
2026-07-24T20:28:07+00:00,mlb-stl-cin-2026-05-24,over_ladder,mlb-stl-cin-2026-05-24-total-12pt5,mlb-stl-cin-2026-05-24-total-11pt5,0.28,0.26,0.02,0.005,2.2,0.02,True,True
2026-07-24T20:28:33+00:00,mlb-stl-cin-2026-05-24,over_ladder,mlb-stl-cin-2026-05-24-total-12pt5,mlb-stl-cin-2026-05-24-total-11pt5,0.28,0.26,0.02,0.005,2.2,0.02,True,True
2026-07-24T20:30:01+00:00,mlb-stl-cin-2026-05-24,over_ladder,mlb-stl-cin-2026-05-24-total-12pt5,mlb-stl-cin-2026-05-24-total-11pt5,0.28,0.26,0.02,0.005,2.2,0.02,True,True
2026-07-24T20:30:27+00:00,mlb-stl-cin-2026-05-24,over_ladder,mlb-stl-cin-2026-05-24-total-12pt5,mlb-stl-cin-2026-05-24-total-11pt5,0.28,0.26,0.02,0.005,2.2,0.02,True,True
2026-07-24T20:30:53+00:00,mlb-stl-cin-2026-05-24,over_ladder,mlb-stl-cin-2026-05-24-total-12pt5,mlb-stl-cin-2026-05-24-total-11pt5,0.28,0.26,0.02,0.005,2.2,0.02,True,True
2026-07-24T20:31:19+00:00,mlb-stl-cin-2026-05-24,over_ladder,mlb-stl-cin-2026-05-24-total-12pt5,mlb-stl-cin-2026-05-24-total-11pt5,0.28,0.26,0.02,0.005,2.2,0.02,True,True
2026-07-24T20:31:45+00:00,mlb-stl-cin-2026-05-24,over_ladder,mlb-stl-cin-2026-05-24-total-12pt5,mlb-stl-cin-2026-05-24-total-11pt5,0.28,0.26,0.02,0.005,2.2,0.02,True,True
2026-07-24T20:32:11+00:00,mlb-stl-cin-2026-05-24,over_ladder,mlb-stl-cin-2026-05-24-total-12pt5,mlb-stl-cin-2026-05-24-total-11pt5,0.28,0.26,0.02,0.005,2.2,0.02,True,True
2026-07-24T20:32:37+00:00,mlb-stl-cin-2026-05-24,over_ladder,mlb-stl-cin-2026-05-24-total-12pt5,mlb-stl-cin-2026-05-24-total-11pt5,0.28,0.26,0.02,0.005,2.2,0.02,True,True
2026-07-24T20:33:03+00:00,mlb-stl-cin-2026-05-24,over_ladder,mlb-stl-cin-2026-05-24-total-12pt5,mlb-stl-cin-2026-05-24-total-11pt5,0.28,0.26,0.02,0.005,2.2,0.02,True,True
2026-07-24T20:33:29+00:00,mlb-stl-cin-2026-05-24,over_ladder,mlb-stl-cin-2026-05-24-total-12pt5,mlb-stl-cin-2026-05-24-total-11pt5,0.28,0.26,0.02,0.005,2.2,0.02,True,True
2026-07-24T20:33:55+00:00,mlb-stl-cin-2026-05-24,over_ladder,mlb-stl-cin-2026-05-24-total-12pt5,mlb-stl-cin-2026-05-24-total-11pt5,0.28,0.26,0.02,0.005,2.2,0.02,True,True
2026-07-24T20:34:21+00:00,mlb-stl-cin-2026-05-24,over_ladder,mlb-stl-cin-2026-05-24-total-12pt5,mlb-stl-cin-2026-05-24-total-11pt5,0.28,0.26,0.02,0.005,2.2,0.02,True,True
2026-07-24T20:34:47+00:00,mlb-stl-cin-2026-05-24,over_ladder,mlb-stl-cin-2026-05-24-total-12pt5,mlb-stl-cin-2026-05-24-total-11pt5,0.28,0.26,0.02,0.005,2.2,0.02,True,True
2026-07-24T20:35:12+00:00,mlb-stl-cin-2026-05-24,over_ladder,mlb-stl-cin-2026-05-24-total-12pt5,mlb-stl-cin-2026-05-24-total-11pt5,0.28,0.26,0.02,0.005,2.2,0.02,True,True
2026-07-24T20:35:38+00:00,mlb-stl-cin-2026-05-24,over_ladder,mlb-stl-cin-2026-05-24-total-12pt5,mlb-stl-cin-2026-05-24-total-11pt5,0.28,0.26,0.02,0.005,2.2,0.02,True,True
2026-07-24T20:36:04+00:00,mlb-stl-cin-2026-05-24,over_ladder,mlb-stl-cin-2026-05-24-total-12pt5,mlb-stl-cin-2026-05-24-total-11pt5,0.28,0.26,0.02,0.005,2.2,0.02,True,True
2026-07-24T20:36:30+00:00,mlb-stl-cin-2026-05-24,over_ladder,mlb-stl-cin-2026-05-24-total-12pt5,mlb-stl-cin-2026-05-24-total-11pt5,0.28,0.26,0.02,0.005,2.2,0.02,True,True
2026-07-24T20:36:56+00:00,mlb-stl-cin-2026-05-24,over_ladder,mlb-stl-cin-2026-05-24-total-12pt5,mlb-stl-cin-2026-05-24-total-11pt5,0.28,0.26,0.02,0.005,2.2,0.02,True,True
2026-07-24T20:37:22+00:00,mlb-stl-cin-2026-05-24,over_ladder,mlb-stl-cin-2026-05-24-total-12pt5,mlb-stl-cin-2026-05-24-total-11pt5,0.28,0.26,0.02,0.005,2.2,0.02,True,True
2026-07-24T20:37:48+00:00,mlb-stl-cin-2026-05-24,over_ladder,mlb-stl-cin-2026-05-24-total-12pt5,mlb-stl-cin-2026-05-24-total-11pt5,0.28,0.26,0.02,0.005,2.2,0.02,True,True
2026-07-24T20:38:14+00:00,mlb-stl-cin-2026-05-24,over_ladder,mlb-stl-cin-2026-05-24-total-12pt5,mlb-stl-cin-2026-05-24-total-11pt5,0.28,0.26,0.02,0.005,2.2,0.02,True,True
2026-07-24T20:38:40+00:00,mlb-stl-cin-2026-05-24,over_ladder,mlb-stl-cin-2026-05-24-total-12pt5,mlb-stl-cin-2026-05-24-total-11pt5,0.28,0.26,0.02,0.005,2.2,0.02,True,True
2026-07-24T20:40:08+00:00,mlb-stl-cin-2026-05-24,over_ladder,mlb-stl-cin-2026-05-24-total-12pt5,mlb-stl-cin-2026-05-24-total-11pt5,0.28,0.26,0.02,0.005,2.2,0.02,True,True
2026-07-24T20:40:34+00:00,mlb-stl-cin-2026-05-24,over_ladder,mlb-stl-cin-2026-05-24-total-12pt5,mlb-stl-cin-2026-05-24-total-11pt5,0.28,0.26,0.02,0.005,2.2,0.02,True,True
2026-07-24T20:41:00+00:00,mlb-stl-cin-2026-05-24,over_ladder,mlb-stl-cin-2026-05-24-total-12pt5,mlb-stl-cin-2026-05-24-total-11pt5,0.28,0.26,0.02,0.005,2.2,0.02,True,True
2026-07-24T20:41:26+00:00,mlb-stl-cin-2026-05-24,over_ladder,mlb-stl-cin-2026-05-24-total-12pt5,mlb-stl-cin-2026-05-24-total-11pt5,0.28,0.26,0.02,0.005,2.2,0.02,True,True
2026-07-24T20:41:52+00:00,mlb-stl-cin-2026-05-24,over_ladder,mlb-stl-cin-2026-05-24-total-12pt5,mlb-stl-cin-2026-05-24-total-11pt5,0.28,0.26,0.02,0.005,2.2,0.02,True,True
2026-07-24T20:42:18+00:00,mlb-stl-cin-2026-05-24,over_ladder,mlb-stl-cin-2026-05-24-total-12pt5,mlb-stl-cin-2026-05-24-total-11pt5,0.28,0.26,0.02,0.005,2.2,0.02,True,True
2026-07-24T20:42:44+00:00,mlb-stl-cin-2026-05-24,over_ladder,mlb-stl-cin-2026-05-24-total-12pt5,mlb-stl-cin-2026-05-24-total-11pt5,0.28,0.26,0.02,0.005,2.2,0.02,True,True
2026-07-24T20:43:10+00:00,mlb-stl-cin-2026-05-24,over_ladder,mlb-stl-cin-2026-05-24-total-12pt5,mlb-stl-cin-2026-05-24-total-11pt5,0.28,0.26,0.02,0.005,2.2,0.02,True,True
2026-07-24T20:43:35+00:00,mlb-stl-cin-2026-05-24,over_ladder,mlb-stl-cin-2026-05-24-total-12pt5,mlb-stl-cin-2026-05-24-total-11pt5,0.28,0.26,0.02,0.005,2.2,0.02,True,True
2026-07-24T20:44:01+00:00,mlb-stl-cin-2026-05-24,over_ladder,mlb-stl-cin-2026-05-24-total-12pt5,mlb-stl-cin-2026-05-24-total-11pt5,0.28,0.26,0.02,0.005,2.2,0.02,True,True
2026-07-24T20:44:27+00:00,mlb-stl-cin-2026-05-24,over_ladder,mlb-stl-cin-2026-05-24-total-12pt5,mlb-stl-cin-2026-05-24-total-11pt5,0.28,0.26,0.02,0.005,2.2,0.02,True,True
2026-07-24T20:44:53+00:00,mlb-stl-cin-2026-05-24,over_ladder,mlb-stl-cin-2026-05-24-total-12pt5,mlb-stl-cin-2026-05-24-total-11pt5,0.28,0.26,0.02,0.005,2.2,0.02,True,True
2026-07-24T20:45:19+00:00,mlb-stl-cin-2026-05-24,over_ladder,mlb-stl-cin-2026-05-24-total-12pt5,mlb-stl-cin-2026-05-24-total-11pt5,0.28,0.26,0.02,0.005,2.2,0.02,True,True
2026-07-24T20:45:45+00:00,mlb-stl-cin-2026-05-24,over_ladder,mlb-stl-cin-2026-05-24-total-12pt5,mlb-stl-cin-2026-05-24-total-11pt5,0.28,0.26,0.02,0.005,2.2,0.02,True,True
2026-07-24T20:46:11+00:00,mlb-stl-cin-2026-05-24,over_ladder,mlb-stl-cin-2026-05-24-total-12pt5,mlb-stl-cin-2026-05-24-total-11pt5,0.28,0.26,0.02,0.005,2.2,0.02,True,True
2026-07-24T20:46:36+00:00,mlb-stl-cin-2026-05-24,over_ladder,mlb-stl-cin-2026-05-24-total-12pt5,mlb-stl-cin-2026-05-24-total-11pt5,0.28,0.26,0.02,0.005,2.2,0.02,True,True
2026-07-24T20:47:02+00:00,mlb-stl-cin-2026-05-24,over_ladder,mlb-stl-cin-2026-05-24-total-12pt5,mlb-stl-cin-2026-05-24-total-11pt5,0.28,0.26,0.02,0.005,2.2,0.02,True,True
2026-07-24T20:47:28+00:00,mlb-stl-cin-2026-05-24,over_ladder,mlb-stl-cin-2026-05-24-total-12pt5,mlb-stl-cin-2026-05-24-total-11pt5,0.28,0.26,0.02,0.005,2.2,0.02,True,True
2026-07-24T20:47:54+00:00,mlb-stl-cin-2026-05-24,over_ladder,mlb-stl-cin-2026-05-24-total-12pt5,mlb-stl-cin-2026-05-24-total-11pt5,0.28,0.26,0.02,0.005,2.2,0.02,True,True
2026-07-24T20:48:20+00:00,mlb-stl-cin-2026-05-24,over_ladder,mlb-stl-cin-2026-05-24-total-12pt5,mlb-stl-cin-2026-05-24-total-11pt5,0.28,0.26,0.02,0.005,2.2,0.02,True,True
2026-07-24T20:48:46+00:00,mlb-stl-cin-2026-05-24,over_ladder,mlb-stl-cin-2026-05-24-total-12pt5,mlb-stl-cin-2026-05-24-total-11pt5,0.28,0.26,0.02,0.005,2.2,0.02,True,True
2026-07-24T20:50:14+00:00,mlb-stl-cin-2026-05-24,over_ladder,mlb-stl-cin-2026-05-24-total-12pt5,mlb-stl-cin-2026-05-24-total-11pt5,0.28,0.26,0.02,0.005,2.2,0.02,True,True
2026-07-24T20:50:40+00:00,mlb-stl-cin-2026-05-24,over_ladder,mlb-stl-cin-2026-05-24-total-12pt5,mlb-stl-cin-2026-05-24-total-11pt5,0.28,0.26,0.02,0.005,2.2,0.02,True,True
2026-07-24T20:51:06+00:00,mlb-stl-cin-2026-05-24,over_ladder,mlb-stl-cin-2026-05-24-total-12pt5,mlb-stl-cin-2026-05-24-total-11pt5,0.28,0.26,0.02,0.005,2.2,0.02,True,True
2026-07-24T20:51:32+00:00,mlb-stl-cin-2026-05-24,over_ladder,mlb-stl-cin-2026-05-24-total-12pt5,mlb-stl-cin-2026-05-24-total-11pt5,0.28,0.26,0.02,0.005,2.2,0.02,True,True
2026-07-24T20:51:58+00:00,mlb-stl-cin-2026-05-24,over_ladder,mlb-stl-cin-2026-05-24-total-12pt5,mlb-stl-cin-2026-05-24-total-11pt5,0.28,0.26,0.02,0.005,2.2,0.02,True,True
2026-07-24T20:52:24+00:00,mlb-stl-cin-2026-05-24,over_ladder,mlb-stl-cin-2026-05-24-total-12pt5,mlb-stl-cin-2026-05-24-total-11pt5,0.28,0.26,0.02,0.005,2.2,0.02,True,True
2026-07-24T20:52:50+00:00,mlb-stl-cin-2026-05-24,over_ladder,mlb-stl-cin-2026-05-24-total-12pt5,mlb-stl-cin-2026-05-24-total-11pt5,0.28,0.26,0.02,0.005,2.2,0.02,True,True
2026-07-24T20:53:16+00:00,mlb-stl-cin-2026-05-24,over_ladder,mlb-stl-cin-2026-05-24-total-12pt5,mlb-stl-cin-2026-05-24-total-11pt5,0.28,0.26,0.02,0.005,2.2,0.02,True,True
2026-07-24T20:53:42+00:00,mlb-stl-cin-2026-05-24,over_ladder,mlb-stl-cin-2026-05-24-total-12pt5,mlb-stl-cin-2026-05-24-total-11pt5,0.28,0.26,0.02,0.005,2.2,0.02,True,True
2026-07-24T20:54:07+00:00,mlb-stl-cin-2026-05-24,over_ladder,mlb-stl-cin-2026-05-24-total-12pt5,mlb-stl-cin-2026-05-24-total-11pt5,0.28,0.26,0.02,0.005,2.2,0.02,True,True
2026-07-24T20:54:33+00:00,mlb-stl-cin-2026-05-24,over_ladder,mlb-stl-cin-2026-05-24-total-12pt5,mlb-stl-cin-2026-05-24-total-11pt5,0.28,0.26,0.02,0.005,2.2,0.02,True,True
2026-07-24T20:54:59+00:00,mlb-stl-cin-2026-05-24,over_ladder,mlb-stl-cin-2026-05-24-total-12pt5,mlb-stl-cin-2026-05-24-total-11pt5,0.28,0.26,0.02,0.005,2.2,0.02,True,True
2026-07-24T20:55:25+00:00,mlb-stl-cin-2026-05-24,over_ladder,mlb-stl-cin-2026-05-24-total-12pt5,mlb-stl-cin-2026-05-24-total-11pt5,0.28,0.26,0.02,0.005,2.2,0.02,True,True
2026-07-24T20:55:51+00:00,mlb-stl-cin-2026-05-24,over_ladder,mlb-stl-cin-2026-05-24-total-12pt5,mlb-stl-cin-2026-05-24-total-11pt5,0.28,0.26,0.02,0.005,2.2,0.02,True,True
2026-07-24T20:56:17+00:00,mlb-stl-cin-2026-05-24,over_ladder,mlb-stl-cin-2026-05-24-total-12pt5,mlb-stl-cin-2026-05-24-total-11pt5,0.28,0.26,0.02,0.005,2.2,0.02,True,True
2026-07-24T20:56:43+00:00,mlb-stl-cin-2026-05-24,over_ladder,mlb-stl-cin-2026-05-24-total-12pt5,mlb-stl-cin-2026-05-24-total-11pt5,0.28,0.26,0.02,0.005,2.2,0.02,True,True
2026-07-24T20:57:09+00:00,mlb-stl-cin-2026-05-24,over_ladder,mlb-stl-cin-2026-05-24-total-12pt5,mlb-stl-cin-2026-05-24-total-11pt5,0.28,0.26,0.02,0.005,2.2,0.02,True,True
2026-07-24T20:57:35+00:00,mlb-stl-cin-2026-05-24,over_ladder,mlb-stl-cin-2026-05-24-total-12pt5,mlb-stl-cin-2026-05-24-total-11pt5,0.28,0.26,0.02,0.005,2.2,0.02,True,True
2026-07-24T20:58:01+00:00,mlb-stl-cin-2026-05-24,over_ladder,mlb-stl-cin-2026-05-24-total-12pt5,mlb-stl-cin-2026-05-24-total-11pt5,0.28,0.26,0.02,0.005,2.2,0.02,True,True
2026-07-24T20:58:27+00:00,mlb-stl-cin-2026-05-24,over_ladder,mlb-stl-cin-2026-05-24-total-12pt5,mlb-stl-cin-2026-05-24-total-11pt5,0.28,0.26,0.02,0.005,2.2,0.02,True,True
2026-07-24T20:58:52+00:00,mlb-stl-cin-2026-05-24,over_ladder,mlb-stl-cin-2026-05-24-total-12pt5,mlb-stl-cin-2026-05-24-total-11pt5,0.28,0.26,0.02,0.005,2.2,0.02,True,True
2026-07-24T21:00:21+00:00,mlb-stl-cin-2026-05-24,over_ladder,mlb-stl-cin-2026-05-24-total-12pt5,mlb-stl-cin-2026-05-24-total-11pt5,0.28,0.26,0.02,0.005,2.2,0.02,True,True
2026-07-24T21:00:47+00:00,mlb-stl-cin-2026-05-24,over_ladder,mlb-stl-cin-2026-05-24-total-12pt5,mlb-stl-cin-2026-05-24-total-11pt5,0.28,0.26,0.02,0.005,2.2,0.02,True,True
2026-07-24T21:01:13+00:00,mlb-stl-cin-2026-05-24,over_ladder,mlb-stl-cin-2026-05-24-total-12pt5,mlb-stl-cin-2026-05-24-total-11pt5,0.28,0.26,0.02,0.005,2.2,0.02,True,True
2026-07-24T21:01:39+00:00,mlb-stl-cin-2026-05-24,over_ladder,mlb-stl-cin-2026-05-24-total-12pt5,mlb-stl-cin-2026-05-24-total-11pt5,0.28,0.26,0.02,0.005,2.2,0.02,True,True
2026-07-24T21:02:04+00:00,mlb-stl-cin-2026-05-24,over_ladder,mlb-stl-cin-2026-05-24-total-12pt5,mlb-stl-cin-2026-05-24-total-11pt5,0.28,0.26,0.02,0.005,2.2,0.02,True,True
2026-07-24T21:02:30+00:00,mlb-stl-cin-2026-05-24,over_ladder,mlb-stl-cin-2026-05-24-total-12pt5,mlb-stl-cin-2026-05-24-total-11pt5,0.28,0.26,0.02,0.005,2.2,0.02,True,True
2026-07-24T21:02:56+00:00,mlb-stl-cin-2026-05-24,over_ladder,mlb-stl-cin-2026-05-24-total-12pt5,mlb-stl-cin-2026-05-24-total-11pt5,0.28,0.26,0.02,0.005,2.2,0.02,True,True
2026-07-24T21:03:22+00:00,mlb-stl-cin-2026-05-24,over_ladder,mlb-stl-cin-2026-05-24-total-12pt5,mlb-stl-cin-2026-05-24-total-11pt5,0.28,0.26,0.02,0.005,2.2,0.02,True,True
2026-07-24T21:03:48+00:00,mlb-stl-cin-2026-05-24,over_ladder,mlb-stl-cin-2026-05-24-total-12pt5,mlb-stl-cin-2026-05-24-total-11pt5,0.28,0.26,0.02,0.005,2.2,0.02,True,True
2026-07-24T21:04:15+00:00,mlb-stl-cin-2026-05-24,over_ladder,mlb-stl-cin-2026-05-24-total-12pt5,mlb-stl-cin-2026-05-24-total-11pt5,0.28,0.26,0.02,0.005,2.2,0.02,True,True
2026-07-24T21:04:40+00:00,mlb-stl-cin-2026-05-24,over_ladder,mlb-stl-cin-2026-05-24-total-12pt5,mlb-stl-cin-2026-05-24-total-11pt5,0.28,0.26,0.02,0.005,2.2,0.02,True,True
2026-07-24T21:05:06+00:00,mlb-stl-cin-2026-05-24,over_ladder,mlb-stl-cin-2026-05-24-total-12pt5,mlb-stl-cin-2026-05-24-total-11pt5,0.28,0.26,0.02,0.005,2.2,0.02,True,True
2026-07-24T21:05:32+00:00,mlb-stl-cin-2026-05-24,over_ladder,mlb-stl-cin-2026-05-24-total-12pt5,mlb-stl-cin-2026-05-24-total-11pt5,0.28,0.26,0.02,0.005,2.2,0.02,True,True
2026-07-24T21:05:58+00:00,mlb-stl-cin-2026-05-24,over_ladder,mlb-stl-cin-2026-05-24-total-12pt5,mlb-stl-cin-2026-05-24-total-11pt5,0.28,0.26,0.02,0.005,2.2,0.02,True,True
2026-07-24T21:06:24+00:00,mlb-stl-cin-2026-05-24,over_ladder,mlb-stl-cin-2026-05-24-total-12pt5,mlb-stl-cin-2026-05-24-total-11pt5,0.28,0.26,0.02,0.005,2.2,0.02,True,True
2026-07-24T21:06:50+00:00,mlb-stl-cin-2026-05-24,over_ladder,mlb-stl-cin-2026-05-24-total-12pt5,mlb-stl-cin-2026-05-24-total-11pt5,0.28,0.26,0.02,0.005,2.2,0.02,True,True
2026-07-24T21:07:16+00:00,mlb-stl-cin-2026-05-24,over_ladder,mlb-stl-cin-2026-05-24-total-12pt5,mlb-stl-cin-2026-05-24-total-11pt5,0.28,0.26,0.02,0.005,2.2,0.02,True,True
2026-07-24T21:07:42+00:00,mlb-stl-cin-2026-05-24,over_ladder,mlb-stl-cin-2026-05-24-total-12pt5,mlb-stl-cin-2026-05-24-total-11pt5,0.28,0.26,0.02,0.005,2.2,0.02,True,True
2026-07-24T21:08:08+00:00,mlb-stl-cin-2026-05-24,over_ladder,mlb-stl-cin-2026-05-24-total-12pt5,mlb-stl-cin-2026-05-24-total-11pt5,0.28,0.26,0.02,0.005,2.2,0.02,True,True
2026-07-24T21:08:33+00:00,mlb-stl-cin-2026-05-24,over_ladder,mlb-stl-cin-2026-05-24-total-12pt5,mlb-stl-cin-2026-05-24-total-11pt5,0.28,0.26,0.02,0.005,2.2,0.02,True,True
2026-07-24T21:09:00+00:00,mlb-stl-cin-2026-05-24,over_ladder,mlb-stl-cin-2026-05-24-total-12pt5,mlb-stl-cin-2026-05-24-total-11pt5,0.28,0.26,0.02,0.005,2.2,0.02,True,True
2026-07-24T21:10:28+00:00,mlb-stl-cin-2026-05-24,over_ladder,mlb-stl-cin-2026-05-24-total-12pt5,mlb-stl-cin-2026-05-24-total-11pt5,0.28,0.26,0.02,0.005,2.2,0.02,True,True
2026-07-24T21:10:54+00:00,mlb-stl-cin-2026-05-24,over_ladder,mlb-stl-cin-2026-05-24-total-12pt5,mlb-stl-cin-2026-05-24-total-11pt5,0.28,0.26,0.02,0.005,2.2,0.02,True,True
2026-07-24T21:11:20+00:00,mlb-stl-cin-2026-05-24,over_ladder,mlb-stl-cin-2026-05-24-total-12pt5,mlb-stl-cin-2026-05-24-total-11pt5,0.28,0.26,0.02,0.005,2.2,0.02,True,True
2026-07-24T21:11:46+00:00,mlb-stl-cin-2026-05-24,over_ladder,mlb-stl-cin-2026-05-24-total-12pt5,mlb-stl-cin-2026-05-24-total-11pt5,0.28,0.26,0.02,0.005,2.2,0.02,True,True
2026-07-24T21:12:12+00:00,mlb-stl-cin-2026-05-24,over_ladder,mlb-stl-cin-2026-05-24-total-12pt5,mlb-stl-cin-2026-05-24-total-11pt5,0.28,0.26,0.02,0.005,2.2,0.02,True,True
2026-07-24T21:12:37+00:00,mlb-stl-cin-2026-05-24,over_ladder,mlb-stl-cin-2026-05-24-total-12pt5,mlb-stl-cin-2026-05-24-total-11pt5,0.28,0.26,0.02,0.005,2.2,0.02,True,True
2026-07-24T21:13:03+00:00,mlb-stl-cin-2026-05-24,over_ladder,mlb-stl-cin-2026-05-24-total-12pt5,mlb-stl-cin-2026-05-24-total-11pt5,0.28,0.26,0.02,0.005,2.2,0.02,True,True
2026-07-24T21:13:29+00:00,mlb-stl-cin-2026-05-24,over_ladder,mlb-stl-cin-2026-05-24-total-12pt5,mlb-stl-cin-2026-05-24-total-11pt5,0.28,0.26,0.02,0.005,2.2,0.02,True,True
2026-07-24T21:13:55+00:00,mlb-stl-cin-2026-05-24,over_ladder,mlb-stl-cin-2026-05-24-total-12pt5,mlb-stl-cin-2026-05-24-total-11pt5,0.28,0.26,0.02,0.005,2.2,0.02,True,True
2026-07-24T21:14:21+00:00,mlb-stl-cin-2026-05-24,over_ladder,mlb-stl-cin-2026-05-24-total-12pt5,mlb-stl-cin-2026-05-24-total-11pt5,0.28,0.26,0.02,0.005,2.2,0.02,True,True
2026-07-24T21:14:47+00:00,mlb-stl-cin-2026-05-24,over_ladder,mlb-stl-cin-2026-05-24-total-12pt5,mlb-stl-cin-2026-05-24-total-11pt5,0.28,0.26,0.02,0.005,2.2,0.02,True,True
2026-07-24T21:15:13+00:00,mlb-stl-cin-2026-05-24,over_ladder,mlb-stl-cin-2026-05-24-total-12pt5,mlb-stl-cin-2026-05-24-total-11pt5,0.28,0.26,0.02,0.005,2.2,0.02,True,True
2026-07-24T21:15:39+00:00,mlb-stl-cin-2026-05-24,over_ladder,mlb-stl-cin-2026-05-24-total-12pt5,mlb-stl-cin-2026-05-24-total-11pt5,0.28,0.26,0.02,0.005,2.2,0.02,True,True
2026-07-24T21:16:05+00:00,mlb-stl-cin-2026-05-24,over_ladder,mlb-stl-cin-2026-05-24-total-12pt5,mlb-stl-cin-2026-05-24-total-11pt5,0.28,0.26,0.02,0.005,2.2,0.02,True,True
2026-07-24T21:16:31+00:00,mlb-stl-cin-2026-05-24,over_ladder,mlb-stl-cin-2026-05-24-total-12pt5,mlb-stl-cin-2026-05-24-total-11pt5,0.28,0.26,0.02,0.005,2.2,0.02,True,True
2026-07-24T21:16:57+00:00,mlb-stl-cin-2026-05-24,over_ladder,mlb-stl-cin-2026-05-24-total-12pt5,mlb-stl-cin-2026-05-24-total-11pt5,0.28,0.26,0.02,0.005,2.2,0.02,True,True
2026-07-24T21:17:22+00:00,mlb-stl-cin-2026-05-24,over_ladder,mlb-stl-cin-2026-05-24-total-12pt5,mlb-stl-cin-2026-05-24-total-11pt5,0.28,0.26,0.02,0.005,2.2,0.02,True,True
2026-07-24T21:17:48+00:00,mlb-stl-cin-2026-05-24,over_ladder,mlb-stl-cin-2026-05-24-total-12pt5,mlb-stl-cin-2026-05-24-total-11pt5,0.28,0.26,0.02,0.005,2.2,0.02,True,True
2026-07-24T21:18:14+00:00,mlb-stl-cin-2026-05-24,over_ladder,mlb-stl-cin-2026-05-24-total-12pt5,mlb-stl-cin-2026-05-24-total-11pt5,0.28,0.26,0.02,0.005,2.2,0.02,True,True
2026-07-24T21:18:40+00:00,mlb-stl-cin-2026-05-24,over_ladder,mlb-stl-cin-2026-05-24-total-12pt5,mlb-stl-cin-2026-05-24-total-11pt5,0.28,0.26,0.02,0.005,2.2,0.02,True,True
2026-07-24T21:19:06+00:00,mlb-stl-cin-2026-05-24,over_ladder,mlb-stl-cin-2026-05-24-total-12pt5,mlb-stl-cin-2026-05-24-total-11pt5,0.28,0.26,0.02,0.005,2.2,0.02,True,True
2026-07-24T21:20:34+00:00,mlb-stl-cin-2026-05-24,over_ladder,mlb-stl-cin-2026-05-24-total-12pt5,mlb-stl-cin-2026-05-24-total-11pt5,0.28,0.26,0.02,0.005,2.2,0.02,True,True
2026-07-24T21:21:00+00:00,mlb-stl-cin-2026-05-24,over_ladder,mlb-stl-cin-2026-05-24-total-12pt5,mlb-stl-cin-2026-05-24-total-11pt5,0.28,0.26,0.02,0.005,2.2,0.02,True,True
2026-07-24T21:21:26+00:00,mlb-stl-cin-2026-05-24,over_ladder,mlb-stl-cin-2026-05-24-total-12pt5,mlb-stl-cin-2026-05-24-total-11pt5,0.28,0.26,0.02,0.005,2.2,0.02,True,True
2026-07-24T21:21:52+00:00,mlb-stl-cin-2026-05-24,over_ladder,mlb-stl-cin-2026-05-24-total-12pt5,mlb-stl-cin-2026-05-24-total-11pt5,0.28,0.26,0.02,0.005,2.2,0.02,True,True
2026-07-24T21:22:18+00:00,mlb-stl-cin-2026-05-24,over_ladder,mlb-stl-cin-2026-05-24-total-12pt5,mlb-stl-cin-2026-05-24-total-11pt5,0.28,0.26,0.02,0.005,2.2,0.02,True,True
2026-07-24T21:22:44+00:00,mlb-stl-cin-2026-05-24,over_ladder,mlb-stl-cin-2026-05-24-total-12pt5,mlb-stl-cin-2026-05-24-total-11pt5,0.28,0.26,0.02,0.005,2.2,0.02,True,True
2026-07-24T21:23:10+00:00,mlb-stl-cin-2026-05-24,over_ladder,mlb-stl-cin-2026-05-24-total-12pt5,mlb-stl-cin-2026-05-24-total-11pt5,0.28,0.26,0.02,0.005,2.2,0.02,True,True
2026-07-24T21:23:35+00:00,mlb-stl-cin-2026-05-24,over_ladder,mlb-stl-cin-2026-05-24-total-12pt5,mlb-stl-cin-2026-05-24-total-11pt5,0.28,0.26,0.02,0.005,2.2,0.02,True,True
2026-07-24T21:24:01+00:00,mlb-stl-cin-2026-05-24,over_ladder,mlb-stl-cin-2026-05-24-total-12pt5,mlb-stl-cin-2026-05-24-total-11pt5,0.28,0.26,0.02,0.005,2.2,0.02,True,True
2026-07-24T21:24:27+00:00,mlb-stl-cin-2026-05-24,over_ladder,mlb-stl-cin-2026-05-24-total-12pt5,mlb-stl-cin-2026-05-24-total-11pt5,0.28,0.26,0.02,0.005,2.2,0.02,True,True
2026-07-24T21:24:53+00:00,mlb-stl-cin-2026-05-24,over_ladder,mlb-stl-cin-2026-05-24-total-12pt5,mlb-stl-cin-2026-05-24-total-11pt5,0.28,0.26,0.02,0.005,2.2,0.02,True,True
2026-07-24T21:25:19+00:00,mlb-stl-cin-2026-05-24,over_ladder,mlb-stl-cin-2026-05-24-total-12pt5,mlb-stl-cin-2026-05-24-total-11pt5,0.28,0.26,0.02,0.005,2.2,0.02,True,True
2026-07-24T21:25:45+00:00,mlb-stl-cin-2026-05-24,over_ladder,mlb-stl-cin-2026-05-24-total-12pt5,mlb-stl-cin-2026-05-24-total-11pt5,0.28,0.26,0.02,0.005,2.2,0.02,True,True
2026-07-24T21:26:11+00:00,mlb-stl-cin-2026-05-24,over_ladder,mlb-stl-cin-2026-05-24-total-12pt5,mlb-stl-cin-2026-05-24-total-11pt5,0.28,0.26,0.02,0.005,2.2,0.02,True,True
2026-07-24T21:26:37+00:00,mlb-stl-cin-2026-05-24,over_ladder,mlb-stl-cin-2026-05-24-total-12pt5,mlb-stl-cin-2026-05-24-total-11pt5,0.28,0.26,0.02,0.005,2.2,0.02,True,True
2026-07-24T21:27:02+00:00,mlb-stl-cin-2026-05-24,over_ladder,mlb-stl-cin-2026-05-24-total-12pt5,mlb-stl-cin-2026-05-24-total-11pt5,0.28,0.26,0.02,0.005,2.2,0.02,True,True
2026-07-24T21:27:28+00:00,mlb-stl-cin-2026-05-24,over_ladder,mlb-stl-cin-2026-05-24-total-12pt5,mlb-stl-cin-2026-05-24-total-11pt5,0.28,0.26,0.02,0.005,2.2,0.02,True,True
2026-07-24T21:27:54+00:00,mlb-stl-cin-2026-05-24,over_ladder,mlb-stl-cin-2026-05-24-total-12pt5,mlb-stl-cin-2026-05-24-total-11pt5,0.28,0.26,0.02,0.005,2.2,0.02,True,True
2026-07-24T21:28:20+00:00,mlb-stl-cin-2026-05-24,over_ladder,mlb-stl-cin-2026-05-24-total-12pt5,mlb-stl-cin-2026-05-24-total-11pt5,0.28,0.26,0.02,0.005,2.2,0.02,True,True
2026-07-24T21:28:46+00:00,mlb-stl-cin-2026-05-24,over_ladder,mlb-stl-cin-2026-05-24-total-12pt5,mlb-stl-cin-2026-05-24-total-11pt5,0.28,0.26,0.02,0.005,2.2,0.02,True,True
2026-07-24T21:29:12+00:00,mlb-stl-cin-2026-05-24,over_ladder,mlb-stl-cin-2026-05-24-total-12pt5,mlb-stl-cin-2026-05-24-total-11pt5,0.28,0.26,0.02,0.005,2.2,0.02,True,True
2026-07-24T21:30:40+00:00,mlb-stl-cin-2026-05-24,over_ladder,mlb-stl-cin-2026-05-24-total-12pt5,mlb-stl-cin-2026-05-24-total-11pt5,0.28,0.26,0.02,0.005,2.2,0.02,True,True
2026-07-24T21:31:06+00:00,mlb-stl-cin-2026-05-24,over_ladder,mlb-stl-cin-2026-05-24-total-12pt5,mlb-stl-cin-2026-05-24-total-11pt5,0.28,0.26,0.02,0.005,2.2,0.02,True,True
2026-07-24T21:31:32+00:00,mlb-stl-cin-2026-05-24,over_ladder,mlb-stl-cin-2026-05-24-total-12pt5,mlb-stl-cin-2026-05-24-total-11pt5,0.28,0.26,0.02,0.005,2.2,0.02,True,True
2026-07-24T21:31:58+00:00,mlb-stl-cin-2026-05-24,over_ladder,mlb-stl-cin-2026-05-24-total-12pt5,mlb-stl-cin-2026-05-24-total-11pt5,0.28,0.26,0.02,0.005,2.2,0.02,True,True
2026-07-24T21:32:24+00:00,mlb-stl-cin-2026-05-24,over_ladder,mlb-stl-cin-2026-05-24-total-12pt5,mlb-stl-cin-2026-05-24-total-11pt5,0.28,0.26,0.02,0.005,2.2,0.02,True,True
2026-07-24T21:32:50+00:00,mlb-stl-cin-2026-05-24,over_ladder,mlb-stl-cin-2026-05-24-total-12pt5,mlb-stl-cin-2026-05-24-total-11pt5,0.28,0.26,0.02,0.005,2.2,0.02,True,True
2026-07-24T21:33:16+00:00,mlb-stl-cin-2026-05-24,over_ladder,mlb-stl-cin-2026-05-24-total-12pt5,mlb-stl-cin-2026-05-24-total-11pt5,0.28,0.26,0.02,0.005,2.2,0.02,True,True
2026-07-24T21:33:41+00:00,mlb-stl-cin-2026-05-24,over_ladder,mlb-stl-cin-2026-05-24-total-12pt5,mlb-stl-cin-2026-05-24-total-11pt5,0.28,0.26,0.02,0.005,2.2,0.02,True,True
2026-07-24T21:34:07+00:00,mlb-stl-cin-2026-05-24,over_ladder,mlb-stl-cin-2026-05-24-total-12pt5,mlb-stl-cin-2026-05-24-total-11pt5,0.28,0.26,0.02,0.005,2.2,0.02,True,True
2026-07-24T21:34:33+00:00,mlb-stl-cin-2026-05-24,over_ladder,mlb-stl-cin-2026-05-24-total-12pt5,mlb-stl-cin-2026-05-24-total-11pt5,0.28,0.26,0.02,0.005,2.2,0.02,True,True
2026-07-24T21:34:59+00:00,mlb-stl-cin-2026-05-24,over_ladder,mlb-stl-cin-2026-05-24-total-12pt5,mlb-stl-cin-2026-05-24-total-11pt5,0.28,0.26,0.02,0.005,2.2,0.02,True,True
2026-07-24T21:35:25+00:00,mlb-stl-cin-2026-05-24,over_ladder,mlb-stl-cin-2026-05-24-total-12pt5,mlb-stl-cin-2026-05-24-total-11pt5,0.28,0.26,0.02,0.005,2.2,0.02,True,True
2026-07-24T21:35:51+00:00,mlb-stl-cin-2026-05-24,over_ladder,mlb-stl-cin-2026-05-24-total-12pt5,mlb-stl-cin-2026-05-24-total-11pt5,0.28,0.26,0.02,0.005,2.2,0.02,True,True
2026-07-24T21:36:17+00:00,mlb-stl-cin-2026-05-24,over_ladder,mlb-stl-cin-2026-05-24-total-12pt5,mlb-stl-cin-2026-05-24-total-11pt5,0.28,0.26,0.02,0.005,2.2,0.02,True,True
2026-07-24T21:36:43+00:00,mlb-stl-cin-2026-05-24,over_ladder,mlb-stl-cin-2026-05-24-total-12pt5,mlb-stl-cin-2026-05-24-total-11pt5,0.28,0.26,0.02,0.005,2.2,0.02,True,True
2026-07-24T21:37:09+00:00,mlb-stl-cin-2026-05-24,over_ladder,mlb-stl-cin-2026-05-24-total-12pt5,mlb-stl-cin-2026-05-24-total-11pt5,0.28,0.26,0.02,0.005,2.2,0.02,True,True
2026-07-24T21:37:34+00:00,mlb-stl-cin-2026-05-24,over_ladder,mlb-stl-cin-2026-05-24-total-12pt5,mlb-stl-cin-2026-05-24-total-11pt5,0.28,0.26,0.02,0.005,2.2,0.02,True,True
2026-07-24T21:38:00+00:00,mlb-stl-cin-2026-05-24,over_ladder,mlb-stl-cin-2026-05-24-total-12pt5,mlb-stl-cin-2026-05-24-total-11pt5,0.28,0.26,0.02,0.005,2.2,0.02,True,True
2026-07-24T21:38:26+00:00,mlb-stl-cin-2026-05-24,over_ladder,mlb-stl-cin-2026-05-24-total-12pt5,mlb-stl-cin-2026-05-24-total-11pt5,0.28,0.26,0.02,0.005,2.2,0.02,True,True
2026-07-24T21:38:52+00:00,mlb-stl-cin-2026-05-24,over_ladder,mlb-stl-cin-2026-05-24-total-12pt5,mlb-stl-cin-2026-05-24-total-11pt5,0.28,0.26,0.02,0.005,2.2,0.02,True,True
2026-07-24T21:39:18+00:00,mlb-stl-cin-2026-05-24,over_ladder,mlb-stl-cin-2026-05-24-total-12pt5,mlb-stl-cin-2026-05-24-total-11pt5,0.28,0.26,0.02,0.005,2.2,0.02,True,True
2026-07-24T21:40:46+00:00,mlb-stl-cin-2026-05-24,over_ladder,mlb-stl-cin-2026-05-24-total-12pt5,mlb-stl-cin-2026-05-24-total-11pt5,0.28,0.26,0.02,0.005,2.2,0.02,True,True
2026-07-24T21:41:12+00:00,mlb-stl-cin-2026-05-24,over_ladder,mlb-stl-cin-2026-05-24-total-12pt5,mlb-stl-cin-2026-05-24-total-11pt5,0.28,0.26,0.02,0.005,2.2,0.02,True,True
2026-07-24T21:41:38+00:00,mlb-stl-cin-2026-05-24,over_ladder,mlb-stl-cin-2026-05-24-total-12pt5,mlb-stl-cin-2026-05-24-total-11pt5,0.28,0.26,0.02,0.005,2.2,0.02,True,True
2026-07-24T21:42:04+00:00,mlb-stl-cin-2026-05-24,over_ladder,mlb-stl-cin-2026-05-24-total-12pt5,mlb-stl-cin-2026-05-24-total-11pt5,0.28,0.26,0.02,0.005,2.2,0.02,True,True
2026-07-24T21:42:30+00:00,mlb-stl-cin-2026-05-24,over_ladder,mlb-stl-cin-2026-05-24-total-12pt5,mlb-stl-cin-2026-05-24-total-11pt5,0.28,0.26,0.02,0.005,2.2,0.02,True,True
2026-07-24T21:42:56+00:00,mlb-stl-cin-2026-05-24,over_ladder,mlb-stl-cin-2026-05-24-total-12pt5,mlb-stl-cin-2026-05-24-total-11pt5,0.28,0.26,0.02,0.005,2.2,0.02,True,True
2026-07-24T21:43:22+00:00,mlb-stl-cin-2026-05-24,over_ladder,mlb-stl-cin-2026-05-24-total-12pt5,mlb-stl-cin-2026-05-24-total-11pt5,0.28,0.26,0.02,0.005,2.2,0.02,True,True
2026-07-24T21:43:47+00:00,mlb-stl-cin-2026-05-24,over_ladder,mlb-stl-cin-2026-05-24-total-12pt5,mlb-stl-cin-2026-05-24-total-11pt5,0.28,0.26,0.02,0.005,2.2,0.02,True,True
2026-07-24T21:44:13+00:00,mlb-stl-cin-2026-05-24,over_ladder,mlb-stl-cin-2026-05-24-total-12pt5,mlb-stl-cin-2026-05-24-total-11pt5,0.28,0.26,0.02,0.005,2.2,0.02,True,True
2026-07-24T21:44:39+00:00,mlb-stl-cin-2026-05-24,over_ladder,mlb-stl-cin-2026-05-24-total-12pt5,mlb-stl-cin-2026-05-24-total-11pt5,0.28,0.26,0.02,0.005,2.2,0.02,True,True
2026-07-24T21:45:05+00:00,mlb-stl-cin-2026-05-24,over_ladder,mlb-stl-cin-2026-05-24-total-12pt5,mlb-stl-cin-2026-05-24-total-11pt5,0.28,0.26,0.02,0.005,2.2,0.02,True,True
2026-07-24T21:45:31+00:00,mlb-stl-cin-2026-05-24,over_ladder,mlb-stl-cin-2026-05-24-total-12pt5,mlb-stl-cin-2026-05-24-total-11pt5,0.28,0.26,0.02,0.005,2.2,0.02,True,True
2026-07-24T21:45:57+00:00,mlb-stl-cin-2026-05-24,over_ladder,mlb-stl-cin-2026-05-24-total-12pt5,mlb-stl-cin-2026-05-24-total-11pt5,0.28,0.26,0.02,0.005,2.2,0.02,True,True
2026-07-24T21:46:23+00:00,mlb-stl-cin-2026-05-24,over_ladder,mlb-stl-cin-2026-05-24-total-12pt5,mlb-stl-cin-2026-05-24-total-11pt5,0.28,0.26,0.02,0.005,2.2,0.02,True,True
2026-07-24T21:46:49+00:00,mlb-stl-cin-2026-05-24,over_ladder,mlb-stl-cin-2026-05-24-total-12pt5,mlb-stl-cin-2026-05-24-total-11pt5,0.28,0.26,0.02,0.005,2.2,0.02,True,True
2026-07-24T21:47:15+00:00,mlb-stl-cin-2026-05-24,over_ladder,mlb-stl-cin-2026-05-24-total-12pt5,mlb-stl-cin-2026-05-24-total-11pt5,0.28,0.26,0.02,0.005,2.2,0.02,True,True
2026-07-24T21:47:41+00:00,mlb-stl-cin-2026-05-24,over_ladder,mlb-stl-cin-2026-05-24-total-12pt5,mlb-stl-cin-2026-05-24-total-11pt5,0.28,0.26,0.02,0.005,2.2,0.02,True,True
2026-07-24T21:48:07+00:00,mlb-stl-cin-2026-05-24,over_ladder,mlb-stl-cin-2026-05-24-total-12pt5,mlb-stl-cin-2026-05-24-total-11pt5,0.28,0.26,0.02,0.005,2.2,0.02,True,True
2026-07-24T21:48:32+00:00,mlb-stl-cin-2026-05-24,over_ladder,mlb-stl-cin-2026-05-24-total-12pt5,mlb-stl-cin-2026-05-24-total-11pt5,0.28,0.26,0.02,0.005,2.2,0.02,True,True
2026-07-24T21:48:58+00:00,mlb-stl-cin-2026-05-24,over_ladder,mlb-stl-cin-2026-05-24-total-12pt5,mlb-stl-cin-2026-05-24-total-11pt5,0.28,0.26,0.02,0.005,2.2,0.02,True,True
2026-07-24T21:49:24+00:00,mlb-stl-cin-2026-05-24,over_ladder,mlb-stl-cin-2026-05-24-total-12pt5,mlb-stl-cin-2026-05-24-total-11pt5,0.28,0.26,0.02,0.005,2.2,0.02,True,True
2026-07-24T21:50:52+00:00,mlb-stl-cin-2026-05-24,over_ladder,mlb-stl-cin-2026-05-24-total-12pt5,mlb-stl-cin-2026-05-24-total-11pt5,0.28,0.26,0.02,0.005,2.2,0.02,True,True
2026-07-24T21:51:19+00:00,mlb-stl-cin-2026-05-24,over_ladder,mlb-stl-cin-2026-05-24-total-12pt5,mlb-stl-cin-2026-05-24-total-11pt5,0.28,0.26,0.02,0.005,2.2,0.02,True,True
2026-07-24T21:51:44+00:00,mlb-stl-cin-2026-05-24,over_ladder,mlb-stl-cin-2026-05-24-total-12pt5,mlb-stl-cin-2026-05-24-total-11pt5,0.28,0.26,0.02,0.005,2.2,0.02,True,True
2026-07-24T21:52:10+00:00,mlb-stl-cin-2026-05-24,over_ladder,mlb-stl-cin-2026-05-24-total-12pt5,mlb-stl-cin-2026-05-24-total-11pt5,0.28,0.26,0.02,0.005,2.2,0.02,True,True
2026-07-24T21:52:36+00:00,mlb-stl-cin-2026-05-24,over_ladder,mlb-stl-cin-2026-05-24-total-12pt5,mlb-stl-cin-2026-05-24-total-11pt5,0.28,0.26,0.02,0.005,2.2,0.02,True,True
2026-07-24T21:53:02+00:00,mlb-stl-cin-2026-05-24,over_ladder,mlb-stl-cin-2026-05-24-total-12pt5,mlb-stl-cin-2026-05-24-total-11pt5,0.28,0.26,0.02,0.005,2.2,0.02,True,True
2026-07-24T21:53:28+00:00,mlb-stl-cin-2026-05-24,over_ladder,mlb-stl-cin-2026-05-24-total-12pt5,mlb-stl-cin-2026-05-24-total-11pt5,0.28,0.26,0.02,0.005,2.2,0.02,True,True
2026-07-24T21:53:54+00:00,mlb-stl-cin-2026-05-24,over_ladder,mlb-stl-cin-2026-05-24-total-12pt5,mlb-stl-cin-2026-05-24-total-11pt5,0.28,0.26,0.02,0.005,2.2,0.02,True,True
2026-07-24T21:54:20+00:00,mlb-stl-cin-2026-05-24,over_ladder,mlb-stl-cin-2026-05-24-total-12pt5,mlb-stl-cin-2026-05-24-total-11pt5,0.28,0.26,0.02,0.005,2.2,0.02,True,True
2026-07-24T21:54:46+00:00,mlb-stl-cin-2026-05-24,over_ladder,mlb-stl-cin-2026-05-24-total-12pt5,mlb-stl-cin-2026-05-24-total-11pt5,0.28,0.26,0.02,0.005,2.2,0.02,True,True
2026-07-24T21:55:11+00:00,mlb-stl-cin-2026-05-24,over_ladder,mlb-stl-cin-2026-05-24-total-12pt5,mlb-stl-cin-2026-05-24-total-11pt5,0.28,0.26,0.02,0.005,2.2,0.02,True,True
2026-07-24T21:55:37+00:00,mlb-stl-cin-2026-05-24,over_ladder,mlb-stl-cin-2026-05-24-total-12pt5,mlb-stl-cin-2026-05-24-total-11pt5,0.28,0.26,0.02,0.005,2.2,0.02,True,True
2026-07-24T21:56:03+00:00,mlb-stl-cin-2026-05-24,over_ladder,mlb-stl-cin-2026-05-24-total-12pt5,mlb-stl-cin-2026-05-24-total-11pt5,0.28,0.26,0.02,0.005,2.2,0.02,True,True
2026-07-24T21:56:29+00:00,mlb-stl-cin-2026-05-24,over_ladder,mlb-stl-cin-2026-05-24-total-12pt5,mlb-stl-cin-2026-05-24-total-11pt5,0.28,0.26,0.02,0.005,2.2,0.02,True,True
2026-07-24T21:56:55+00:00,mlb-stl-cin-2026-05-24,over_ladder,mlb-stl-cin-2026-05-24-total-12pt5,mlb-stl-cin-2026-05-24-total-11pt5,0.28,0.26,0.02,0.005,2.2,0.02,True,True
2026-07-24T21:57:21+00:00,mlb-stl-cin-2026-05-24,over_ladder,mlb-stl-cin-2026-05-24-total-12pt5,mlb-stl-cin-2026-05-24-total-11pt5,0.28,0.26,0.02,0.005,2.2,0.02,True,True
2026-07-24T21:57:47+00:00,mlb-stl-cin-2026-05-24,over_ladder,mlb-stl-cin-2026-05-24-total-12pt5,mlb-stl-cin-2026-05-24-total-11pt5,0.28,0.26,0.02,0.005,2.2,0.02,True,True
2026-07-24T21:58:13+00:00,mlb-stl-cin-2026-05-24,over_ladder,mlb-stl-cin-2026-05-24-total-12pt5,mlb-stl-cin-2026-05-24-total-11pt5,0.28,0.26,0.02,0.005,2.2,0.02,True,True
2026-07-24T21:58:39+00:00,mlb-stl-cin-2026-05-24,over_ladder,mlb-stl-cin-2026-05-24-total-12pt5,mlb-stl-cin-2026-05-24-total-11pt5,0.28,0.26,0.02,0.005,2.2,0.02,True,True
2026-07-24T21:59:05+00:00,mlb-stl-cin-2026-05-24,over_ladder,mlb-stl-cin-2026-05-24-total-12pt5,mlb-stl-cin-2026-05-24-total-11pt5,0.28,0.26,0.02,0.005,2.2,0.02,True,True
2026-07-24T21:59:30+00:00,mlb-stl-cin-2026-05-24,over_ladder,mlb-stl-cin-2026-05-24-total-12pt5,mlb-stl-cin-2026-05-24-total-11pt5,0.28,0.26,0.02,0.005,2.2,0.02,True,True
2026-07-24T22:00:59+00:00,mlb-stl-cin-2026-05-24,over_ladder,mlb-stl-cin-2026-05-24-total-12pt5,mlb-stl-cin-2026-05-24-total-11pt5,0.28,0.26,0.02,0.005,2.2,0.02,True,True
2026-07-24T22:01:25+00:00,mlb-stl-cin-2026-05-24,over_ladder,mlb-stl-cin-2026-05-24-total-12pt5,mlb-stl-cin-2026-05-24-total-11pt5,0.28,0.26,0.02,0.005,2.2,0.02,True,True
2026-07-24T22:01:51+00:00,mlb-stl-cin-2026-05-24,over_ladder,mlb-stl-cin-2026-05-24-total-12pt5,mlb-stl-cin-2026-05-24-total-11pt5,0.28,0.26,0.02,0.005,2.2,0.02,True,True
2026-07-24T22:02:17+00:00,mlb-stl-cin-2026-05-24,over_ladder,mlb-stl-cin-2026-05-24-total-12pt5,mlb-stl-cin-2026-05-24-total-11pt5,0.28,0.26,0.02,0.005,2.2,0.02,True,True
2026-07-24T22:02:43+00:00,mlb-stl-cin-2026-05-24,over_ladder,mlb-stl-cin-2026-05-24-total-12pt5,mlb-stl-cin-2026-05-24-total-11pt5,0.28,0.26,0.02,0.005,2.2,0.02,True,True
2026-07-24T22:03:09+00:00,mlb-stl-cin-2026-05-24,over_ladder,mlb-stl-cin-2026-05-24-total-12pt5,mlb-stl-cin-2026-05-24-total-11pt5,0.28,0.26,0.02,0.005,2.2,0.02,True,True
2026-07-24T22:03:35+00:00,mlb-stl-cin-2026-05-24,over_ladder,mlb-stl-cin-2026-05-24-total-12pt5,mlb-stl-cin-2026-05-24-total-11pt5,0.28,0.26,0.02,0.005,2.2,0.02,True,True
2026-07-24T22:04:01+00:00,mlb-stl-cin-2026-05-24,over_ladder,mlb-stl-cin-2026-05-24-total-12pt5,mlb-stl-cin-2026-05-24-total-11pt5,0.28,0.26,0.02,0.005,2.2,0.02,True,True
2026-07-24T22:04:27+00:00,mlb-stl-cin-2026-05-24,over_ladder,mlb-stl-cin-2026-05-24-total-12pt5,mlb-stl-cin-2026-05-24-total-11pt5,0.28,0.26,0.02,0.005,2.2,0.02,True,True
2026-07-24T22:04:53+00:00,mlb-stl-cin-2026-05-24,over_ladder,mlb-stl-cin-2026-05-24-total-12pt5,mlb-stl-cin-2026-05-24-total-11pt5,0.28,0.26,0.02,0.005,2.2,0.02,True,True
2026-07-24T22:05:18+00:00,mlb-stl-cin-2026-05-24,over_ladder,mlb-stl-cin-2026-05-24-total-12pt5,mlb-stl-cin-2026-05-24-total-11pt5,0.28,0.26,0.02,0.005,2.2,0.02,True,True
2026-07-24T22:05:44+00:00,mlb-stl-cin-2026-05-24,over_ladder,mlb-stl-cin-2026-05-24-total-12pt5,mlb-stl-cin-2026-05-24-total-11pt5,0.28,0.26,0.02,0.005,2.2,0.02,True,True
2026-07-24T22:06:10+00:00,mlb-stl-cin-2026-05-24,over_ladder,mlb-stl-cin-2026-05-24-total-12pt5,mlb-stl-cin-2026-05-24-total-11pt5,0.28,0.26,0.02,0.005,2.2,0.02,True,True
2026-07-24T22:06:36+00:00,mlb-stl-cin-2026-05-24,over_ladder,mlb-stl-cin-2026-05-24-total-12pt5,mlb-stl-cin-2026-05-24-total-11pt5,0.28,0.26,0.02,0.005,2.2,0.02,True,True
2026-07-24T22:07:02+00:00,mlb-stl-cin-2026-05-24,over_ladder,mlb-stl-cin-2026-05-24-total-12pt5,mlb-stl-cin-2026-05-24-total-11pt5,0.28,0.26,0.02,0.005,2.2,0.02,True,True
2026-07-24T22:07:28+00:00,mlb-stl-cin-2026-05-24,over_ladder,mlb-stl-cin-2026-05-24-total-12pt5,mlb-stl-cin-2026-05-24-total-11pt5,0.28,0.26,0.02,0.005,2.2,0.02,True,True
2026-07-24T22:07:54+00:00,mlb-stl-cin-2026-05-24,over_ladder,mlb-stl-cin-2026-05-24-total-12pt5,mlb-stl-cin-2026-05-24-total-11pt5,0.28,0.26,0.02,0.005,2.2,0.02,True,True
2026-07-24T22:08:20+00:00,mlb-stl-cin-2026-05-24,over_ladder,mlb-stl-cin-2026-05-24-total-12pt5,mlb-stl-cin-2026-05-24-total-11pt5,0.28,0.26,0.02,0.005,2.2,0.02,True,True
2026-07-24T22:08:46+00:00,mlb-stl-cin-2026-05-24,over_ladder,mlb-stl-cin-2026-05-24-total-12pt5,mlb-stl-cin-2026-05-24-total-11pt5,0.28,0.26,0.02,0.005,2.2,0.02,True,True
2026-07-24T22:09:12+00:00,mlb-stl-cin-2026-05-24,over_ladder,mlb-stl-cin-2026-05-24-total-12pt5,mlb-stl-cin-2026-05-24-total-11pt5,0.28,0.26,0.02,0.005,2.2,0.02,True,True
2026-07-24T22:09:38+00:00,mlb-stl-cin-2026-05-24,over_ladder,mlb-stl-cin-2026-05-24-total-12pt5,mlb-stl-cin-2026-05-24-total-11pt5,0.28,0.26,0.02,0.005,2.2,0.02,True,True
2026-07-24T22:11:06+00:00,mlb-stl-cin-2026-05-24,over_ladder,mlb-stl-cin-2026-05-24-total-12pt5,mlb-stl-cin-2026-05-24-total-11pt5,0.28,0.26,0.02,0.005,2.2,0.02,True,True
2026-07-24T22:11:32+00:00,mlb-stl-cin-2026-05-24,over_ladder,mlb-stl-cin-2026-05-24-total-12pt5,mlb-stl-cin-2026-05-24-total-11pt5,0.28,0.26,0.02,0.005,2.2,0.02,True,True
2026-07-24T22:11:58+00:00,mlb-stl-cin-2026-05-24,over_ladder,mlb-stl-cin-2026-05-24-total-12pt5,mlb-stl-cin-2026-05-24-total-11pt5,0.28,0.26,0.02,0.005,2.2,0.02,True,True
2026-07-24T22:12:24+00:00,mlb-stl-cin-2026-05-24,over_ladder,mlb-stl-cin-2026-05-24-total-12pt5,mlb-stl-cin-2026-05-24-total-11pt5,0.28,0.26,0.02,0.005,2.2,0.02,True,True
2026-07-24T22:12:50+00:00,mlb-stl-cin-2026-05-24,over_ladder,mlb-stl-cin-2026-05-24-total-12pt5,mlb-stl-cin-2026-05-24-total-11pt5,0.28,0.26,0.02,0.005,2.2,0.02,True,True
2026-07-24T22:13:16+00:00,mlb-stl-cin-2026-05-24,over_ladder,mlb-stl-cin-2026-05-24-total-12pt5,mlb-stl-cin-2026-05-24-total-11pt5,0.28,0.26,0.02,0.005,2.2,0.02,True,True
2026-07-24T22:13:42+00:00,mlb-stl-cin-2026-05-24,over_ladder,mlb-stl-cin-2026-05-24-total-12pt5,mlb-stl-cin-2026-05-24-total-11pt5,0.28,0.26,0.02,0.005,2.2,0.02,True,True
2026-07-24T22:14:07+00:00,mlb-stl-cin-2026-05-24,over_ladder,mlb-stl-cin-2026-05-24-total-12pt5,mlb-stl-cin-2026-05-24-total-11pt5,0.28,0.26,0.02,0.005,2.2,0.02,True,True
2026-07-24T22:14:33+00:00,mlb-stl-cin-2026-05-24,over_ladder,mlb-stl-cin-2026-05-24-total-12pt5,mlb-stl-cin-2026-05-24-total-11pt5,0.28,0.26,0.02,0.005,2.2,0.02,True,True
2026-07-24T22:14:59+00:00,mlb-stl-cin-2026-05-24,over_ladder,mlb-stl-cin-2026-05-24-total-12pt5,mlb-stl-cin-2026-05-24-total-11pt5,0.28,0.26,0.02,0.005,2.2,0.02,True,True
2026-07-24T22:15:25+00:00,mlb-stl-cin-2026-05-24,over_ladder,mlb-stl-cin-2026-05-24-total-12pt5,mlb-stl-cin-2026-05-24-total-11pt5,0.28,0.26,0.02,0.005,2.2,0.02,True,True
2026-07-24T22:15:51+00:00,mlb-stl-cin-2026-05-24,over_ladder,mlb-stl-cin-2026-05-24-total-12pt5,mlb-stl-cin-2026-05-24-total-11pt5,0.28,0.26,0.02,0.005,2.2,0.02,True,True
2026-07-24T22:16:17+00:00,mlb-stl-cin-2026-05-24,over_ladder,mlb-stl-cin-2026-05-24-total-12pt5,mlb-stl-cin-2026-05-24-total-11pt5,0.28,0.26,0.02,0.005,2.2,0.02,True,True
2026-07-24T22:16:43+00:00,mlb-stl-cin-2026-05-24,over_ladder,mlb-stl-cin-2026-05-24-total-12pt5,mlb-stl-cin-2026-05-24-total-11pt5,0.28,0.26,0.02,0.005,2.2,0.02,True,True
2026-07-24T22:17:09+00:00,mlb-stl-cin-2026-05-24,over_ladder,mlb-stl-cin-2026-05-24-total-12pt5,mlb-stl-cin-2026-05-24-total-11pt5,0.28,0.26,0.02,0.005,2.2,0.02,True,True
2026-07-24T22:17:35+00:00,mlb-stl-cin-2026-05-24,over_ladder,mlb-stl-cin-2026-05-24-total-12pt5,mlb-stl-cin-2026-05-24-total-11pt5,0.28,0.26,0.02,0.005,2.2,0.02,True,True
2026-07-24T22:18:01+00:00,mlb-stl-cin-2026-05-24,over_ladder,mlb-stl-cin-2026-05-24-total-12pt5,mlb-stl-cin-2026-05-24-total-11pt5,0.28,0.26,0.02,0.005,2.2,0.02,True,True
2026-07-24T22:18:27+00:00,mlb-stl-cin-2026-05-24,over_ladder,mlb-stl-cin-2026-05-24-total-12pt5,mlb-stl-cin-2026-05-24-total-11pt5,0.28,0.26,0.02,0.005,2.2,0.02,True,True
2026-07-24T22:18:53+00:00,mlb-stl-cin-2026-05-24,over_ladder,mlb-stl-cin-2026-05-24-total-12pt5,mlb-stl-cin-2026-05-24-total-11pt5,0.28,0.26,0.02,0.005,2.2,0.02,True,True
2026-07-24T22:19:18+00:00,mlb-stl-cin-2026-05-24,over_ladder,mlb-stl-cin-2026-05-24-total-12pt5,mlb-stl-cin-2026-05-24-total-11pt5,0.28,0.26,0.02,0.005,2.2,0.02,True,True
2026-07-24T22:19:44+00:00,mlb-stl-cin-2026-05-24,over_ladder,mlb-stl-cin-2026-05-24-total-12pt5,mlb-stl-cin-2026-05-24-total-11pt5,0.28,0.26,0.02,0.005,2.2,0.02,True,True
2026-07-24T22:21:13+00:00,mlb-stl-cin-2026-05-24,over_ladder,mlb-stl-cin-2026-05-24-total-12pt5,mlb-stl-cin-2026-05-24-total-11pt5,0.28,0.26,0.02,0.005,2.2,0.02,True,True
2026-07-24T22:21:38+00:00,mlb-stl-cin-2026-05-24,over_ladder,mlb-stl-cin-2026-05-24-total-12pt5,mlb-stl-cin-2026-05-24-total-11pt5,0.28,0.26,0.02,0.005,2.2,0.02,True,True
2026-07-24T22:22:04+00:00,mlb-stl-cin-2026-05-24,over_ladder,mlb-stl-cin-2026-05-24-total-12pt5,mlb-stl-cin-2026-05-24-total-11pt5,0.28,0.26,0.02,0.005,2.2,0.02,True,True
2026-07-24T22:22:30+00:00,mlb-stl-cin-2026-05-24,over_ladder,mlb-stl-cin-2026-05-24-total-12pt5,mlb-stl-cin-2026-05-24-total-11pt5,0.28,0.26,0.02,0.005,2.2,0.02,True,True
2026-07-24T22:22:56+00:00,mlb-stl-cin-2026-05-24,over_ladder,mlb-stl-cin-2026-05-24-total-12pt5,mlb-stl-cin-2026-05-24-total-11pt5,0.28,0.26,0.02,0.005,2.2,0.02,True,True
2026-07-24T22:23:22+00:00,mlb-stl-cin-2026-05-24,over_ladder,mlb-stl-cin-2026-05-24-total-12pt5,mlb-stl-cin-2026-05-24-total-11pt5,0.28,0.26,0.02,0.005,2.2,0.02,True,True
2026-07-24T22:23:48+00:00,mlb-stl-cin-2026-05-24,over_ladder,mlb-stl-cin-2026-05-24-total-12pt5,mlb-stl-cin-2026-05-24-total-11pt5,0.28,0.26,0.02,0.005,2.2,0.02,True,True
2026-07-24T22:24:14+00:00,mlb-stl-cin-2026-05-24,over_ladder,mlb-stl-cin-2026-05-24-total-12pt5,mlb-stl-cin-2026-05-24-total-11pt5,0.28,0.26,0.02,0.005,2.2,0.02,True,True
2026-07-24T22:24:40+00:00,mlb-stl-cin-2026-05-24,over_ladder,mlb-stl-cin-2026-05-24-total-12pt5,mlb-stl-cin-2026-05-24-total-11pt5,0.28,0.26,0.02,0.005,2.2,0.02,True,True
2026-07-24T22:25:06+00:00,mlb-stl-cin-2026-05-24,over_ladder,mlb-stl-cin-2026-05-24-total-12pt5,mlb-stl-cin-2026-05-24-total-11pt5,0.28,0.26,0.02,0.005,2.2,0.02,True,True
2026-07-24T22:25:32+00:00,mlb-stl-cin-2026-05-24,over_ladder,mlb-stl-cin-2026-05-24-total-12pt5,mlb-stl-cin-2026-05-24-total-11pt5,0.28,0.26,0.02,0.005,2.2,0.02,True,True
2026-07-24T22:25:57+00:00,mlb-stl-cin-2026-05-24,over_ladder,mlb-stl-cin-2026-05-24-total-12pt5,mlb-stl-cin-2026-05-24-total-11pt5,0.28,0.26,0.02,0.005,2.2,0.02,True,True
2026-07-24T22:26:23+00:00,mlb-stl-cin-2026-05-24,over_ladder,mlb-stl-cin-2026-05-24-total-12pt5,mlb-stl-cin-2026-05-24-total-11pt5,0.28,0.26,0.02,0.005,2.2,0.02,True,True
2026-07-24T22:26:49+00:00,mlb-stl-cin-2026-05-24,over_ladder,mlb-stl-cin-2026-05-24-total-12pt5,mlb-stl-cin-2026-05-24-total-11pt5,0.28,0.26,0.02,0.005,2.2,0.02,True,True
2026-07-24T22:27:15+00:00,mlb-stl-cin-2026-05-24,over_ladder,mlb-stl-cin-2026-05-24-total-12pt5,mlb-stl-cin-2026-05-24-total-11pt5,0.28,0.26,0.02,0.005,2.2,0.02,True,True
2026-07-24T22:27:41+00:00,mlb-stl-cin-2026-05-24,over_ladder,mlb-stl-cin-2026-05-24-total-12pt5,mlb-stl-cin-2026-05-24-total-11pt5,0.28,0.26,0.02,0.005,2.2,0.02,True,True
2026-07-24T22:28:07+00:00,mlb-stl-cin-2026-05-24,over_ladder,mlb-stl-cin-2026-05-24-total-12pt5,mlb-stl-cin-2026-05-24-total-11pt5,0.28,0.26,0.02,0.005,2.2,0.02,True,True
2026-07-24T22:28:33+00:00,mlb-stl-cin-2026-05-24,over_ladder,mlb-stl-cin-2026-05-24-total-12pt5,mlb-stl-cin-2026-05-24-total-11pt5,0.28,0.26,0.02,0.005,2.2,0.02,True,True
2026-07-24T22:28:59+00:00,mlb-stl-cin-2026-05-24,over_ladder,mlb-stl-cin-2026-05-24-total-12pt5,mlb-stl-cin-2026-05-24-total-11pt5,0.28,0.26,0.02,0.005,2.2,0.02,True,True
2026-07-24T22:29:25+00:00,mlb-stl-cin-2026-05-24,over_ladder,mlb-stl-cin-2026-05-24-total-12pt5,mlb-stl-cin-2026-05-24-total-11pt5,0.28,0.26,0.02,0.005,2.2,0.02,True,True
2026-07-24T22:29:51+00:00,mlb-stl-cin-2026-05-24,over_ladder,mlb-stl-cin-2026-05-24-total-12pt5,mlb-stl-cin-2026-05-24-total-11pt5,0.28,0.26,0.02,0.005,2.2,0.02,True,True
2026-07-24T22:31:19+00:00,mlb-stl-cin-2026-05-24,over_ladder,mlb-stl-cin-2026-05-24-total-12pt5,mlb-stl-cin-2026-05-24-total-11pt5,0.28,0.26,0.02,0.005,2.2,0.02,True,True
2026-07-24T22:31:45+00:00,mlb-stl-cin-2026-05-24,over_ladder,mlb-stl-cin-2026-05-24-total-12pt5,mlb-stl-cin-2026-05-24-total-11pt5,0.28,0.26,0.02,0.005,2.2,0.02,True,True
2026-07-24T22:32:10+00:00,mlb-stl-cin-2026-05-24,over_ladder,mlb-stl-cin-2026-05-24-total-12pt5,mlb-stl-cin-2026-05-24-total-11pt5,0.28,0.26,0.02,0.005,2.2,0.02,True,True
2026-07-24T22:32:36+00:00,mlb-stl-cin-2026-05-24,over_ladder,mlb-stl-cin-2026-05-24-total-12pt5,mlb-stl-cin-2026-05-24-total-11pt5,0.28,0.26,0.02,0.005,2.2,0.02,True,True
2026-07-24T22:33:02+00:00,mlb-stl-cin-2026-05-24,over_ladder,mlb-stl-cin-2026-05-24-total-12pt5,mlb-stl-cin-2026-05-24-total-11pt5,0.28,0.26,0.02,0.005,2.2,0.02,True,True
2026-07-24T22:33:28+00:00,mlb-stl-cin-2026-05-24,over_ladder,mlb-stl-cin-2026-05-24-total-12pt5,mlb-stl-cin-2026-05-24-total-11pt5,0.28,0.26,0.02,0.005,2.2,0.02,True,True
2026-07-24T22:33:54+00:00,mlb-stl-cin-2026-05-24,over_ladder,mlb-stl-cin-2026-05-24-total-12pt5,mlb-stl-cin-2026-05-24-total-11pt5,0.28,0.26,0.02,0.005,2.2,0.02,True,True
2026-07-24T22:34:20+00:00,mlb-stl-cin-2026-05-24,over_ladder,mlb-stl-cin-2026-05-24-total-12pt5,mlb-stl-cin-2026-05-24-total-11pt5,0.28,0.26,0.02,0.005,2.2,0.02,True,True
2026-07-24T22:34:46+00:00,mlb-stl-cin-2026-05-24,over_ladder,mlb-stl-cin-2026-05-24-total-12pt5,mlb-stl-cin-2026-05-24-total-11pt5,0.28,0.26,0.02,0.005,2.2,0.02,True,True
2026-07-24T22:35:12+00:00,mlb-stl-cin-2026-05-24,over_ladder,mlb-stl-cin-2026-05-24-total-12pt5,mlb-stl-cin-2026-05-24-total-11pt5,0.28,0.26,0.02,0.005,2.2,0.02,True,True
2026-07-24T22:35:38+00:00,mlb-stl-cin-2026-05-24,over_ladder,mlb-stl-cin-2026-05-24-total-12pt5,mlb-stl-cin-2026-05-24-total-11pt5,0.28,0.26,0.02,0.005,2.2,0.02,True,True
2026-07-24T22:36:04+00:00,mlb-stl-cin-2026-05-24,over_ladder,mlb-stl-cin-2026-05-24-total-12pt5,mlb-stl-cin-2026-05-24-total-11pt5,0.28,0.26,0.02,0.005,2.2,0.02,True,True
2026-07-24T22:36:30+00:00,mlb-stl-cin-2026-05-24,over_ladder,mlb-stl-cin-2026-05-24-total-12pt5,mlb-stl-cin-2026-05-24-total-11pt5,0.28,0.26,0.02,0.005,2.2,0.02,True,True
2026-07-24T22:36:55+00:00,mlb-stl-cin-2026-05-24,over_ladder,mlb-stl-cin-2026-05-24-total-12pt5,mlb-stl-cin-2026-05-24-total-11pt5,0.28,0.26,0.02,0.005,2.2,0.02,True,True
2026-07-24T22:37:21+00:00,mlb-stl-cin-2026-05-24,over_ladder,mlb-stl-cin-2026-05-24-total-12pt5,mlb-stl-cin-2026-05-24-total-11pt5,0.28,0.26,0.02,0.005,2.2,0.02,True,True
2026-07-24T22:37:47+00:00,mlb-stl-cin-2026-05-24,over_ladder,mlb-stl-cin-2026-05-24-total-12pt5,mlb-stl-cin-2026-05-24-total-11pt5,0.28,0.26,0.02,0.005,2.2,0.02,True,True
2026-07-24T22:38:13+00:00,mlb-stl-cin-2026-05-24,over_ladder,mlb-stl-cin-2026-05-24-total-12pt5,mlb-stl-cin-2026-05-24-total-11pt5,0.28,0.26,0.02,0.005,2.2,0.02,True,True
2026-07-24T22:38:39+00:00,mlb-stl-cin-2026-05-24,over_ladder,mlb-stl-cin-2026-05-24-total-12pt5,mlb-stl-cin-2026-05-24-total-11pt5,0.28,0.26,0.02,0.005,2.2,0.02,True,True
2026-07-24T22:39:05+00:00,mlb-stl-cin-2026-05-24,over_ladder,mlb-stl-cin-2026-05-24-total-12pt5,mlb-stl-cin-2026-05-24-total-11pt5,0.28,0.26,0.02,0.005,2.2,0.02,True,True
2026-07-24T22:39:31+00:00,mlb-stl-cin-2026-05-24,over_ladder,mlb-stl-cin-2026-05-24-total-12pt5,mlb-stl-cin-2026-05-24-total-11pt5,0.28,0.26,0.02,0.005,2.2,0.02,True,True
2026-07-24T22:39:57+00:00,mlb-stl-cin-2026-05-24,over_ladder,mlb-stl-cin-2026-05-24-total-12pt5,mlb-stl-cin-2026-05-24-total-11pt5,0.28,0.26,0.02,0.005,2.2,0.02,True,True
2026-07-24T22:41:25+00:00,mlb-stl-cin-2026-05-24,over_ladder,mlb-stl-cin-2026-05-24-total-12pt5,mlb-stl-cin-2026-05-24-total-11pt5,0.28,0.26,0.02,0.005,2.2,0.02,True,True
2026-07-24T22:41:51+00:00,mlb-stl-cin-2026-05-24,over_ladder,mlb-stl-cin-2026-05-24-total-12pt5,mlb-stl-cin-2026-05-24-total-11pt5,0.28,0.26,0.02,0.005,2.2,0.02,True,True
2026-07-24T22:42:17+00:00,mlb-stl-cin-2026-05-24,over_ladder,mlb-stl-cin-2026-05-24-total-12pt5,mlb-stl-cin-2026-05-24-total-11pt5,0.28,0.26,0.02,0.005,2.2,0.02,True,True
2026-07-24T22:42:43+00:00,mlb-stl-cin-2026-05-24,over_ladder,mlb-stl-cin-2026-05-24-total-12pt5,mlb-stl-cin-2026-05-24-total-11pt5,0.28,0.26,0.02,0.005,2.2,0.02,True,True
2026-07-24T22:43:09+00:00,mlb-stl-cin-2026-05-24,over_ladder,mlb-stl-cin-2026-05-24-total-12pt5,mlb-stl-cin-2026-05-24-total-11pt5,0.28,0.26,0.02,0.005,2.2,0.02,True,True
2026-07-24T22:43:34+00:00,mlb-stl-cin-2026-05-24,over_ladder,mlb-stl-cin-2026-05-24-total-12pt5,mlb-stl-cin-2026-05-24-total-11pt5,0.28,0.26,0.02,0.005,2.2,0.02,True,True
2026-07-24T22:44:00+00:00,mlb-stl-cin-2026-05-24,over_ladder,mlb-stl-cin-2026-05-24-total-12pt5,mlb-stl-cin-2026-05-24-total-11pt5,0.28,0.26,0.02,0.005,2.2,0.02,True,True
2026-07-24T22:44:26+00:00,mlb-stl-cin-2026-05-24,over_ladder,mlb-stl-cin-2026-05-24-total-12pt5,mlb-stl-cin-2026-05-24-total-11pt5,0.28,0.26,0.02,0.005,2.2,0.02,True,True
2026-07-24T22:44:52+00:00,mlb-stl-cin-2026-05-24,over_ladder,mlb-stl-cin-2026-05-24-total-12pt5,mlb-stl-cin-2026-05-24-total-11pt5,0.28,0.26,0.02,0.005,2.2,0.02,True,True
2026-07-24T22:45:18+00:00,mlb-stl-cin-2026-05-24,over_ladder,mlb-stl-cin-2026-05-24-total-12pt5,mlb-stl-cin-2026-05-24-total-11pt5,0.28,0.26,0.02,0.005,2.2,0.02,True,True
2026-07-24T22:45:44+00:00,mlb-stl-cin-2026-05-24,over_ladder,mlb-stl-cin-2026-05-24-total-12pt5,mlb-stl-cin-2026-05-24-total-11pt5,0.28,0.26,0.02,0.005,2.2,0.02,True,True
2026-07-24T22:46:10+00:00,mlb-stl-cin-2026-05-24,over_ladder,mlb-stl-cin-2026-05-24-total-12pt5,mlb-stl-cin-2026-05-24-total-11pt5,0.28,0.26,0.02,0.005,2.2,0.02,True,True
2026-07-24T22:46:36+00:00,mlb-stl-cin-2026-05-24,over_ladder,mlb-stl-cin-2026-05-24-total-12pt5,mlb-stl-cin-2026-05-24-total-11pt5,0.28,0.26,0.02,0.005,2.2,0.02,True,True
2026-07-24T22:47:02+00:00,mlb-stl-cin-2026-05-24,over_ladder,mlb-stl-cin-2026-05-24-total-12pt5,mlb-stl-cin-2026-05-24-total-11pt5,0.28,0.26,0.02,0.005,2.2,0.02,True,True
2026-07-24T22:47:27+00:00,mlb-stl-cin-2026-05-24,over_ladder,mlb-stl-cin-2026-05-24-total-12pt5,mlb-stl-cin-2026-05-24-total-11pt5,0.28,0.26,0.02,0.005,2.2,0.02,True,True
2026-07-24T22:47:53+00:00,mlb-stl-cin-2026-05-24,over_ladder,mlb-stl-cin-2026-05-24-total-12pt5,mlb-stl-cin-2026-05-24-total-11pt5,0.28,0.26,0.02,0.005,2.2,0.02,True,True
2026-07-24T22:48:19+00:00,mlb-stl-cin-2026-05-24,over_ladder,mlb-stl-cin-2026-05-24-total-12pt5,mlb-stl-cin-2026-05-24-total-11pt5,0.28,0.26,0.02,0.005,2.2,0.02,True,True
2026-07-24T22:48:45+00:00,mlb-stl-cin-2026-05-24,over_ladder,mlb-stl-cin-2026-05-24-total-12pt5,mlb-stl-cin-2026-05-24-total-11pt5,0.28,0.26,0.02,0.005,2.2,0.02,True,True
2026-07-24T22:49:11+00:00,mlb-stl-cin-2026-05-24,over_ladder,mlb-stl-cin-2026-05-24-total-12pt5,mlb-stl-cin-2026-05-24-total-11pt5,0.28,0.26,0.02,0.005,2.2,0.02,True,True
2026-07-24T22:49:37+00:00,mlb-stl-cin-2026-05-24,over_ladder,mlb-stl-cin-2026-05-24-total-12pt5,mlb-stl-cin-2026-05-24-total-11pt5,0.28,0.26,0.02,0.005,2.2,0.02,True,True
2026-07-24T22:50:03+00:00,mlb-stl-cin-2026-05-24,over_ladder,mlb-stl-cin-2026-05-24-total-12pt5,mlb-stl-cin-2026-05-24-total-11pt5,0.28,0.26,0.02,0.005,2.2,0.02,True,True
2026-07-24T22:51:31+00:00,mlb-stl-cin-2026-05-24,over_ladder,mlb-stl-cin-2026-05-24-total-12pt5,mlb-stl-cin-2026-05-24-total-11pt5,0.28,0.26,0.02,0.005,2.2,0.02,True,True
2026-07-24T22:51:57+00:00,mlb-stl-cin-2026-05-24,over_ladder,mlb-stl-cin-2026-05-24-total-12pt5,mlb-stl-cin-2026-05-24-total-11pt5,0.28,0.26,0.02,0.005,2.2,0.02,True,True
2026-07-24T22:52:23+00:00,mlb-stl-cin-2026-05-24,over_ladder,mlb-stl-cin-2026-05-24-total-12pt5,mlb-stl-cin-2026-05-24-total-11pt5,0.28,0.26,0.02,0.005,2.2,0.02,True,True
2026-07-24T22:52:49+00:00,mlb-stl-cin-2026-05-24,over_ladder,mlb-stl-cin-2026-05-24-total-12pt5,mlb-stl-cin-2026-05-24-total-11pt5,0.28,0.26,0.02,0.005,2.2,0.02,True,True
2026-07-24T22:53:15+00:00,mlb-stl-cin-2026-05-24,over_ladder,mlb-stl-cin-2026-05-24-total-12pt5,mlb-stl-cin-2026-05-24-total-11pt5,0.28,0.26,0.02,0.005,2.2,0.02,True,True
2026-07-24T22:53:41+00:00,mlb-stl-cin-2026-05-24,over_ladder,mlb-stl-cin-2026-05-24-total-12pt5,mlb-stl-cin-2026-05-24-total-11pt5,0.28,0.26,0.02,0.005,2.2,0.02,True,True
2026-07-24T22:54:06+00:00,mlb-stl-cin-2026-05-24,over_ladder,mlb-stl-cin-2026-05-24-total-12pt5,mlb-stl-cin-2026-05-24-total-11pt5,0.28,0.26,0.02,0.005,2.2,0.02,True,True
2026-07-24T22:54:32+00:00,mlb-stl-cin-2026-05-24,over_ladder,mlb-stl-cin-2026-05-24-total-12pt5,mlb-stl-cin-2026-05-24-total-11pt5,0.28,0.26,0.02,0.005,2.2,0.02,True,True
2026-07-24T22:54:58+00:00,mlb-stl-cin-2026-05-24,over_ladder,mlb-stl-cin-2026-05-24-total-12pt5,mlb-stl-cin-2026-05-24-total-11pt5,0.28,0.26,0.02,0.005,2.2,0.02,True,True
2026-07-24T22:55:24+00:00,mlb-stl-cin-2026-05-24,over_ladder,mlb-stl-cin-2026-05-24-total-12pt5,mlb-stl-cin-2026-05-24-total-11pt5,0.28,0.26,0.02,0.005,2.2,0.02,True,True
2026-07-24T22:55:50+00:00,mlb-stl-cin-2026-05-24,over_ladder,mlb-stl-cin-2026-05-24-total-12pt5,mlb-stl-cin-2026-05-24-total-11pt5,0.28,0.26,0.02,0.005,2.2,0.02,True,True
2026-07-24T22:56:16+00:00,mlb-stl-cin-2026-05-24,over_ladder,mlb-stl-cin-2026-05-24-total-12pt5,mlb-stl-cin-2026-05-24-total-11pt5,0.28,0.26,0.02,0.005,2.2,0.02,True,True
2026-07-24T22:56:42+00:00,mlb-stl-cin-2026-05-24,over_ladder,mlb-stl-cin-2026-05-24-total-12pt5,mlb-stl-cin-2026-05-24-total-11pt5,0.28,0.26,0.02,0.005,2.2,0.02,True,True
2026-07-24T22:57:08+00:00,mlb-stl-cin-2026-05-24,over_ladder,mlb-stl-cin-2026-05-24-total-12pt5,mlb-stl-cin-2026-05-24-total-11pt5,0.28,0.26,0.02,0.005,2.2,0.02,True,True
2026-07-24T22:57:34+00:00,mlb-stl-cin-2026-05-24,over_ladder,mlb-stl-cin-2026-05-24-total-12pt5,mlb-stl-cin-2026-05-24-total-11pt5,0.28,0.26,0.02,0.005,2.2,0.02,True,True
2026-07-24T22:57:59+00:00,mlb-stl-cin-2026-05-24,over_ladder,mlb-stl-cin-2026-05-24-total-12pt5,mlb-stl-cin-2026-05-24-total-11pt5,0.28,0.26,0.02,0.005,2.2,0.02,True,True
2026-07-24T22:58:25+00:00,mlb-stl-cin-2026-05-24,over_ladder,mlb-stl-cin-2026-05-24-total-12pt5,mlb-stl-cin-2026-05-24-total-11pt5,0.28,0.26,0.02,0.005,2.2,0.02,True,True
2026-07-24T22:58:51+00:00,mlb-stl-cin-2026-05-24,over_ladder,mlb-stl-cin-2026-05-24-total-12pt5,mlb-stl-cin-2026-05-24-total-11pt5,0.28,0.26,0.02,0.005,2.2,0.02,True,True
2026-07-24T22:59:17+00:00,mlb-stl-cin-2026-05-24,over_ladder,mlb-stl-cin-2026-05-24-total-12pt5,mlb-stl-cin-2026-05-24-total-11pt5,0.28,0.26,0.02,0.005,2.2,0.02,True,True
2026-07-24T22:59:43+00:00,mlb-stl-cin-2026-05-24,over_ladder,mlb-stl-cin-2026-05-24-total-12pt5,mlb-stl-cin-2026-05-24-total-11pt5,0.28,0.26,0.02,0.005,2.2,0.02,True,True
2026-07-24T23:00:09+00:00,mlb-stl-cin-2026-05-24,over_ladder,mlb-stl-cin-2026-05-24-total-12pt5,mlb-stl-cin-2026-05-24-total-11pt5,0.28,0.26,0.02,0.005,2.2,0.02,True,True
2026-07-24T23:01:38+00:00,mlb-stl-cin-2026-05-24,over_ladder,mlb-stl-cin-2026-05-24-total-12pt5,mlb-stl-cin-2026-05-24-total-11pt5,0.28,0.26,0.02,0.005,2.2,0.02,True,True
2026-07-24T23:02:04+00:00,mlb-stl-cin-2026-05-24,over_ladder,mlb-stl-cin-2026-05-24-total-12pt5,mlb-stl-cin-2026-05-24-total-11pt5,0.28,0.26,0.02,0.005,2.2,0.02,True,True
2026-07-24T23:02:30+00:00,mlb-stl-cin-2026-05-24,over_ladder,mlb-stl-cin-2026-05-24-total-12pt5,mlb-stl-cin-2026-05-24-total-11pt5,0.28,0.26,0.02,0.005,2.2,0.02,True,True
2026-07-24T23:02:56+00:00,mlb-stl-cin-2026-05-24,over_ladder,mlb-stl-cin-2026-05-24-total-12pt5,mlb-stl-cin-2026-05-24-total-11pt5,0.28,0.26,0.02,0.005,2.2,0.02,True,True
2026-07-24T23:03:22+00:00,mlb-stl-cin-2026-05-24,over_ladder,mlb-stl-cin-2026-05-24-total-12pt5,mlb-stl-cin-2026-05-24-total-11pt5,0.28,0.26,0.02,0.005,2.2,0.02,True,True
2026-07-24T23:03:48+00:00,mlb-stl-cin-2026-05-24,over_ladder,mlb-stl-cin-2026-05-24-total-12pt5,mlb-stl-cin-2026-05-24-total-11pt5,0.28,0.26,0.02,0.005,2.2,0.02,True,True
2026-07-24T23:04:13+00:00,mlb-stl-cin-2026-05-24,over_ladder,mlb-stl-cin-2026-05-24-total-12pt5,mlb-stl-cin-2026-05-24-total-11pt5,0.28,0.26,0.02,0.005,2.2,0.02,True,True
2026-07-24T23:04:39+00:00,mlb-stl-cin-2026-05-24,over_ladder,mlb-stl-cin-2026-05-24-total-12pt5,mlb-stl-cin-2026-05-24-total-11pt5,0.28,0.26,0.02,0.005,2.2,0.02,True,True
2026-07-24T23:05:05+00:00,mlb-stl-cin-2026-05-24,over_ladder,mlb-stl-cin-2026-05-24-total-12pt5,mlb-stl-cin-2026-05-24-total-11pt5,0.28,0.26,0.02,0.005,2.2,0.02,True,True
2026-07-24T23:05:31+00:00,mlb-stl-cin-2026-05-24,over_ladder,mlb-stl-cin-2026-05-24-total-12pt5,mlb-stl-cin-2026-05-24-total-11pt5,0.28,0.26,0.02,0.005,2.2,0.02,True,True
2026-07-24T23:05:57+00:00,mlb-stl-cin-2026-05-24,over_ladder,mlb-stl-cin-2026-05-24-total-12pt5,mlb-stl-cin-2026-05-24-total-11pt5,0.28,0.26,0.02,0.005,2.2,0.02,True,True
2026-07-24T23:06:23+00:00,mlb-stl-cin-2026-05-24,over_ladder,mlb-stl-cin-2026-05-24-total-12pt5,mlb-stl-cin-2026-05-24-total-11pt5,0.28,0.26,0.02,0.005,2.2,0.02,True,True
2026-07-24T23:06:49+00:00,mlb-stl-cin-2026-05-24,over_ladder,mlb-stl-cin-2026-05-24-total-12pt5,mlb-stl-cin-2026-05-24-total-11pt5,0.28,0.26,0.02,0.005,2.2,0.02,True,True
2026-07-24T23:07:15+00:00,mlb-stl-cin-2026-05-24,over_ladder,mlb-stl-cin-2026-05-24-total-12pt5,mlb-stl-cin-2026-05-24-total-11pt5,0.28,0.26,0.02,0.005,2.2,0.02,True,True
2026-07-24T23:07:41+00:00,mlb-stl-cin-2026-05-24,over_ladder,mlb-stl-cin-2026-05-24-total-12pt5,mlb-stl-cin-2026-05-24-total-11pt5,0.28,0.26,0.02,0.005,2.2,0.02,True,True
2026-07-24T23:08:07+00:00,mlb-stl-cin-2026-05-24,over_ladder,mlb-stl-cin-2026-05-24-total-12pt5,mlb-stl-cin-2026-05-24-total-11pt5,0.28,0.26,0.02,0.005,2.2,0.02,True,True
2026-07-24T23:08:33+00:00,mlb-stl-cin-2026-05-24,over_ladder,mlb-stl-cin-2026-05-24-total-12pt5,mlb-stl-cin-2026-05-24-total-11pt5,0.28,0.26,0.02,0.005,2.2,0.02,True,True
2026-07-24T23:08:58+00:00,mlb-stl-cin-2026-05-24,over_ladder,mlb-stl-cin-2026-05-24-total-12pt5,mlb-stl-cin-2026-05-24-total-11pt5,0.28,0.26,0.02,0.005,2.2,0.02,True,True
2026-07-24T23:09:24+00:00,mlb-stl-cin-2026-05-24,over_ladder,mlb-stl-cin-2026-05-24-total-12pt5,mlb-stl-cin-2026-05-24-total-11pt5,0.28,0.26,0.02,0.005,2.2,0.02,True,True
2026-07-24T23:09:50+00:00,mlb-stl-cin-2026-05-24,over_ladder,mlb-stl-cin-2026-05-24-total-12pt5,mlb-stl-cin-2026-05-24-total-11pt5,0.28,0.26,0.02,0.005,2.2,0.02,True,True
2026-07-24T23:10:16+00:00,mlb-stl-cin-2026-05-24,over_ladder,mlb-stl-cin-2026-05-24-total-12pt5,mlb-stl-cin-2026-05-24-total-11pt5,0.28,0.26,0.02,0.005,2.2,0.02,True,True
2026-07-24T23:11:45+00:00,mlb-stl-cin-2026-05-24,over_ladder,mlb-stl-cin-2026-05-24-total-12pt5,mlb-stl-cin-2026-05-24-total-11pt5,0.28,0.26,0.02,0.005,2.2,0.02,True,True
2026-07-24T23:12:11+00:00,mlb-stl-cin-2026-05-24,over_ladder,mlb-stl-cin-2026-05-24-total-12pt5,mlb-stl-cin-2026-05-24-total-11pt5,0.28,0.26,0.02,0.005,2.2,0.02,True,True
2026-07-24T23:12:37+00:00,mlb-stl-cin-2026-05-24,over_ladder,mlb-stl-cin-2026-05-24-total-12pt5,mlb-stl-cin-2026-05-24-total-11pt5,0.28,0.26,0.02,0.005,2.2,0.02,True,True
2026-07-24T23:13:02+00:00,mlb-stl-cin-2026-05-24,over_ladder,mlb-stl-cin-2026-05-24-total-12pt5,mlb-stl-cin-2026-05-24-total-11pt5,0.28,0.26,0.02,0.005,2.2,0.02,True,True
2026-07-24T23:13:28+00:00,mlb-stl-cin-2026-05-24,over_ladder,mlb-stl-cin-2026-05-24-total-12pt5,mlb-stl-cin-2026-05-24-total-11pt5,0.28,0.26,0.02,0.005,2.2,0.02,True,True
2026-07-24T23:13:54+00:00,mlb-stl-cin-2026-05-24,over_ladder,mlb-stl-cin-2026-05-24-total-12pt5,mlb-stl-cin-2026-05-24-total-11pt5,0.28,0.26,0.02,0.005,2.2,0.02,True,True
2026-07-24T23:14:20+00:00,mlb-stl-cin-2026-05-24,over_ladder,mlb-stl-cin-2026-05-24-total-12pt5,mlb-stl-cin-2026-05-24-total-11pt5,0.28,0.26,0.02,0.005,2.2,0.02,True,True
2026-07-24T23:14:46+00:00,mlb-stl-cin-2026-05-24,over_ladder,mlb-stl-cin-2026-05-24-total-12pt5,mlb-stl-cin-2026-05-24-total-11pt5,0.28,0.26,0.02,0.005,2.2,0.02,True,True
2026-07-24T23:15:12+00:00,mlb-stl-cin-2026-05-24,over_ladder,mlb-stl-cin-2026-05-24-total-12pt5,mlb-stl-cin-2026-05-24-total-11pt5,0.28,0.26,0.02,0.005,2.2,0.02,True,True
2026-07-24T23:15:38+00:00,mlb-stl-cin-2026-05-24,over_ladder,mlb-stl-cin-2026-05-24-total-12pt5,mlb-stl-cin-2026-05-24-total-11pt5,0.28,0.26,0.02,0.005,2.2,0.02,True,True
2026-07-24T23:16:03+00:00,mlb-stl-cin-2026-05-24,over_ladder,mlb-stl-cin-2026-05-24-total-12pt5,mlb-stl-cin-2026-05-24-total-11pt5,0.28,0.26,0.02,0.005,2.2,0.02,True,True
2026-07-24T23:16:29+00:00,mlb-stl-cin-2026-05-24,over_ladder,mlb-stl-cin-2026-05-24-total-12pt5,mlb-stl-cin-2026-05-24-total-11pt5,0.28,0.26,0.02,0.005,2.2,0.02,True,True
2026-07-24T23:16:55+00:00,mlb-stl-cin-2026-05-24,over_ladder,mlb-stl-cin-2026-05-24-total-12pt5,mlb-stl-cin-2026-05-24-total-11pt5,0.28,0.26,0.02,0.005,2.2,0.02,True,True
2026-07-24T23:17:21+00:00,mlb-stl-cin-2026-05-24,over_ladder,mlb-stl-cin-2026-05-24-total-12pt5,mlb-stl-cin-2026-05-24-total-11pt5,0.28,0.26,0.02,0.005,2.2,0.02,True,True
2026-07-24T23:17:47+00:00,mlb-stl-cin-2026-05-24,over_ladder,mlb-stl-cin-2026-05-24-total-12pt5,mlb-stl-cin-2026-05-24-total-11pt5,0.28,0.26,0.02,0.005,2.2,0.02,True,True
2026-07-24T23:18:13+00:00,mlb-stl-cin-2026-05-24,over_ladder,mlb-stl-cin-2026-05-24-total-12pt5,mlb-stl-cin-2026-05-24-total-11pt5,0.28,0.26,0.02,0.005,2.2,0.02,True,True
2026-07-24T23:18:39+00:00,mlb-stl-cin-2026-05-24,over_ladder,mlb-stl-cin-2026-05-24-total-12pt5,mlb-stl-cin-2026-05-24-total-11pt5,0.28,0.26,0.02,0.005,2.2,0.02,True,True
2026-07-24T23:19:05+00:00,mlb-stl-cin-2026-05-24,over_ladder,mlb-stl-cin-2026-05-24-total-12pt5,mlb-stl-cin-2026-05-24-total-11pt5,0.28,0.26,0.02,0.005,2.2,0.02,True,True
2026-07-24T23:19:30+00:00,mlb-stl-cin-2026-05-24,over_ladder,mlb-stl-cin-2026-05-24-total-12pt5,mlb-stl-cin-2026-05-24-total-11pt5,0.28,0.26,0.02,0.005,2.2,0.02,True,True
2026-07-24T23:19:56+00:00,mlb-stl-cin-2026-05-24,over_ladder,mlb-stl-cin-2026-05-24-total-12pt5,mlb-stl-cin-2026-05-24-total-11pt5,0.28,0.26,0.02,0.005,2.2,0.02,True,True
2026-07-24T23:20:22+00:00,mlb-stl-cin-2026-05-24,over_ladder,mlb-stl-cin-2026-05-24-total-12pt5,mlb-stl-cin-2026-05-24-total-11pt5,0.28,0.26,0.02,0.005,2.2,0.02,True,True
2026-07-24T23:21:51+00:00,mlb-stl-cin-2026-05-24,over_ladder,mlb-stl-cin-2026-05-24-total-12pt5,mlb-stl-cin-2026-05-24-total-11pt5,0.28,0.26,0.02,0.005,2.2,0.02,True,True
2026-07-24T23:22:17+00:00,mlb-stl-cin-2026-05-24,over_ladder,mlb-stl-cin-2026-05-24-total-12pt5,mlb-stl-cin-2026-05-24-total-11pt5,0.28,0.26,0.02,0.005,2.2,0.02,True,True
2026-07-24T23:22:43+00:00,mlb-stl-cin-2026-05-24,over_ladder,mlb-stl-cin-2026-05-24-total-12pt5,mlb-stl-cin-2026-05-24-total-11pt5,0.28,0.26,0.02,0.005,2.2,0.02,True,True
2026-07-24T23:23:08+00:00,mlb-stl-cin-2026-05-24,over_ladder,mlb-stl-cin-2026-05-24-total-12pt5,mlb-stl-cin-2026-05-24-total-11pt5,0.28,0.26,0.02,0.005,2.2,0.02,True,True
2026-07-24T23:23:34+00:00,mlb-stl-cin-2026-05-24,over_ladder,mlb-stl-cin-2026-05-24-total-12pt5,mlb-stl-cin-2026-05-24-total-11pt5,0.28,0.26,0.02,0.005,2.2,0.02,True,True
2026-07-24T23:24:00+00:00,mlb-stl-cin-2026-05-24,over_ladder,mlb-stl-cin-2026-05-24-total-12pt5,mlb-stl-cin-2026-05-24-total-11pt5,0.28,0.26,0.02,0.005,2.2,0.04,True,True
2026-07-24T23:24:26+00:00,mlb-stl-cin-2026-05-24,over_ladder,mlb-stl-cin-2026-05-24-total-12pt5,mlb-stl-cin-2026-05-24-total-11pt5,0.28,0.24,0.04,0.025,2.2,0.04,True,True
2026-07-24T23:24:52+00:00,mlb-stl-cin-2026-05-24,over_ladder,mlb-stl-cin-2026-05-24-total-12pt5,mlb-stl-cin-2026-05-24-total-11pt5,0.28,0.24,0.04,0.025,2.2,0.04,True,True
2026-07-24T23:25:18+00:00,mlb-stl-cin-2026-05-24,over_ladder,mlb-stl-cin-2026-05-24-total-12pt5,mlb-stl-cin-2026-05-24-total-11pt5,0.28,0.24,0.04,0.025,2.2,0.04,True,True
2026-07-24T23:25:44+00:00,mlb-stl-cin-2026-05-24,over_ladder,mlb-stl-cin-2026-05-24-total-12pt5,mlb-stl-cin-2026-05-24-total-11pt5,0.28,0.24,0.04,0.025,2.2,0.04,True,True
2026-07-24T23:26:10+00:00,mlb-stl-cin-2026-05-24,over_ladder,mlb-stl-cin-2026-05-24-total-12pt5,mlb-stl-cin-2026-05-24-total-11pt5,0.28,0.24,0.04,0.025,2.2,0.04,True,True
2026-07-24T23:26:36+00:00,mlb-stl-cin-2026-05-24,over_ladder,mlb-stl-cin-2026-05-24-total-12pt5,mlb-stl-cin-2026-05-24-total-11pt5,0.28,0.24,0.04,0.025,2.2,0.04,True,True
2026-07-24T23:27:01+00:00,mlb-stl-cin-2026-05-24,over_ladder,mlb-stl-cin-2026-05-24-total-12pt5,mlb-stl-cin-2026-05-24-total-11pt5,0.28,0.24,0.04,0.025,2.2,0.04,True,True
2026-07-24T23:27:27+00:00,mlb-stl-cin-2026-05-24,over_ladder,mlb-stl-cin-2026-05-24-total-12pt5,mlb-stl-cin-2026-05-24-total-11pt5,0.28,0.24,0.04,0.025,2.2,0.04,True,True
2026-07-24T23:27:53+00:00,mlb-stl-cin-2026-05-24,over_ladder,mlb-stl-cin-2026-05-24-total-12pt5,mlb-stl-cin-2026-05-24-total-11pt5,0.28,0.24,0.04,0.025,2.2,0.04,True,True
2026-07-24T23:28:19+00:00,mlb-stl-cin-2026-05-24,over_ladder,mlb-stl-cin-2026-05-24-total-12pt5,mlb-stl-cin-2026-05-24-total-11pt5,0.28,0.24,0.04,0.025,2.2,0.04,True,True
2026-07-24T23:28:45+00:00,mlb-stl-cin-2026-05-24,over_ladder,mlb-stl-cin-2026-05-24-total-12pt5,mlb-stl-cin-2026-05-24-total-11pt5,0.28,0.24,0.04,0.025,2.2,0.04,True,True
2026-07-24T23:29:11+00:00,mlb-stl-cin-2026-05-24,over_ladder,mlb-stl-cin-2026-05-24-total-12pt5,mlb-stl-cin-2026-05-24-total-11pt5,0.28,0.24,0.04,0.025,2.2,0.04,True,True
2026-07-24T23:29:37+00:00,mlb-stl-cin-2026-05-24,over_ladder,mlb-stl-cin-2026-05-24-total-12pt5,mlb-stl-cin-2026-05-24-total-11pt5,0.28,0.24,0.04,0.025,2.2,0.04,True,True
2026-07-24T23:30:03+00:00,mlb-stl-cin-2026-05-24,over_ladder,mlb-stl-cin-2026-05-24-total-12pt5,mlb-stl-cin-2026-05-24-total-11pt5,0.28,0.24,0.04,0.025,2.2,0.04,True,True
2026-07-24T23:30:29+00:00,mlb-stl-cin-2026-05-24,over_ladder,mlb-stl-cin-2026-05-24-total-12pt5,mlb-stl-cin-2026-05-24-total-11pt5,0.28,0.24,0.04,0.025,2.2,0.04,True,True
2026-07-24T23:31:57+00:00,mlb-stl-cin-2026-05-24,over_ladder,mlb-stl-cin-2026-05-24-total-12pt5,mlb-stl-cin-2026-05-24-total-11pt5,0.28,0.24,0.04,0.025,2.2,0.04,True,True
2026-07-24T23:32:23+00:00,mlb-stl-cin-2026-05-24,over_ladder,mlb-stl-cin-2026-05-24-total-12pt5,mlb-stl-cin-2026-05-24-total-11pt5,0.28,0.24,0.04,0.025,2.2,0.04,True,True
2026-07-24T23:32:49+00:00,mlb-stl-cin-2026-05-24,over_ladder,mlb-stl-cin-2026-05-24-total-12pt5,mlb-stl-cin-2026-05-24-total-11pt5,0.28,0.24,0.04,0.025,2.2,0.04,True,True
2026-07-24T23:33:15+00:00,mlb-stl-cin-2026-05-24,over_ladder,mlb-stl-cin-2026-05-24-total-12pt5,mlb-stl-cin-2026-05-24-total-11pt5,0.28,0.24,0.04,0.025,2.2,0.04,True,True
2026-07-24T23:33:41+00:00,mlb-stl-cin-2026-05-24,over_ladder,mlb-stl-cin-2026-05-24-total-12pt5,mlb-stl-cin-2026-05-24-total-11pt5,0.28,0.24,0.04,0.025,2.2,0.04,True,True
2026-07-24T23:34:06+00:00,mlb-stl-cin-2026-05-24,over_ladder,mlb-stl-cin-2026-05-24-total-12pt5,mlb-stl-cin-2026-05-24-total-11pt5,0.28,0.24,0.04,0.025,2.2,0.04,True,True
2026-07-24T23:34:32+00:00,mlb-stl-cin-2026-05-24,over_ladder,mlb-stl-cin-2026-05-24-total-12pt5,mlb-stl-cin-2026-05-24-total-11pt5,0.28,0.24,0.04,0.025,2.2,0.04,True,True
2026-07-24T23:34:58+00:00,mlb-stl-cin-2026-05-24,over_ladder,mlb-stl-cin-2026-05-24-total-12pt5,mlb-stl-cin-2026-05-24-total-11pt5,0.28,0.24,0.04,0.025,2.2,0.04,True,True
2026-07-24T23:35:24+00:00,mlb-stl-cin-2026-05-24,over_ladder,mlb-stl-cin-2026-05-24-total-12pt5,mlb-stl-cin-2026-05-24-total-11pt5,0.28,0.24,0.04,0.025,2.2,0.04,True,True
2026-07-24T23:35:50+00:00,mlb-stl-cin-2026-05-24,over_ladder,mlb-stl-cin-2026-05-24-total-12pt5,mlb-stl-cin-2026-05-24-total-11pt5,0.28,0.24,0.04,0.025,2.2,0.04,True,True
2026-07-24T23:36:16+00:00,mlb-stl-cin-2026-05-24,over_ladder,mlb-stl-cin-2026-05-24-total-12pt5,mlb-stl-cin-2026-05-24-total-11pt5,0.28,0.24,0.04,0.025,2.2,0.04,True,True
2026-07-24T23:36:42+00:00,mlb-stl-cin-2026-05-24,over_ladder,mlb-stl-cin-2026-05-24-total-12pt5,mlb-stl-cin-2026-05-24-total-11pt5,0.28,0.24,0.04,0.025,2.2,0.04,True,True
2026-07-24T23:37:08+00:00,mlb-stl-cin-2026-05-24,over_ladder,mlb-stl-cin-2026-05-24-total-12pt5,mlb-stl-cin-2026-05-24-total-11pt5,0.28,0.24,0.04,0.025,2.2,0.04,True,True
2026-07-24T23:37:34+00:00,mlb-stl-cin-2026-05-24,over_ladder,mlb-stl-cin-2026-05-24-total-12pt5,mlb-stl-cin-2026-05-24-total-11pt5,0.28,0.24,0.04,0.025,2.2,0.04,True,True
2026-07-24T23:37:59+00:00,mlb-stl-cin-2026-05-24,over_ladder,mlb-stl-cin-2026-05-24-total-12pt5,mlb-stl-cin-2026-05-24-total-11pt5,0.28,0.24,0.04,0.025,2.2,0.04,True,True
2026-07-24T23:38:25+00:00,mlb-stl-cin-2026-05-24,over_ladder,mlb-stl-cin-2026-05-24-total-12pt5,mlb-stl-cin-2026-05-24-total-11pt5,0.28,0.24,0.04,0.025,2.2,0.04,True,True
2026-07-24T23:38:51+00:00,mlb-stl-cin-2026-05-24,over_ladder,mlb-stl-cin-2026-05-24-total-12pt5,mlb-stl-cin-2026-05-24-total-11pt5,0.28,0.24,0.04,0.025,2.2,0.04,True,True
2026-07-24T23:39:17+00:00,mlb-stl-cin-2026-05-24,over_ladder,mlb-stl-cin-2026-05-24-total-12pt5,mlb-stl-cin-2026-05-24-total-11pt5,0.28,0.24,0.04,0.025,2.2,0.04,True,True
2026-07-24T23:39:43+00:00,mlb-stl-cin-2026-05-24,over_ladder,mlb-stl-cin-2026-05-24-total-12pt5,mlb-stl-cin-2026-05-24-total-11pt5,0.28,0.24,0.04,0.025,2.2,0.04,True,True
2026-07-24T23:40:09+00:00,mlb-stl-cin-2026-05-24,over_ladder,mlb-stl-cin-2026-05-24-total-12pt5,mlb-stl-cin-2026-05-24-total-11pt5,0.28,0.24,0.04,0.025,2.2,0.04,True,True
2026-07-24T23:40:35+00:00,mlb-stl-cin-2026-05-24,over_ladder,mlb-stl-cin-2026-05-24-total-12pt5,mlb-stl-cin-2026-05-24-total-11pt5,0.28,0.24,0.04,0.025,2.2,0.04,True,True
2026-07-24T23:42:03+00:00,mlb-stl-cin-2026-05-24,over_ladder,mlb-stl-cin-2026-05-24-total-12pt5,mlb-stl-cin-2026-05-24-total-11pt5,0.28,0.24,0.04,0.025,2.2,0.04,True,True
2026-07-24T23:42:29+00:00,mlb-stl-cin-2026-05-24,over_ladder,mlb-stl-cin-2026-05-24-total-12pt5,mlb-stl-cin-2026-05-24-total-11pt5,0.28,0.24,0.04,0.025,2.2,0.04,True,True
2026-07-24T23:42:55+00:00,mlb-stl-cin-2026-05-24,over_ladder,mlb-stl-cin-2026-05-24-total-12pt5,mlb-stl-cin-2026-05-24-total-11pt5,0.28,0.24,0.04,0.025,2.2,0.04,True,True
2026-07-24T23:43:21+00:00,mlb-stl-cin-2026-05-24,over_ladder,mlb-stl-cin-2026-05-24-total-12pt5,mlb-stl-cin-2026-05-24-total-11pt5,0.28,0.24,0.04,0.025,2.2,0.04,True,True
2026-07-24T23:43:47+00:00,mlb-stl-cin-2026-05-24,over_ladder,mlb-stl-cin-2026-05-24-total-12pt5,mlb-stl-cin-2026-05-24-total-11pt5,0.28,0.24,0.04,0.025,2.2,0.04,True,True
2026-07-24T23:44:13+00:00,mlb-stl-cin-2026-05-24,over_ladder,mlb-stl-cin-2026-05-24-total-12pt5,mlb-stl-cin-2026-05-24-total-11pt5,0.28,0.24,0.04,0.025,2.2,0.04,True,True
2026-07-24T23:44:39+00:00,mlb-stl-cin-2026-05-24,over_ladder,mlb-stl-cin-2026-05-24-total-12pt5,mlb-stl-cin-2026-05-24-total-11pt5,0.28,0.24,0.04,0.025,2.2,0.04,True,True
2026-07-24T23:45:05+00:00,mlb-stl-cin-2026-05-24,over_ladder,mlb-stl-cin-2026-05-24-total-12pt5,mlb-stl-cin-2026-05-24-total-11pt5,0.28,0.24,0.04,0.025,2.2,0.04,True,True
2026-07-24T23:45:30+00:00,mlb-stl-cin-2026-05-24,over_ladder,mlb-stl-cin-2026-05-24-total-12pt5,mlb-stl-cin-2026-05-24-total-11pt5,0.28,0.24,0.04,0.025,2.2,0.04,True,True
2026-07-24T23:45:56+00:00,mlb-stl-cin-2026-05-24,over_ladder,mlb-stl-cin-2026-05-24-total-12pt5,mlb-stl-cin-2026-05-24-total-11pt5,0.28,0.24,0.04,0.025,2.2,0.04,True,True
2026-07-24T23:46:22+00:00,mlb-stl-cin-2026-05-24,over_ladder,mlb-stl-cin-2026-05-24-total-12pt5,mlb-stl-cin-2026-05-24-total-11pt5,0.28,0.24,0.04,0.025,2.2,0.04,True,True
2026-07-24T23:46:48+00:00,mlb-stl-cin-2026-05-24,over_ladder,mlb-stl-cin-2026-05-24-total-12pt5,mlb-stl-cin-2026-05-24-total-11pt5,0.28,0.24,0.04,0.025,2.2,0.04,True,True
2026-07-24T23:47:14+00:00,mlb-stl-cin-2026-05-24,over_ladder,mlb-stl-cin-2026-05-24-total-12pt5,mlb-stl-cin-2026-05-24-total-11pt5,0.28,0.24,0.04,0.025,2.2,0.04,True,True
2026-07-24T23:47:40+00:00,mlb-stl-cin-2026-05-24,over_ladder,mlb-stl-cin-2026-05-24-total-12pt5,mlb-stl-cin-2026-05-24-total-11pt5,0.28,0.24,0.04,0.025,2.2,0.04,True,True
2026-07-24T23:48:06+00:00,mlb-stl-cin-2026-05-24,over_ladder,mlb-stl-cin-2026-05-24-total-12pt5,mlb-stl-cin-2026-05-24-total-11pt5,0.28,0.24,0.04,0.025,2.2,0.04,True,True
2026-07-24T23:48:32+00:00,mlb-stl-cin-2026-05-24,over_ladder,mlb-stl-cin-2026-05-24-total-12pt5,mlb-stl-cin-2026-05-24-total-11pt5,0.28,0.24,0.04,0.025,2.2,0.04,True,True
2026-07-24T23:48:58+00:00,mlb-stl-cin-2026-05-24,over_ladder,mlb-stl-cin-2026-05-24-total-12pt5,mlb-stl-cin-2026-05-24-total-11pt5,0.28,0.24,0.04,0.025,2.2,0.04,True,True
2026-07-24T23:49:23+00:00,mlb-stl-cin-2026-05-24,over_ladder,mlb-stl-cin-2026-05-24-total-12pt5,mlb-stl-cin-2026-05-24-total-11pt5,0.28,0.24,0.04,0.025,2.2,0.04,True,True
2026-07-24T23:49:49+00:00,mlb-stl-cin-2026-05-24,over_ladder,mlb-stl-cin-2026-05-24-total-12pt5,mlb-stl-cin-2026-05-24-total-11pt5,0.28,0.24,0.04,0.025,2.2,0.04,True,True
2026-07-24T23:50:15+00:00,mlb-stl-cin-2026-05-24,over_ladder,mlb-stl-cin-2026-05-24-total-12pt5,mlb-stl-cin-2026-05-24-total-11pt5,0.28,0.24,0.04,0.025,2.2,0.04,True,True
2026-07-24T23:50:41+00:00,mlb-stl-cin-2026-05-24,over_ladder,mlb-stl-cin-2026-05-24-total-12pt5,mlb-stl-cin-2026-05-24-total-11pt5,0.28,0.24,0.04,0.025,2.2,0.04,True,True
2026-07-24T23:52:09+00:00,mlb-stl-cin-2026-05-24,over_ladder,mlb-stl-cin-2026-05-24-total-12pt5,mlb-stl-cin-2026-05-24-total-11pt5,0.28,0.24,0.04,0.025,2.2,0.04,True,True
2026-07-24T23:52:35+00:00,mlb-stl-cin-2026-05-24,over_ladder,mlb-stl-cin-2026-05-24-total-12pt5,mlb-stl-cin-2026-05-24-total-11pt5,0.28,0.24,0.04,0.025,2.2,0.04,True,True
2026-07-24T23:53:01+00:00,mlb-stl-cin-2026-05-24,over_ladder,mlb-stl-cin-2026-05-24-total-12pt5,mlb-stl-cin-2026-05-24-total-11pt5,0.28,0.24,0.04,0.025,2.2,0.04,True,True
2026-07-24T23:53:27+00:00,mlb-stl-cin-2026-05-24,over_ladder,mlb-stl-cin-2026-05-24-total-12pt5,mlb-stl-cin-2026-05-24-total-11pt5,0.28,0.24,0.04,0.025,2.2,0.04,True,True
2026-07-24T23:53:53+00:00,mlb-stl-cin-2026-05-24,over_ladder,mlb-stl-cin-2026-05-24-total-12pt5,mlb-stl-cin-2026-05-24-total-11pt5,0.28,0.24,0.04,0.025,2.2,0.04,True,True
2026-07-24T23:54:19+00:00,mlb-stl-cin-2026-05-24,over_ladder,mlb-stl-cin-2026-05-24-total-12pt5,mlb-stl-cin-2026-05-24-total-11pt5,0.28,0.22,0.06,0.045,2.2,0.06,True,True
2026-07-24T23:54:45+00:00,mlb-stl-cin-2026-05-24,over_ladder,mlb-stl-cin-2026-05-24-total-12pt5,mlb-stl-cin-2026-05-24-total-11pt5,0.28,0.22,0.06,0.045,2.2,0.06,True,True
2026-07-24T23:55:11+00:00,mlb-stl-cin-2026-05-24,over_ladder,mlb-stl-cin-2026-05-24-total-12pt5,mlb-stl-cin-2026-05-24-total-11pt5,0.28,0.22,0.06,0.045,2.2,0.06,True,True
2026-07-24T23:55:37+00:00,mlb-stl-cin-2026-05-24,over_ladder,mlb-stl-cin-2026-05-24-total-12pt5,mlb-stl-cin-2026-05-24-total-11pt5,0.28,0.22,0.06,0.045,2.2,0.06,True,True
2026-07-24T23:56:02+00:00,mlb-stl-cin-2026-05-24,over_ladder,mlb-stl-cin-2026-05-24-total-12pt5,mlb-stl-cin-2026-05-24-total-11pt5,0.28,0.22,0.06,0.045,2.2,0.06,True,True
2026-07-24T23:56:28+00:00,mlb-stl-cin-2026-05-24,over_ladder,mlb-stl-cin-2026-05-24-total-12pt5,mlb-stl-cin-2026-05-24-total-11pt5,0.28,0.22,0.06,0.045,2.2,0.06,True,True
2026-07-24T23:56:54+00:00,mlb-stl-cin-2026-05-24,over_ladder,mlb-stl-cin-2026-05-24-total-12pt5,mlb-stl-cin-2026-05-24-total-11pt5,0.28,0.22,0.06,0.045,2.2,0.06,True,True
2026-07-24T23:57:20+00:00,mlb-stl-cin-2026-05-24,over_ladder,mlb-stl-cin-2026-05-24-total-12pt5,mlb-stl-cin-2026-05-24-total-11pt5,0.28,0.22,0.06,0.045,2.2,0.06,True,True
2026-07-24T23:57:46+00:00,mlb-stl-cin-2026-05-24,over_ladder,mlb-stl-cin-2026-05-24-total-12pt5,mlb-stl-cin-2026-05-24-total-11pt5,0.28,0.22,0.06,0.045,2.2,0.06,True,True
2026-07-24T23:58:12+00:00,mlb-stl-cin-2026-05-24,over_ladder,mlb-stl-cin-2026-05-24-total-12pt5,mlb-stl-cin-2026-05-24-total-11pt5,0.28,0.22,0.06,0.045,2.2,0.06,True,True
2026-07-24T23:58:38+00:00,mlb-stl-cin-2026-05-24,over_ladder,mlb-stl-cin-2026-05-24-total-12pt5,mlb-stl-cin-2026-05-24-total-11pt5,0.28,0.22,0.06,0.045,2.2,0.06,True,True
2026-07-24T23:59:04+00:00,mlb-stl-cin-2026-05-24,over_ladder,mlb-stl-cin-2026-05-24-total-12pt5,mlb-stl-cin-2026-05-24-total-11pt5,0.28,0.22,0.06,0.045,2.2,0.06,True,True
2026-07-24T23:59:30+00:00,mlb-stl-cin-2026-05-24,over_ladder,mlb-stl-cin-2026-05-24-total-12pt5,mlb-stl-cin-2026-05-24-total-11pt5,0.28,0.22,0.06,0.045,2.2,0.06,True,True
2026-07-24T23:59:56+00:00,mlb-stl-cin-2026-05-24,over_ladder,mlb-stl-cin-2026-05-24-total-12pt5,mlb-stl-cin-2026-05-24-total-11pt5,0.28,0.22,0.06,0.045,2.2,0.06,True,True
2026-07-25T00:00:21+00:00,mlb-stl-cin-2026-05-24,over_ladder,mlb-stl-cin-2026-05-24-total-12pt5,mlb-stl-cin-2026-05-24-total-11pt5,0.28,0.22,0.06,0.045,2.2,0.06,True,True
2026-07-25T00:00:47+00:00,mlb-stl-cin-2026-05-24,over_ladder,mlb-stl-cin-2026-05-24-total-12pt5,mlb-stl-cin-2026-05-24-total-11pt5,0.28,0.22,0.06,0.045,2.2,0.06,True,True
2026-07-25T00:02:16+00:00,mlb-stl-cin-2026-05-24,over_ladder,mlb-stl-cin-2026-05-24-total-12pt5,mlb-stl-cin-2026-05-24-total-11pt5,0.28,0.22,0.06,0.045,2.2,0.06,True,True
2026-07-25T00:02:42+00:00,mlb-stl-cin-2026-05-24,over_ladder,mlb-stl-cin-2026-05-24-total-12pt5,mlb-stl-cin-2026-05-24-total-11pt5,0.28,0.23,0.05,0.035,2.2,0.05,True,True
2026-07-25T00:03:07+00:00,mlb-stl-cin-2026-05-24,over_ladder,mlb-stl-cin-2026-05-24-total-12pt5,mlb-stl-cin-2026-05-24-total-11pt5,0.28,0.23,0.05,0.035,2.2,0.05,True,True
2026-07-25T00:03:33+00:00,mlb-stl-cin-2026-05-24,over_ladder,mlb-stl-cin-2026-05-24-total-12pt5,mlb-stl-cin-2026-05-24-total-11pt5,0.28,0.23,0.05,0.035,2.2,0.05,True,True
2026-07-25T00:03:59+00:00,mlb-stl-cin-2026-05-24,over_ladder,mlb-stl-cin-2026-05-24-total-12pt5,mlb-stl-cin-2026-05-24-total-11pt5,0.28,0.23,0.05,0.035,2.2,0.05,True,True
2026-07-25T00:04:25+00:00,mlb-stl-cin-2026-05-24,over_ladder,mlb-stl-cin-2026-05-24-total-12pt5,mlb-stl-cin-2026-05-24-total-11pt5,0.28,0.23,0.05,0.035,2.2,0.05,True,True
2026-07-25T00:04:52+00:00,mlb-stl-cin-2026-05-24,over_ladder,mlb-stl-cin-2026-05-24-total-12pt5,mlb-stl-cin-2026-05-24-total-11pt5,0.28,0.23,0.05,0.035,2.2,0.05,True,True
2026-07-25T00:05:17+00:00,mlb-stl-cin-2026-05-24,over_ladder,mlb-stl-cin-2026-05-24-total-12pt5,mlb-stl-cin-2026-05-24-total-11pt5,0.28,0.23,0.05,0.035,2.2,0.05,True,True
2026-07-25T00:05:43+00:00,mlb-stl-cin-2026-05-24,over_ladder,mlb-stl-cin-2026-05-24-total-12pt5,mlb-stl-cin-2026-05-24-total-11pt5,0.28,0.23,0.05,0.035,2.2,0.05,True,True
2026-07-25T00:06:09+00:00,mlb-stl-cin-2026-05-24,over_ladder,mlb-stl-cin-2026-05-24-total-12pt5,mlb-stl-cin-2026-05-24-total-11pt5,0.28,0.23,0.05,0.035,2.2,0.05,True,True
2026-07-25T00:06:35+00:00,mlb-stl-cin-2026-05-24,over_ladder,mlb-stl-cin-2026-05-24-total-12pt5,mlb-stl-cin-2026-05-24-total-11pt5,0.28,0.23,0.05,0.035,2.2,0.05,True,True
2026-07-25T00:07:01+00:00,mlb-stl-cin-2026-05-24,over_ladder,mlb-stl-cin-2026-05-24-total-12pt5,mlb-stl-cin-2026-05-24-total-11pt5,0.28,0.23,0.05,0.035,2.2,0.05,True,True
2026-07-25T00:07:27+00:00,mlb-stl-cin-2026-05-24,over_ladder,mlb-stl-cin-2026-05-24-total-12pt5,mlb-stl-cin-2026-05-24-total-11pt5,0.28,0.23,0.05,0.035,2.2,0.05,True,True
2026-07-25T00:07:53+00:00,mlb-stl-cin-2026-05-24,over_ladder,mlb-stl-cin-2026-05-24-total-12pt5,mlb-stl-cin-2026-05-24-total-11pt5,0.28,0.23,0.05,0.035,2.2,0.05,True,True
2026-07-25T00:08:19+00:00,mlb-stl-cin-2026-05-24,over_ladder,mlb-stl-cin-2026-05-24-total-12pt5,mlb-stl-cin-2026-05-24-total-11pt5,0.28,0.23,0.05,0.035,2.2,0.05,True,True
2026-07-25T00:08:44+00:00,mlb-stl-cin-2026-05-24,over_ladder,mlb-stl-cin-2026-05-24-total-12pt5,mlb-stl-cin-2026-05-24-total-11pt5,0.28,0.23,0.05,0.035,2.2,0.05,True,True
2026-07-25T00:09:11+00:00,mlb-stl-cin-2026-05-24,over_ladder,mlb-stl-cin-2026-05-24-total-12pt5,mlb-stl-cin-2026-05-24-total-11pt5,0.28,0.23,0.05,0.035,2.2,0.05,True,True
2026-07-25T00:09:36+00:00,mlb-stl-cin-2026-05-24,over_ladder,mlb-stl-cin-2026-05-24-total-12pt5,mlb-stl-cin-2026-05-24-total-11pt5,0.28,0.23,0.05,0.035,2.2,0.05,True,True
2026-07-25T00:10:03+00:00,mlb-stl-cin-2026-05-24,over_ladder,mlb-stl-cin-2026-05-24-total-12pt5,mlb-stl-cin-2026-05-24-total-11pt5,0.28,0.23,0.05,0.035,2.2,0.05,True,True
2026-07-25T00:10:29+00:00,mlb-stl-cin-2026-05-24,over_ladder,mlb-stl-cin-2026-05-24-total-12pt5,mlb-stl-cin-2026-05-24-total-11pt5,0.28,0.23,0.05,0.035,2.2,0.05,True,True
2026-07-25T00:10:54+00:00,mlb-stl-cin-2026-05-24,over_ladder,mlb-stl-cin-2026-05-24-total-12pt5,mlb-stl-cin-2026-05-24-total-11pt5,0.28,0.23,0.05,0.035,2.2,0.05,True,True
2026-07-25T00:12:23+00:00,mlb-stl-cin-2026-05-24,over_ladder,mlb-stl-cin-2026-05-24-total-12pt5,mlb-stl-cin-2026-05-24-total-11pt5,0.28,0.23,0.05,0.035,2.2,0.05,True,True
2026-07-25T00:12:49+00:00,mlb-stl-cin-2026-05-24,over_ladder,mlb-stl-cin-2026-05-24-total-12pt5,mlb-stl-cin-2026-05-24-total-11pt5,0.28,0.23,0.05,0.035,2.2,0.05,True,True
2026-07-25T00:13:14+00:00,mlb-stl-cin-2026-05-24,over_ladder,mlb-stl-cin-2026-05-24-total-12pt5,mlb-stl-cin-2026-05-24-total-11pt5,0.28,0.23,0.05,0.035,2.2,0.05,True,True
2026-07-25T00:13:40+00:00,mlb-stl-cin-2026-05-24,over_ladder,mlb-stl-cin-2026-05-24-total-12pt5,mlb-stl-cin-2026-05-24-total-11pt5,0.28,0.23,0.05,0.035,2.2,0.05,True,True
2026-07-25T00:14:06+00:00,mlb-stl-cin-2026-05-24,over_ladder,mlb-stl-cin-2026-05-24-total-12pt5,mlb-stl-cin-2026-05-24-total-11pt5,0.28,0.23,0.05,0.035,2.2,0.05,True,True
2026-07-25T00:14:32+00:00,mlb-stl-cin-2026-05-24,over_ladder,mlb-stl-cin-2026-05-24-total-12pt5,mlb-stl-cin-2026-05-24-total-11pt5,0.28,0.23,0.05,0.035,2.2,0.05,True,True
2026-07-25T00:14:59+00:00,mlb-stl-cin-2026-05-24,over_ladder,mlb-stl-cin-2026-05-24-total-12pt5,mlb-stl-cin-2026-05-24-total-11pt5,0.28,0.23,0.05,0.035,2.2,0.05,True,True
2026-07-25T00:15:25+00:00,mlb-stl-cin-2026-05-24,over_ladder,mlb-stl-cin-2026-05-24-total-12pt5,mlb-stl-cin-2026-05-24-total-11pt5,0.28,0.23,0.05,0.035,2.2,0.05,True,True
2026-07-25T00:15:51+00:00,mlb-stl-cin-2026-05-24,over_ladder,mlb-stl-cin-2026-05-24-total-12pt5,mlb-stl-cin-2026-05-24-total-11pt5,0.28,0.23,0.05,0.035,2.2,0.05,True,True
2026-07-25T00:16:16+00:00,mlb-stl-cin-2026-05-24,over_ladder,mlb-stl-cin-2026-05-24-total-12pt5,mlb-stl-cin-2026-05-24-total-11pt5,0.28,0.23,0.05,0.035,2.2,0.05,True,True
2026-07-25T00:16:42+00:00,mlb-stl-cin-2026-05-24,over_ladder,mlb-stl-cin-2026-05-24-total-12pt5,mlb-stl-cin-2026-05-24-total-11pt5,0.28,0.23,0.05,0.035,2.2,0.05,True,True
2026-07-25T00:17:08+00:00,mlb-stl-cin-2026-05-24,over_ladder,mlb-stl-cin-2026-05-24-total-12pt5,mlb-stl-cin-2026-05-24-total-11pt5,0.28,0.23,0.05,0.035,2.2,0.05,True,True
2026-07-25T00:17:34+00:00,mlb-stl-cin-2026-05-24,over_ladder,mlb-stl-cin-2026-05-24-total-12pt5,mlb-stl-cin-2026-05-24-total-11pt5,0.28,0.23,0.05,0.035,2.2,0.05,True,True
2026-07-25T00:18:00+00:00,mlb-stl-cin-2026-05-24,over_ladder,mlb-stl-cin-2026-05-24-total-12pt5,mlb-stl-cin-2026-05-24-total-11pt5,0.28,0.23,0.05,0.035,2.2,0.05,True,True
2026-07-25T00:18:26+00:00,mlb-stl-cin-2026-05-24,over_ladder,mlb-stl-cin-2026-05-24-total-12pt5,mlb-stl-cin-2026-05-24-total-11pt5,0.28,0.23,0.05,0.035,2.2,0.05,True,True
2026-07-25T00:18:52+00:00,mlb-stl-cin-2026-05-24,over_ladder,mlb-stl-cin-2026-05-24-total-12pt5,mlb-stl-cin-2026-05-24-total-11pt5,0.28,0.23,0.05,0.035,2.2,0.05,True,True
2026-07-25T00:19:18+00:00,mlb-stl-cin-2026-05-24,over_ladder,mlb-stl-cin-2026-05-24-total-12pt5,mlb-stl-cin-2026-05-24-total-11pt5,0.28,0.23,0.05,0.035,2.2,0.05,True,True
2026-07-25T00:19:44+00:00,mlb-stl-cin-2026-05-24,over_ladder,mlb-stl-cin-2026-05-24-total-12pt5,mlb-stl-cin-2026-05-24-total-11pt5,0.28,0.23,0.05,0.035,2.2,0.05,True,True
2026-07-25T00:20:10+00:00,mlb-stl-cin-2026-05-24,over_ladder,mlb-stl-cin-2026-05-24-total-12pt5,mlb-stl-cin-2026-05-24-total-11pt5,0.28,0.23,0.05,0.035,2.2,0.05,True,True
2026-07-25T00:20:36+00:00,mlb-stl-cin-2026-05-24,over_ladder,mlb-stl-cin-2026-05-24-total-12pt5,mlb-stl-cin-2026-05-24-total-11pt5,0.28,0.23,0.05,0.035,2.2,0.05,True,True
2026-07-25T00:21:01+00:00,mlb-stl-cin-2026-05-24,over_ladder,mlb-stl-cin-2026-05-24-total-12pt5,mlb-stl-cin-2026-05-24-total-11pt5,0.28,0.23,0.05,0.035,2.2,0.05,True,True
2026-07-25T00:22:30+00:00,mlb-stl-cin-2026-05-24,over_ladder,mlb-stl-cin-2026-05-24-total-12pt5,mlb-stl-cin-2026-05-24-total-11pt5,0.28,0.23,0.05,0.035,2.2,0.05,True,True
2026-07-25T00:22:55+00:00,mlb-stl-cin-2026-05-24,over_ladder,mlb-stl-cin-2026-05-24-total-12pt5,mlb-stl-cin-2026-05-24-total-11pt5,0.28,0.23,0.05,0.035,2.2,0.05,True,True
2026-07-25T00:23:21+00:00,mlb-stl-cin-2026-05-24,over_ladder,mlb-stl-cin-2026-05-24-total-12pt5,mlb-stl-cin-2026-05-24-total-11pt5,0.28,0.23,0.05,0.035,2.2,0.05,True,True
2026-07-25T00:23:47+00:00,mlb-stl-cin-2026-05-24,over_ladder,mlb-stl-cin-2026-05-24-total-12pt5,mlb-stl-cin-2026-05-24-total-11pt5,0.28,0.23,0.05,0.035,2.2,0.05,True,True
2026-07-25T00:24:13+00:00,mlb-stl-cin-2026-05-24,over_ladder,mlb-stl-cin-2026-05-24-total-12pt5,mlb-stl-cin-2026-05-24-total-11pt5,0.28,0.22,0.06,0.045,2.2,0.07,True,True
2026-07-25T00:24:39+00:00,mlb-stl-cin-2026-05-24,over_ladder,mlb-stl-cin-2026-05-24-total-12pt5,mlb-stl-cin-2026-05-24-total-11pt5,0.28,0.21,0.07,0.055,2.2,0.07,True,True
2026-07-25T00:25:05+00:00,mlb-stl-cin-2026-05-24,over_ladder,mlb-stl-cin-2026-05-24-total-12pt5,mlb-stl-cin-2026-05-24-total-11pt5,0.28,0.21,0.07,0.055,2.2,0.07,True,True
2026-07-25T00:25:31+00:00,mlb-stl-cin-2026-05-24,over_ladder,mlb-stl-cin-2026-05-24-total-12pt5,mlb-stl-cin-2026-05-24-total-11pt5,0.28,0.21,0.07,0.055,2.2,0.07,True,True
2026-07-25T00:25:57+00:00,mlb-stl-cin-2026-05-24,over_ladder,mlb-stl-cin-2026-05-24-total-12pt5,mlb-stl-cin-2026-05-24-total-11pt5,0.28,0.21,0.07,0.055,2.2,0.07,True,True
2026-07-25T00:26:23+00:00,mlb-stl-cin-2026-05-24,over_ladder,mlb-stl-cin-2026-05-24-total-12pt5,mlb-stl-cin-2026-05-24-total-11pt5,0.28,0.21,0.07,0.055,2.2,0.07,True,True
2026-07-25T00:26:49+00:00,mlb-stl-cin-2026-05-24,over_ladder,mlb-stl-cin-2026-05-24-total-12pt5,mlb-stl-cin-2026-05-24-total-11pt5,0.28,0.21,0.07,0.055,2.2,0.07,True,True
2026-07-25T00:27:15+00:00,mlb-stl-cin-2026-05-24,over_ladder,mlb-stl-cin-2026-05-24-total-12pt5,mlb-stl-cin-2026-05-24-total-11pt5,0.28,0.21,0.07,0.055,2.2,0.07,True,True
2026-07-25T00:27:40+00:00,mlb-stl-cin-2026-05-24,over_ladder,mlb-stl-cin-2026-05-24-total-12pt5,mlb-stl-cin-2026-05-24-total-11pt5,0.28,0.21,0.07,0.055,2.2,0.07,True,True
2026-07-25T00:28:06+00:00,mlb-stl-cin-2026-05-24,over_ladder,mlb-stl-cin-2026-05-24-total-12pt5,mlb-stl-cin-2026-05-24-total-11pt5,0.28,0.21,0.07,0.055,2.2,0.07,True,True
2026-07-25T00:28:32+00:00,mlb-stl-cin-2026-05-24,over_ladder,mlb-stl-cin-2026-05-24-total-12pt5,mlb-stl-cin-2026-05-24-total-11pt5,0.28,0.21,0.07,0.055,2.2,0.07,True,True
2026-07-25T00:28:58+00:00,mlb-stl-cin-2026-05-24,over_ladder,mlb-stl-cin-2026-05-24-total-12pt5,mlb-stl-cin-2026-05-24-total-11pt5,0.28,0.21,0.07,0.055,2.2,0.07,True,True
2026-07-25T00:29:24+00:00,mlb-stl-cin-2026-05-24,over_ladder,mlb-stl-cin-2026-05-24-total-12pt5,mlb-stl-cin-2026-05-24-total-11pt5,0.28,0.21,0.07,0.055,2.2,0.07,True,True
2026-07-25T00:29:50+00:00,mlb-stl-cin-2026-05-24,over_ladder,mlb-stl-cin-2026-05-24-total-12pt5,mlb-stl-cin-2026-05-24-total-11pt5,0.28,0.21,0.07,0.055,2.2,0.07,True,True
2026-07-25T00:30:16+00:00,mlb-stl-cin-2026-05-24,over_ladder,mlb-stl-cin-2026-05-24-total-12pt5,mlb-stl-cin-2026-05-24-total-11pt5,0.28,0.21,0.07,0.055,2.2,0.07,True,True
2026-07-25T00:30:42+00:00,mlb-stl-cin-2026-05-24,over_ladder,mlb-stl-cin-2026-05-24-total-12pt5,mlb-stl-cin-2026-05-24-total-11pt5,0.28,0.21,0.07,0.055,2.2,0.07,True,True
2026-07-25T00:31:08+00:00,mlb-stl-cin-2026-05-24,over_ladder,mlb-stl-cin-2026-05-24-total-12pt5,mlb-stl-cin-2026-05-24-total-11pt5,0.28,0.21,0.07,0.055,2.2,0.07,True,True
2026-07-25T00:32:36+00:00,mlb-stl-cin-2026-05-24,over_ladder,mlb-stl-cin-2026-05-24-total-12pt5,mlb-stl-cin-2026-05-24-total-11pt5,0.28,0.21,0.07,0.055,2.2,0.07,True,True
2026-07-25T00:33:02+00:00,mlb-stl-cin-2026-05-24,over_ladder,mlb-stl-cin-2026-05-24-total-12pt5,mlb-stl-cin-2026-05-24-total-11pt5,0.28,0.21,0.07,0.055,2.2,0.07,True,True
2026-07-25T00:33:28+00:00,mlb-stl-cin-2026-05-24,over_ladder,mlb-stl-cin-2026-05-24-total-12pt5,mlb-stl-cin-2026-05-24-total-11pt5,0.28,0.21,0.07,0.055,2.2,0.07,True,True
2026-07-25T00:33:54+00:00,mlb-stl-cin-2026-05-24,over_ladder,mlb-stl-cin-2026-05-24-total-12pt5,mlb-stl-cin-2026-05-24-total-11pt5,0.28,0.21,0.07,0.055,2.2,0.07,True,True
2026-07-25T00:34:20+00:00,mlb-stl-cin-2026-05-24,over_ladder,mlb-stl-cin-2026-05-24-total-12pt5,mlb-stl-cin-2026-05-24-total-11pt5,0.28,0.21,0.07,0.055,2.2,0.07,True,True
2026-07-25T00:34:45+00:00,mlb-stl-cin-2026-05-24,over_ladder,mlb-stl-cin-2026-05-24-total-12pt5,mlb-stl-cin-2026-05-24-total-11pt5,0.28,0.21,0.07,0.055,2.2,0.07,True,True
2026-07-25T00:35:11+00:00,mlb-stl-cin-2026-05-24,over_ladder,mlb-stl-cin-2026-05-24-total-12pt5,mlb-stl-cin-2026-05-24-total-11pt5,0.28,0.21,0.07,0.055,2.2,0.07,True,True
2026-07-25T00:35:37+00:00,mlb-stl-cin-2026-05-24,over_ladder,mlb-stl-cin-2026-05-24-total-12pt5,mlb-stl-cin-2026-05-24-total-11pt5,0.28,0.21,0.07,0.055,2.2,0.07,True,True
2026-07-25T00:36:03+00:00,mlb-stl-cin-2026-05-24,over_ladder,mlb-stl-cin-2026-05-24-total-12pt5,mlb-stl-cin-2026-05-24-total-11pt5,0.28,0.21,0.07,0.055,2.2,0.07,True,True
2026-07-25T00:36:29+00:00,mlb-stl-cin-2026-05-24,over_ladder,mlb-stl-cin-2026-05-24-total-12pt5,mlb-stl-cin-2026-05-24-total-11pt5,0.28,0.21,0.07,0.055,2.2,0.07,True,True
2026-07-25T00:36:55+00:00,mlb-stl-cin-2026-05-24,over_ladder,mlb-stl-cin-2026-05-24-total-12pt5,mlb-stl-cin-2026-05-24-total-11pt5,0.28,0.21,0.07,0.055,2.2,0.07,True,True
2026-07-25T00:37:21+00:00,mlb-stl-cin-2026-05-24,over_ladder,mlb-stl-cin-2026-05-24-total-12pt5,mlb-stl-cin-2026-05-24-total-11pt5,0.28,0.21,0.07,0.055,2.2,0.07,True,True
2026-07-25T00:37:47+00:00,mlb-stl-cin-2026-05-24,over_ladder,mlb-stl-cin-2026-05-24-total-12pt5,mlb-stl-cin-2026-05-24-total-11pt5,0.28,0.21,0.07,0.055,2.2,0.07,True,True
2026-07-25T00:38:13+00:00,mlb-stl-cin-2026-05-24,over_ladder,mlb-stl-cin-2026-05-24-total-12pt5,mlb-stl-cin-2026-05-24-total-11pt5,0.28,0.21,0.07,0.055,2.2,0.07,True,True
2026-07-25T00:38:38+00:00,mlb-stl-cin-2026-05-24,over_ladder,mlb-stl-cin-2026-05-24-total-12pt5,mlb-stl-cin-2026-05-24-total-11pt5,0.28,0.21,0.07,0.055,2.2,0.07,True,True
2026-07-25T00:39:04+00:00,mlb-stl-cin-2026-05-24,over_ladder,mlb-stl-cin-2026-05-24-total-12pt5,mlb-stl-cin-2026-05-24-total-11pt5,0.28,0.21,0.07,0.055,2.2,0.07,True,True
2026-07-25T00:39:30+00:00,mlb-stl-cin-2026-05-24,over_ladder,mlb-stl-cin-2026-05-24-total-12pt5,mlb-stl-cin-2026-05-24-total-11pt5,0.28,0.21,0.07,0.055,2.2,0.07,True,True
2026-07-25T00:39:56+00:00,mlb-stl-cin-2026-05-24,over_ladder,mlb-stl-cin-2026-05-24-total-12pt5,mlb-stl-cin-2026-05-24-total-11pt5,0.28,0.21,0.07,0.055,2.2,0.07,True,True
2026-07-25T00:40:22+00:00,mlb-stl-cin-2026-05-24,over_ladder,mlb-stl-cin-2026-05-24-total-12pt5,mlb-stl-cin-2026-05-24-total-11pt5,0.28,0.21,0.07,0.055,2.2,0.07,True,True
2026-07-25T00:40:48+00:00,mlb-stl-cin-2026-05-24,over_ladder,mlb-stl-cin-2026-05-24-total-12pt5,mlb-stl-cin-2026-05-24-total-11pt5,0.28,0.21,0.07,0.055,2.2,0.07,True,True
2026-07-25T00:41:14+00:00,mlb-stl-cin-2026-05-24,over_ladder,mlb-stl-cin-2026-05-24-total-12pt5,mlb-stl-cin-2026-05-24-total-11pt5,0.28,0.21,0.07,0.055,2.2,0.07,True,True
2026-07-25T00:42:43+00:00,mlb-stl-cin-2026-05-24,over_ladder,mlb-stl-cin-2026-05-24-total-12pt5,mlb-stl-cin-2026-05-24-total-11pt5,0.28,0.21,0.07,0.055,2.2,0.07,True,True
2026-07-25T00:43:09+00:00,mlb-stl-cin-2026-05-24,over_ladder,mlb-stl-cin-2026-05-24-total-12pt5,mlb-stl-cin-2026-05-24-total-11pt5,0.28,0.21,0.07,0.055,2.2,0.07,True,True
2026-07-25T00:43:35+00:00,mlb-stl-cin-2026-05-24,over_ladder,mlb-stl-cin-2026-05-24-total-12pt5,mlb-stl-cin-2026-05-24-total-11pt5,0.28,0.21,0.07,0.055,2.2,0.07,True,True
2026-07-25T00:44:01+00:00,mlb-stl-cin-2026-05-24,over_ladder,mlb-stl-cin-2026-05-24-total-12pt5,mlb-stl-cin-2026-05-24-total-11pt5,0.28,0.21,0.07,0.055,2.2,0.07,True,True
2026-07-25T00:44:27+00:00,mlb-stl-cin-2026-05-24,over_ladder,mlb-stl-cin-2026-05-24-total-12pt5,mlb-stl-cin-2026-05-24-total-11pt5,0.28,0.21,0.07,0.055,2.2,0.07,True,True
2026-07-25T00:44:52+00:00,mlb-stl-cin-2026-05-24,over_ladder,mlb-stl-cin-2026-05-24-total-12pt5,mlb-stl-cin-2026-05-24-total-11pt5,0.28,0.21,0.07,0.055,2.2,0.07,True,True
2026-07-25T00:45:18+00:00,mlb-stl-cin-2026-05-24,over_ladder,mlb-stl-cin-2026-05-24-total-12pt5,mlb-stl-cin-2026-05-24-total-11pt5,0.28,0.21,0.07,0.055,2.2,0.07,True,True
2026-07-25T00:45:44+00:00,mlb-stl-cin-2026-05-24,over_ladder,mlb-stl-cin-2026-05-24-total-12pt5,mlb-stl-cin-2026-05-24-total-11pt5,0.28,0.21,0.07,0.055,2.2,0.07,True,True
2026-07-25T00:46:10+00:00,mlb-stl-cin-2026-05-24,over_ladder,mlb-stl-cin-2026-05-24-total-12pt5,mlb-stl-cin-2026-05-24-total-11pt5,0.28,0.21,0.07,0.055,2.2,0.07,True,True
2026-07-25T00:46:36+00:00,mlb-stl-cin-2026-05-24,over_ladder,mlb-stl-cin-2026-05-24-total-12pt5,mlb-stl-cin-2026-05-24-total-11pt5,0.28,0.21,0.07,0.055,2.2,0.07,True,True
2026-07-25T00:47:02+00:00,mlb-stl-cin-2026-05-24,over_ladder,mlb-stl-cin-2026-05-24-total-12pt5,mlb-stl-cin-2026-05-24-total-11pt5,0.28,0.21,0.07,0.055,2.2,0.07,True,True
2026-07-25T00:47:28+00:00,mlb-stl-cin-2026-05-24,over_ladder,mlb-stl-cin-2026-05-24-total-12pt5,mlb-stl-cin-2026-05-24-total-11pt5,0.28,0.21,0.07,0.055,2.2,0.07,True,True
2026-07-25T00:47:54+00:00,mlb-stl-cin-2026-05-24,over_ladder,mlb-stl-cin-2026-05-24-total-12pt5,mlb-stl-cin-2026-05-24-total-11pt5,0.28,0.21,0.07,0.055,2.2,0.07,True,True
2026-07-25T00:48:20+00:00,mlb-stl-cin-2026-05-24,over_ladder,mlb-stl-cin-2026-05-24-total-12pt5,mlb-stl-cin-2026-05-24-total-11pt5,0.28,0.21,0.07,0.055,2.2,0.07,True,True
2026-07-25T00:48:46+00:00,mlb-stl-cin-2026-05-24,over_ladder,mlb-stl-cin-2026-05-24-total-12pt5,mlb-stl-cin-2026-05-24-total-11pt5,0.28,0.21,0.07,0.055,2.2,0.07,True,True
2026-07-25T00:49:12+00:00,mlb-stl-cin-2026-05-24,over_ladder,mlb-stl-cin-2026-05-24-total-12pt5,mlb-stl-cin-2026-05-24-total-11pt5,0.28,0.21,0.07,0.055,2.2,0.07,True,True
2026-07-25T00:49:38+00:00,mlb-stl-cin-2026-05-24,over_ladder,mlb-stl-cin-2026-05-24-total-12pt5,mlb-stl-cin-2026-05-24-total-11pt5,0.28,0.21,0.07,0.055,2.2,0.07,True,True
2026-07-25T00:50:03+00:00,mlb-stl-cin-2026-05-24,over_ladder,mlb-stl-cin-2026-05-24-total-12pt5,mlb-stl-cin-2026-05-24-total-11pt5,0.28,0.21,0.07,0.055,2.2,0.07,True,True
2026-07-25T00:50:29+00:00,mlb-stl-cin-2026-05-24,over_ladder,mlb-stl-cin-2026-05-24-total-12pt5,mlb-stl-cin-2026-05-24-total-11pt5,0.28,0.21,0.07,0.055,2.2,0.07,True,True
2026-07-25T00:50:55+00:00,mlb-stl-cin-2026-05-24,over_ladder,mlb-stl-cin-2026-05-24-total-12pt5,mlb-stl-cin-2026-05-24-total-11pt5,0.28,0.21,0.07,0.055,2.2,0.07,True,True
2026-07-25T00:51:21+00:00,mlb-stl-cin-2026-05-24,over_ladder,mlb-stl-cin-2026-05-24-total-12pt5,mlb-stl-cin-2026-05-24-total-11pt5,0.28,0.21,0.07,0.055,2.2,0.07,True,True
2026-07-25T00:52:49+00:00,mlb-stl-cin-2026-05-24,over_ladder,mlb-stl-cin-2026-05-24-total-12pt5,mlb-stl-cin-2026-05-24-total-11pt5,0.28,0.21,0.07,0.055,2.2,0.07,True,True
2026-07-25T00:53:15+00:00,mlb-stl-cin-2026-05-24,over_ladder,mlb-stl-cin-2026-05-24-total-12pt5,mlb-stl-cin-2026-05-24-total-11pt5,0.28,0.21,0.07,0.055,2.2,0.07,True,True
2026-07-25T00:53:41+00:00,mlb-stl-cin-2026-05-24,over_ladder,mlb-stl-cin-2026-05-24-total-12pt5,mlb-stl-cin-2026-05-24-total-11pt5,0.28,0.21,0.07,0.055,2.2,0.07,True,True
2026-07-25T00:54:07+00:00,mlb-stl-cin-2026-05-24,over_ladder,mlb-stl-cin-2026-05-24-total-12pt5,mlb-stl-cin-2026-05-24-total-11pt5,0.28,0.21,0.07,0.055,2.2,0.07,True,True
2026-07-25T00:54:33+00:00,mlb-stl-cin-2026-05-24,over_ladder,mlb-stl-cin-2026-05-24-total-12pt5,mlb-stl-cin-2026-05-24-total-11pt5,0.28,0.21,0.07,0.055,2.2,0.07,True,True
2026-07-25T00:54:59+00:00,mlb-stl-cin-2026-05-24,over_ladder,mlb-stl-cin-2026-05-24-total-12pt5,mlb-stl-cin-2026-05-24-total-11pt5,0.28,0.21,0.07,0.055,2.2,0.07,True,True
2026-07-25T00:55:25+00:00,mlb-stl-cin-2026-05-24,over_ladder,mlb-stl-cin-2026-05-24-total-12pt5,mlb-stl-cin-2026-05-24-total-11pt5,0.28,0.21,0.07,0.055,2.2,0.07,True,True
2026-07-25T00:55:51+00:00,mlb-stl-cin-2026-05-24,over_ladder,mlb-stl-cin-2026-05-24-total-12pt5,mlb-stl-cin-2026-05-24-total-11pt5,0.28,0.21,0.07,0.055,2.2,0.07,True,True
2026-07-25T00:56:16+00:00,mlb-stl-cin-2026-05-24,over_ladder,mlb-stl-cin-2026-05-24-total-12pt5,mlb-stl-cin-2026-05-24-total-11pt5,0.28,0.21,0.07,0.055,2.2,0.07,True,True
2026-07-25T00:56:42+00:00,mlb-stl-cin-2026-05-24,over_ladder,mlb-stl-cin-2026-05-24-total-12pt5,mlb-stl-cin-2026-05-24-total-11pt5,0.28,0.21,0.07,0.055,2.2,0.07,True,True
2026-07-25T00:57:08+00:00,mlb-stl-cin-2026-05-24,over_ladder,mlb-stl-cin-2026-05-24-total-12pt5,mlb-stl-cin-2026-05-24-total-11pt5,0.28,0.21,0.07,0.055,2.2,0.07,True,True
2026-07-25T00:57:34+00:00,mlb-stl-cin-2026-05-24,over_ladder,mlb-stl-cin-2026-05-24-total-12pt5,mlb-stl-cin-2026-05-24-total-11pt5,0.28,0.21,0.07,0.055,2.2,0.07,True,True
2026-07-25T00:58:00+00:00,mlb-stl-cin-2026-05-24,over_ladder,mlb-stl-cin-2026-05-24-total-12pt5,mlb-stl-cin-2026-05-24-total-11pt5,0.28,0.21,0.07,0.055,2.2,0.07,True,True
2026-07-25T00:58:26+00:00,mlb-stl-cin-2026-05-24,over_ladder,mlb-stl-cin-2026-05-24-total-12pt5,mlb-stl-cin-2026-05-24-total-11pt5,0.28,0.21,0.07,0.055,2.2,0.07,True,True
2026-07-25T00:58:52+00:00,mlb-stl-cin-2026-05-24,over_ladder,mlb-stl-cin-2026-05-24-total-12pt5,mlb-stl-cin-2026-05-24-total-11pt5,0.28,0.21,0.07,0.055,2.2,0.07,True,True
2026-07-25T00:59:18+00:00,mlb-stl-cin-2026-05-24,over_ladder,mlb-stl-cin-2026-05-24-total-12pt5,mlb-stl-cin-2026-05-24-total-11pt5,0.28,0.21,0.07,0.055,2.2,0.07,True,True
2026-07-25T00:59:44+00:00,mlb-stl-cin-2026-05-24,over_ladder,mlb-stl-cin-2026-05-24-total-12pt5,mlb-stl-cin-2026-05-24-total-11pt5,0.28,0.21,0.07,0.055,2.2,0.07,True,True
2026-07-25T01:00:10+00:00,mlb-stl-cin-2026-05-24,over_ladder,mlb-stl-cin-2026-05-24-total-12pt5,mlb-stl-cin-2026-05-24-total-11pt5,0.28,0.21,0.07,0.055,2.2,0.07,True,True
2026-07-25T01:00:35+00:00,mlb-stl-cin-2026-05-24,over_ladder,mlb-stl-cin-2026-05-24-total-12pt5,mlb-stl-cin-2026-05-24-total-11pt5,0.28,0.21,0.07,0.055,2.2,0.07,True,True
2026-07-25T01:01:01+00:00,mlb-stl-cin-2026-05-24,over_ladder,mlb-stl-cin-2026-05-24-total-12pt5,mlb-stl-cin-2026-05-24-total-11pt5,0.28,0.21,0.07,0.055,2.2,0.07,True,True
2026-07-25T01:01:27+00:00,mlb-stl-cin-2026-05-24,over_ladder,mlb-stl-cin-2026-05-24-total-12pt5,mlb-stl-cin-2026-05-24-total-11pt5,0.28,0.21,0.07,0.055,2.2,0.07,True,True
2026-07-25T01:02:56+00:00,mlb-stl-cin-2026-05-24,over_ladder,mlb-stl-cin-2026-05-24-total-12pt5,mlb-stl-cin-2026-05-24-total-11pt5,0.28,0.21,0.07,0.055,2.2,0.07,True,True
2026-07-25T03:19:41+00:00,mlb-stl-cin-2026-05-24,over_ladder,mlb-stl-cin-2026-05-24-total-12pt5,mlb-stl-cin-2026-05-24-total-11pt5,0.28,0.21,0.07,0.055,2.2,0.07,True,True
2026-07-25T03:20:07+00:00,mlb-stl-cin-2026-05-24,over_ladder,mlb-stl-cin-2026-05-24-total-12pt5,mlb-stl-cin-2026-05-24-total-11pt5,0.28,0.21,0.07,0.055,2.2,0.07,True,True
2026-07-25T03:20:32+00:00,mlb-stl-cin-2026-05-24,over_ladder,mlb-stl-cin-2026-05-24-total-12pt5,mlb-stl-cin-2026-05-24-total-11pt5,0.28,0.21,0.07,0.055,2.2,0.07,True,True
2026-07-25T03:20:58+00:00,mlb-stl-cin-2026-05-24,over_ladder,mlb-stl-cin-2026-05-24-total-12pt5,mlb-stl-cin-2026-05-24-total-11pt5,0.28,0.21,0.07,0.055,2.2,0.07,True,True
2026-07-25T03:21:23+00:00,mlb-stl-cin-2026-05-24,over_ladder,mlb-stl-cin-2026-05-24-total-12pt5,mlb-stl-cin-2026-05-24-total-11pt5,0.28,0.21,0.07,0.055,2.2,0.07,True,True
2026-07-25T03:21:48+00:00,mlb-stl-cin-2026-05-24,over_ladder,mlb-stl-cin-2026-05-24-total-12pt5,mlb-stl-cin-2026-05-24-total-11pt5,0.28,0.21,0.07,0.055,2.2,0.07,True,True
2026-07-25T03:22:14+00:00,mlb-stl-cin-2026-05-24,over_ladder,mlb-stl-cin-2026-05-24-total-12pt5,mlb-stl-cin-2026-05-24-total-11pt5,0.28,0.21,0.07,0.055,2.2,0.07,True,True
2026-07-25T03:22:39+00:00,mlb-stl-cin-2026-05-24,over_ladder,mlb-stl-cin-2026-05-24-total-12pt5,mlb-stl-cin-2026-05-24-total-11pt5,0.28,0.21,0.07,0.055,2.2,0.07,True,True
2026-07-25T03:23:04+00:00,mlb-stl-cin-2026-05-24,over_ladder,mlb-stl-cin-2026-05-24-total-12pt5,mlb-stl-cin-2026-05-24-total-11pt5,0.28,0.21,0.07,0.055,2.2,0.07,True,True
2026-07-25T03:23:30+00:00,mlb-stl-cin-2026-05-24,over_ladder,mlb-stl-cin-2026-05-24-total-12pt5,mlb-stl-cin-2026-05-24-total-11pt5,0.28,0.21,0.07,0.055,2.2,0.07,True,True
2026-07-25T03:23:55+00:00,mlb-stl-cin-2026-05-24,over_ladder,mlb-stl-cin-2026-05-24-total-12pt5,mlb-stl-cin-2026-05-24-total-11pt5,0.28,0.21,0.07,0.055,2.2,0.07,True,True
2026-07-25T03:24:21+00:00,mlb-stl-cin-2026-05-24,over_ladder,mlb-stl-cin-2026-05-24-total-12pt5,mlb-stl-cin-2026-05-24-total-11pt5,0.28,0.21,0.07,0.055,2.2,0.07,True,True
2026-07-25T03:24:46+00:00,mlb-stl-cin-2026-05-24,over_ladder,mlb-stl-cin-2026-05-24-total-12pt5,mlb-stl-cin-2026-05-24-total-11pt5,0.28,0.21,0.07,0.055,2.2,0.07,True,True
2026-07-25T03:25:11+00:00,mlb-stl-cin-2026-05-24,over_ladder,mlb-stl-cin-2026-05-24-total-12pt5,mlb-stl-cin-2026-05-24-total-11pt5,0.28,0.21,0.07,0.055,2.2,0.07,True,True
2026-07-25T03:25:37+00:00,mlb-stl-cin-2026-05-24,over_ladder,mlb-stl-cin-2026-05-24-total-12pt5,mlb-stl-cin-2026-05-24-total-11pt5,0.28,0.21,0.07,0.055,2.2,0.07,True,True
2026-07-25T03:26:02+00:00,mlb-stl-cin-2026-05-24,over_ladder,mlb-stl-cin-2026-05-24-total-12pt5,mlb-stl-cin-2026-05-24-total-11pt5,0.28,0.21,0.07,0.055,2.2,0.07,True,True
2026-07-25T03:26:27+00:00,mlb-stl-cin-2026-05-24,over_ladder,mlb-stl-cin-2026-05-24-total-12pt5,mlb-stl-cin-2026-05-24-total-11pt5,0.28,0.21,0.07,0.055,2.2,0.07,True,True
2026-07-25T03:26:53+00:00,mlb-stl-cin-2026-05-24,over_ladder,mlb-stl-cin-2026-05-24-total-12pt5,mlb-stl-cin-2026-05-24-total-11pt5,0.28,0.21,0.07,0.055,2.2,0.07,True,True
2026-07-25T03:27:18+00:00,mlb-stl-cin-2026-05-24,over_ladder,mlb-stl-cin-2026-05-24-total-12pt5,mlb-stl-cin-2026-05-24-total-11pt5,0.28,0.21,0.07,0.055,2.2,0.07,True,True
2026-07-25T03:27:43+00:00,mlb-stl-cin-2026-05-24,over_ladder,mlb-stl-cin-2026-05-24-total-12pt5,mlb-stl-cin-2026-05-24-total-11pt5,0.28,0.21,0.07,0.055,2.2,0.07,True,True
2026-07-25T03:28:09+00:00,mlb-stl-cin-2026-05-24,over_ladder,mlb-stl-cin-2026-05-24-total-12pt5,mlb-stl-cin-2026-05-24-total-11pt5,0.28,0.21,0.07,0.055,2.2,0.07,True,True
2026-07-25T03:28:34+00:00,mlb-stl-cin-2026-05-24,over_ladder,mlb-stl-cin-2026-05-24-total-12pt5,mlb-stl-cin-2026-05-24-total-11pt5,0.28,0.21,0.07,0.055,2.2,0.07,True,True
2026-07-25T03:29:00+00:00,mlb-stl-cin-2026-05-24,over_ladder,mlb-stl-cin-2026-05-24-total-12pt5,mlb-stl-cin-2026-05-24-total-11pt5,0.28,0.21,0.07,0.055,2.2,0.07,True,True
2026-07-25T03:29:25+00:00,mlb-stl-cin-2026-05-24,over_ladder,mlb-stl-cin-2026-05-24-total-12pt5,mlb-stl-cin-2026-05-24-total-11pt5,0.28,0.21,0.07,0.055,2.2,0.07,True,True
2026-07-25T03:29:51+00:00,mlb-stl-cin-2026-05-24,over_ladder,mlb-stl-cin-2026-05-24-total-12pt5,mlb-stl-cin-2026-05-24-total-11pt5,0.28,0.21,0.07,0.055,2.2,0.07,True,True
2026-07-25T03:30:17+00:00,mlb-stl-cin-2026-05-24,over_ladder,mlb-stl-cin-2026-05-24-total-12pt5,mlb-stl-cin-2026-05-24-total-11pt5,0.28,0.21,0.07,0.055,2.2,0.07,True,True
2026-07-25T03:30:42+00:00,mlb-stl-cin-2026-05-24,over_ladder,mlb-stl-cin-2026-05-24-total-12pt5,mlb-stl-cin-2026-05-24-total-11pt5,0.28,0.21,0.07,0.055,2.2,0.07,True,True
2026-07-25T03:31:07+00:00,mlb-stl-cin-2026-05-24,over_ladder,mlb-stl-cin-2026-05-24-total-12pt5,mlb-stl-cin-2026-05-24-total-11pt5,0.28,0.21,0.07,0.055,2.2,0.07,True,True
2026-07-25T03:31:33+00:00,mlb-stl-cin-2026-05-24,over_ladder,mlb-stl-cin-2026-05-24-total-12pt5,mlb-stl-cin-2026-05-24-total-11pt5,0.28,0.21,0.07,0.055,2.2,0.07,True,True
2026-07-25T03:31:58+00:00,mlb-stl-cin-2026-05-24,over_ladder,mlb-stl-cin-2026-05-24-total-12pt5,mlb-stl-cin-2026-05-24-total-11pt5,0.28,0.21,0.07,0.055,2.2,0.07,True,True
2026-07-25T03:32:23+00:00,mlb-stl-cin-2026-05-24,over_ladder,mlb-stl-cin-2026-05-24-total-12pt5,mlb-stl-cin-2026-05-24-total-11pt5,0.28,0.21,0.07,0.055,2.2,0.07,True,True
2026-07-25T03:32:49+00:00,mlb-stl-cin-2026-05-24,over_ladder,mlb-stl-cin-2026-05-24-total-12pt5,mlb-stl-cin-2026-05-24-total-11pt5,0.28,0.21,0.07,0.055,2.2,0.07,True,True
2026-07-25T03:33:14+00:00,mlb-stl-cin-2026-05-24,over_ladder,mlb-stl-cin-2026-05-24-total-12pt5,mlb-stl-cin-2026-05-24-total-11pt5,0.28,0.21,0.07,0.055,2.2,0.07,True,True
2026-07-25T03:33:40+00:00,mlb-stl-cin-2026-05-24,over_ladder,mlb-stl-cin-2026-05-24-total-12pt5,mlb-stl-cin-2026-05-24-total-11pt5,0.28,0.21,0.07,0.055,2.2,0.07,True,True
2026-07-25T03:34:05+00:00,mlb-stl-cin-2026-05-24,over_ladder,mlb-stl-cin-2026-05-24-total-12pt5,mlb-stl-cin-2026-05-24-total-11pt5,0.28,0.21,0.07,0.055,2.2,0.07,True,True
2026-07-25T03:34:30+00:00,mlb-stl-cin-2026-05-24,over_ladder,mlb-stl-cin-2026-05-24-total-12pt5,mlb-stl-cin-2026-05-24-total-11pt5,0.28,0.21,0.07,0.055,2.2,0.07,True,True
2026-07-25T03:34:56+00:00,mlb-stl-cin-2026-05-24,over_ladder,mlb-stl-cin-2026-05-24-total-12pt5,mlb-stl-cin-2026-05-24-total-11pt5,0.28,0.21,0.07,0.055,2.2,0.07,True,True
2026-07-25T03:35:21+00:00,mlb-stl-cin-2026-05-24,over_ladder,mlb-stl-cin-2026-05-24-total-12pt5,mlb-stl-cin-2026-05-24-total-11pt5,0.28,0.21,0.07,0.055,2.2,0.07,True,True
2026-07-25T03:35:46+00:00,mlb-stl-cin-2026-05-24,over_ladder,mlb-stl-cin-2026-05-24-total-12pt5,mlb-stl-cin-2026-05-24-total-11pt5,0.28,0.21,0.07,0.055,2.2,0.07,True,True
2026-07-25T03:36:12+00:00,mlb-stl-cin-2026-05-24,over_ladder,mlb-stl-cin-2026-05-24-total-12pt5,mlb-stl-cin-2026-05-24-total-11pt5,0.28,0.21,0.07,0.055,2.2,0.07,True,True
2026-07-25T03:36:37+00:00,mlb-stl-cin-2026-05-24,over_ladder,mlb-stl-cin-2026-05-24-total-12pt5,mlb-stl-cin-2026-05-24-total-11pt5,0.28,0.21,0.07,0.055,2.2,0.07,True,True
2026-07-25T03:37:02+00:00,mlb-stl-cin-2026-05-24,over_ladder,mlb-stl-cin-2026-05-24-total-12pt5,mlb-stl-cin-2026-05-24-total-11pt5,0.28,0.21,0.07,0.055,2.2,0.07,True,True
2026-07-25T03:37:28+00:00,mlb-stl-cin-2026-05-24,over_ladder,mlb-stl-cin-2026-05-24-total-12pt5,mlb-stl-cin-2026-05-24-total-11pt5,0.28,0.21,0.07,0.055,2.2,0.07,True,True
2026-07-25T03:37:53+00:00,mlb-stl-cin-2026-05-24,over_ladder,mlb-stl-cin-2026-05-24-total-12pt5,mlb-stl-cin-2026-05-24-total-11pt5,0.28,0.21,0.07,0.055,2.2,0.07,True,True
2026-07-25T03:38:19+00:00,mlb-stl-cin-2026-05-24,over_ladder,mlb-stl-cin-2026-05-24-total-12pt5,mlb-stl-cin-2026-05-24-total-11pt5,0.28,0.21,0.07,0.055,2.2,0.07,True,True
2026-07-25T03:38:44+00:00,mlb-stl-cin-2026-05-24,over_ladder,mlb-stl-cin-2026-05-24-total-12pt5,mlb-stl-cin-2026-05-24-total-11pt5,0.28,0.21,0.07,0.055,2.2,0.07,True,True
2026-07-25T03:39:09+00:00,mlb-stl-cin-2026-05-24,over_ladder,mlb-stl-cin-2026-05-24-total-12pt5,mlb-stl-cin-2026-05-24-total-11pt5,0.28,0.21,0.07,0.055,2.2,0.07,True,True
2026-07-25T03:39:35+00:00,mlb-stl-cin-2026-05-24,over_ladder,mlb-stl-cin-2026-05-24-total-12pt5,mlb-stl-cin-2026-05-24-total-11pt5,0.28,0.21,0.07,0.055,2.2,0.07,True,True
2026-07-25T03:40:01+00:00,mlb-stl-cin-2026-05-24,over_ladder,mlb-stl-cin-2026-05-24-total-12pt5,mlb-stl-cin-2026-05-24-total-11pt5,0.28,0.21,0.07,0.055,2.2,0.07,True,True
2026-07-25T03:40:27+00:00,mlb-stl-cin-2026-05-24,over_ladder,mlb-stl-cin-2026-05-24-total-12pt5,mlb-stl-cin-2026-05-24-total-11pt5,0.28,0.21,0.07,0.055,2.2,0.07,True,True
2026-07-25T03:40:52+00:00,mlb-stl-cin-2026-05-24,over_ladder,mlb-stl-cin-2026-05-24-total-12pt5,mlb-stl-cin-2026-05-24-total-11pt5,0.28,0.21,0.07,0.055,2.2,0.07,True,True
2026-07-25T03:41:17+00:00,mlb-stl-cin-2026-05-24,over_ladder,mlb-stl-cin-2026-05-24-total-12pt5,mlb-stl-cin-2026-05-24-total-11pt5,0.28,0.21,0.07,0.055,2.2,0.07,True,True
2026-07-25T03:41:43+00:00,mlb-stl-cin-2026-05-24,over_ladder,mlb-stl-cin-2026-05-24-total-12pt5,mlb-stl-cin-2026-05-24-total-11pt5,0.28,0.21,0.07,0.055,2.2,0.07,True,True
2026-07-25T03:42:08+00:00,mlb-stl-cin-2026-05-24,over_ladder,mlb-stl-cin-2026-05-24-total-12pt5,mlb-stl-cin-2026-05-24-total-11pt5,0.28,0.21,0.07,0.055,2.2,0.07,True,True
2026-07-25T03:42:33+00:00,mlb-stl-cin-2026-05-24,over_ladder,mlb-stl-cin-2026-05-24-total-12pt5,mlb-stl-cin-2026-05-24-total-11pt5,0.28,0.21,0.07,0.055,2.2,0.07,True,True
2026-07-25T03:42:59+00:00,mlb-stl-cin-2026-05-24,over_ladder,mlb-stl-cin-2026-05-24-total-12pt5,mlb-stl-cin-2026-05-24-total-11pt5,0.28,0.21,0.07,0.055,2.2,0.07,True,True
2026-07-25T03:43:24+00:00,mlb-stl-cin-2026-05-24,over_ladder,mlb-stl-cin-2026-05-24-total-12pt5,mlb-stl-cin-2026-05-24-total-11pt5,0.28,0.21,0.07,0.055,2.2,0.07,True,True
2026-07-25T03:43:50+00:00,mlb-stl-cin-2026-05-24,over_ladder,mlb-stl-cin-2026-05-24-total-12pt5,mlb-stl-cin-2026-05-24-total-11pt5,0.28,0.21,0.07,0.055,2.2,0.07,True,True
2026-07-25T03:44:15+00:00,mlb-stl-cin-2026-05-24,over_ladder,mlb-stl-cin-2026-05-24-total-12pt5,mlb-stl-cin-2026-05-24-total-11pt5,0.28,0.21,0.07,0.055,2.2,0.07,True,True
2026-07-25T03:44:40+00:00,mlb-stl-cin-2026-05-24,over_ladder,mlb-stl-cin-2026-05-24-total-12pt5,mlb-stl-cin-2026-05-24-total-11pt5,0.28,0.21,0.07,0.055,2.2,0.07,True,True
2026-07-25T03:45:06+00:00,mlb-stl-cin-2026-05-24,over_ladder,mlb-stl-cin-2026-05-24-total-12pt5,mlb-stl-cin-2026-05-24-total-11pt5,0.28,0.21,0.07,0.055,2.2,0.07,True,True
2026-07-25T03:45:31+00:00,mlb-stl-cin-2026-05-24,over_ladder,mlb-stl-cin-2026-05-24-total-12pt5,mlb-stl-cin-2026-05-24-total-11pt5,0.28,0.21,0.07,0.055,2.2,0.07,True,True
2026-07-25T03:45:56+00:00,mlb-stl-cin-2026-05-24,over_ladder,mlb-stl-cin-2026-05-24-total-12pt5,mlb-stl-cin-2026-05-24-total-11pt5,0.28,0.21,0.07,0.055,2.2,0.07,True,True
2026-07-25T03:46:22+00:00,mlb-stl-cin-2026-05-24,over_ladder,mlb-stl-cin-2026-05-24-total-12pt5,mlb-stl-cin-2026-05-24-total-11pt5,0.28,0.21,0.07,0.055,2.2,0.07,True,True
2026-07-25T03:46:47+00:00,mlb-stl-cin-2026-05-24,over_ladder,mlb-stl-cin-2026-05-24-total-12pt5,mlb-stl-cin-2026-05-24-total-11pt5,0.28,0.21,0.07,0.055,2.2,0.07,True,True
2026-07-25T03:47:13+00:00,mlb-stl-cin-2026-05-24,over_ladder,mlb-stl-cin-2026-05-24-total-12pt5,mlb-stl-cin-2026-05-24-total-11pt5,0.28,0.21,0.07,0.055,2.2,0.07,True,True
2026-07-25T03:47:38+00:00,mlb-stl-cin-2026-05-24,over_ladder,mlb-stl-cin-2026-05-24-total-12pt5,mlb-stl-cin-2026-05-24-total-11pt5,0.28,0.21,0.07,0.055,2.2,0.07,True,True
2026-07-25T03:48:03+00:00,mlb-stl-cin-2026-05-24,over_ladder,mlb-stl-cin-2026-05-24-total-12pt5,mlb-stl-cin-2026-05-24-total-11pt5,0.28,0.21,0.07,0.055,2.2,0.07,True,True
2026-07-25T03:48:29+00:00,mlb-stl-cin-2026-05-24,over_ladder,mlb-stl-cin-2026-05-24-total-12pt5,mlb-stl-cin-2026-05-24-total-11pt5,0.28,0.21,0.07,0.055,2.2,0.07,True,True
2026-07-25T03:48:54+00:00,mlb-stl-cin-2026-05-24,over_ladder,mlb-stl-cin-2026-05-24-total-12pt5,mlb-stl-cin-2026-05-24-total-11pt5,0.28,0.21,0.07,0.055,2.2,0.07,True,True
2026-07-25T03:49:19+00:00,mlb-stl-cin-2026-05-24,over_ladder,mlb-stl-cin-2026-05-24-total-12pt5,mlb-stl-cin-2026-05-24-total-11pt5,0.28,0.21,0.07,0.055,2.2,0.07,True,True
2026-07-25T03:49:45+00:00,mlb-stl-cin-2026-05-24,over_ladder,mlb-stl-cin-2026-05-24-total-12pt5,mlb-stl-cin-2026-05-24-total-11pt5,0.28,0.21,0.07,0.055,2.2,0.07,True,True
2026-07-25T03:50:11+00:00,mlb-stl-cin-2026-05-24,over_ladder,mlb-stl-cin-2026-05-24-total-12pt5,mlb-stl-cin-2026-05-24-total-11pt5,0.28,0.21,0.07,0.055,2.2,0.07,True,True
2026-07-25T03:50:37+00:00,mlb-stl-cin-2026-05-24,over_ladder,mlb-stl-cin-2026-05-24-total-12pt5,mlb-stl-cin-2026-05-24-total-11pt5,0.28,0.21,0.07,0.055,2.2,0.07,True,True
2026-07-25T03:51:02+00:00,mlb-stl-cin-2026-05-24,over_ladder,mlb-stl-cin-2026-05-24-total-12pt5,mlb-stl-cin-2026-05-24-total-11pt5,0.28,0.21,0.07,0.055,2.2,0.07,True,True
2026-07-25T03:51:27+00:00,mlb-stl-cin-2026-05-24,over_ladder,mlb-stl-cin-2026-05-24-total-12pt5,mlb-stl-cin-2026-05-24-total-11pt5,0.28,0.21,0.07,0.055,2.2,0.07,True,True
2026-07-25T03:51:53+00:00,mlb-stl-cin-2026-05-24,over_ladder,mlb-stl-cin-2026-05-24-total-12pt5,mlb-stl-cin-2026-05-24-total-11pt5,0.28,0.21,0.07,0.055,2.2,0.07,True,True
2026-07-25T03:52:18+00:00,mlb-stl-cin-2026-05-24,over_ladder,mlb-stl-cin-2026-05-24-total-12pt5,mlb-stl-cin-2026-05-24-total-11pt5,0.28,0.21,0.07,0.055,2.2,0.07,True,True
2026-07-25T03:52:43+00:00,mlb-stl-cin-2026-05-24,over_ladder,mlb-stl-cin-2026-05-24-total-12pt5,mlb-stl-cin-2026-05-24-total-11pt5,0.28,0.21,0.07,0.055,2.2,0.07,True,True
2026-07-25T03:53:09+00:00,mlb-stl-cin-2026-05-24,over_ladder,mlb-stl-cin-2026-05-24-total-12pt5,mlb-stl-cin-2026-05-24-total-11pt5,0.28,0.21,0.07,0.055,2.2,0.07,True,True
2026-07-25T03:53:34+00:00,mlb-stl-cin-2026-05-24,over_ladder,mlb-stl-cin-2026-05-24-total-12pt5,mlb-stl-cin-2026-05-24-total-11pt5,0.28,0.21,0.07,0.055,2.2,0.07,True,True
2026-07-25T03:54:00+00:00,mlb-stl-cin-2026-05-24,over_ladder,mlb-stl-cin-2026-05-24-total-12pt5,mlb-stl-cin-2026-05-24-total-11pt5,0.28,0.21,0.07,0.055,2.2,0.07,True,True
2026-07-25T03:54:25+00:00,mlb-stl-cin-2026-05-24,over_ladder,mlb-stl-cin-2026-05-24-total-12pt5,mlb-stl-cin-2026-05-24-total-11pt5,0.28,0.21,0.07,0.055,2.2,0.07,True,True
2026-07-25T03:54:50+00:00,mlb-stl-cin-2026-05-24,over_ladder,mlb-stl-cin-2026-05-24-total-12pt5,mlb-stl-cin-2026-05-24-total-11pt5,0.28,0.21,0.07,0.055,2.2,0.07,True,True
2026-07-25T03:55:16+00:00,mlb-stl-cin-2026-05-24,over_ladder,mlb-stl-cin-2026-05-24-total-12pt5,mlb-stl-cin-2026-05-24-total-11pt5,0.28,0.21,0.07,0.055,2.2,0.07,True,True
2026-07-25T03:55:41+00:00,mlb-stl-cin-2026-05-24,over_ladder,mlb-stl-cin-2026-05-24-total-12pt5,mlb-stl-cin-2026-05-24-total-11pt5,0.28,0.21,0.07,0.055,2.2,0.07,True,True
2026-07-25T03:56:06+00:00,mlb-stl-cin-2026-05-24,over_ladder,mlb-stl-cin-2026-05-24-total-12pt5,mlb-stl-cin-2026-05-24-total-11pt5,0.28,0.21,0.07,0.055,2.2,0.07,True,True
2026-07-25T03:56:32+00:00,mlb-stl-cin-2026-05-24,over_ladder,mlb-stl-cin-2026-05-24-total-12pt5,mlb-stl-cin-2026-05-24-total-11pt5,0.28,0.21,0.07,0.055,2.2,0.07,True,True
2026-07-25T03:56:57+00:00,mlb-stl-cin-2026-05-24,over_ladder,mlb-stl-cin-2026-05-24-total-12pt5,mlb-stl-cin-2026-05-24-total-11pt5,0.28,0.21,0.07,0.055,2.2,0.07,True,True
2026-07-25T03:57:22+00:00,mlb-stl-cin-2026-05-24,over_ladder,mlb-stl-cin-2026-05-24-total-12pt5,mlb-stl-cin-2026-05-24-total-11pt5,0.28,0.21,0.07,0.055,2.2,0.07,True,True
2026-07-25T03:57:48+00:00,mlb-stl-cin-2026-05-24,over_ladder,mlb-stl-cin-2026-05-24-total-12pt5,mlb-stl-cin-2026-05-24-total-11pt5,0.28,0.21,0.07,0.055,2.2,0.07,True,True
2026-07-25T03:58:13+00:00,mlb-stl-cin-2026-05-24,over_ladder,mlb-stl-cin-2026-05-24-total-12pt5,mlb-stl-cin-2026-05-24-total-11pt5,0.28,0.21,0.07,0.055,2.2,0.07,True,True
2026-07-25T03:58:39+00:00,mlb-stl-cin-2026-05-24,over_ladder,mlb-stl-cin-2026-05-24-total-12pt5,mlb-stl-cin-2026-05-24-total-11pt5,0.28,0.21,0.07,0.055,2.2,0.07,True,True
2026-07-25T03:59:04+00:00,mlb-stl-cin-2026-05-24,over_ladder,mlb-stl-cin-2026-05-24-total-12pt5,mlb-stl-cin-2026-05-24-total-11pt5,0.28,0.21,0.07,0.055,2.2,0.07,True,True
2026-07-25T03:59:29+00:00,mlb-stl-cin-2026-05-24,over_ladder,mlb-stl-cin-2026-05-24-total-12pt5,mlb-stl-cin-2026-05-24-total-11pt5,0.28,0.21,0.07,0.055,2.2,0.07,True,True
2026-07-25T03:59:55+00:00,mlb-stl-cin-2026-05-24,over_ladder,mlb-stl-cin-2026-05-24-total-12pt5,mlb-stl-cin-2026-05-24-total-11pt5,0.28,0.21,0.07,0.055,2.2,0.07,True,True
2026-07-25T04:00:21+00:00,mlb-stl-cin-2026-05-24,over_ladder,mlb-stl-cin-2026-05-24-total-12pt5,mlb-stl-cin-2026-05-24-total-11pt5,0.28,0.21,0.07,0.055,2.2,0.07,True,True
2026-07-25T04:00:46+00:00,mlb-stl-cin-2026-05-24,over_ladder,mlb-stl-cin-2026-05-24-total-12pt5,mlb-stl-cin-2026-05-24-total-11pt5,0.28,0.21,0.07,0.055,2.2,0.07,True,True
2026-07-25T04:01:12+00:00,mlb-stl-cin-2026-05-24,over_ladder,mlb-stl-cin-2026-05-24-total-12pt5,mlb-stl-cin-2026-05-24-total-11pt5,0.28,0.21,0.07,0.055,2.2,0.07,True,True
2026-07-25T04:01:37+00:00,mlb-stl-cin-2026-05-24,over_ladder,mlb-stl-cin-2026-05-24-total-12pt5,mlb-stl-cin-2026-05-24-total-11pt5,0.28,0.21,0.07,0.055,2.2,0.07,True,True
2026-07-25T04:02:02+00:00,mlb-stl-cin-2026-05-24,over_ladder,mlb-stl-cin-2026-05-24-total-12pt5,mlb-stl-cin-2026-05-24-total-11pt5,0.28,0.21,0.07,0.055,2.2,0.07,True,True
2026-07-25T04:02:28+00:00,mlb-stl-cin-2026-05-24,over_ladder,mlb-stl-cin-2026-05-24-total-12pt5,mlb-stl-cin-2026-05-24-total-11pt5,0.28,0.21,0.07,0.055,2.2,0.07,True,True
2026-07-25T04:02:53+00:00,mlb-stl-cin-2026-05-24,over_ladder,mlb-stl-cin-2026-05-24-total-12pt5,mlb-stl-cin-2026-05-24-total-11pt5,0.28,0.21,0.07,0.055,2.2,0.07,True,True
2026-07-25T04:03:19+00:00,mlb-stl-cin-2026-05-24,over_ladder,mlb-stl-cin-2026-05-24-total-12pt5,mlb-stl-cin-2026-05-24-total-11pt5,0.28,0.21,0.07,0.055,2.2,0.07,True,True
2026-07-25T04:03:44+00:00,mlb-stl-cin-2026-05-24,over_ladder,mlb-stl-cin-2026-05-24-total-12pt5,mlb-stl-cin-2026-05-24-total-11pt5,0.28,0.21,0.07,0.055,2.2,0.07,True,True
2026-07-25T04:04:10+00:00,mlb-stl-cin-2026-05-24,over_ladder,mlb-stl-cin-2026-05-24-total-12pt5,mlb-stl-cin-2026-05-24-total-11pt5,0.28,0.21,0.07,0.055,2.2,0.07,True,True
2026-07-25T04:04:35+00:00,mlb-stl-cin-2026-05-24,over_ladder,mlb-stl-cin-2026-05-24-total-12pt5,mlb-stl-cin-2026-05-24-total-11pt5,0.28,0.21,0.07,0.055,2.2,0.07,True,True
2026-07-25T04:05:00+00:00,mlb-stl-cin-2026-05-24,over_ladder,mlb-stl-cin-2026-05-24-total-12pt5,mlb-stl-cin-2026-05-24-total-11pt5,0.28,0.21,0.07,0.055,2.2,0.07,True,True
2026-07-25T04:05:26+00:00,mlb-stl-cin-2026-05-24,over_ladder,mlb-stl-cin-2026-05-24-total-12pt5,mlb-stl-cin-2026-05-24-total-11pt5,0.28,0.21,0.07,0.055,2.2,0.07,True,True
2026-07-25T04:05:51+00:00,mlb-stl-cin-2026-05-24,over_ladder,mlb-stl-cin-2026-05-24-total-12pt5,mlb-stl-cin-2026-05-24-total-11pt5,0.28,0.21,0.07,0.055,2.2,0.07,True,True
2026-07-25T04:06:16+00:00,mlb-stl-cin-2026-05-24,over_ladder,mlb-stl-cin-2026-05-24-total-12pt5,mlb-stl-cin-2026-05-24-total-11pt5,0.28,0.21,0.07,0.055,2.2,0.07,True,True
2026-07-25T04:06:42+00:00,mlb-stl-cin-2026-05-24,over_ladder,mlb-stl-cin-2026-05-24-total-12pt5,mlb-stl-cin-2026-05-24-total-11pt5,0.28,0.21,0.07,0.055,2.2,0.07,True,True
2026-07-25T04:07:07+00:00,mlb-stl-cin-2026-05-24,over_ladder,mlb-stl-cin-2026-05-24-total-12pt5,mlb-stl-cin-2026-05-24-total-11pt5,0.28,0.21,0.07,0.055,2.2,0.07,True,True
2026-07-25T04:07:32+00:00,mlb-stl-cin-2026-05-24,over_ladder,mlb-stl-cin-2026-05-24-total-12pt5,mlb-stl-cin-2026-05-24-total-11pt5,0.28,0.21,0.07,0.055,2.2,0.07,True,True
2026-07-25T04:07:58+00:00,mlb-stl-cin-2026-05-24,over_ladder,mlb-stl-cin-2026-05-24-total-12pt5,mlb-stl-cin-2026-05-24-total-11pt5,0.28,0.21,0.07,0.055,2.2,0.07,True,True
2026-07-25T04:08:23+00:00,mlb-stl-cin-2026-05-24,over_ladder,mlb-stl-cin-2026-05-24-total-12pt5,mlb-stl-cin-2026-05-24-total-11pt5,0.28,0.21,0.07,0.055,2.2,0.07,True,True
2026-07-25T04:08:49+00:00,mlb-stl-cin-2026-05-24,over_ladder,mlb-stl-cin-2026-05-24-total-12pt5,mlb-stl-cin-2026-05-24-total-11pt5,0.28,0.21,0.07,0.055,2.2,0.07,True,True
2026-07-25T04:09:14+00:00,mlb-stl-cin-2026-05-24,over_ladder,mlb-stl-cin-2026-05-24-total-12pt5,mlb-stl-cin-2026-05-24-total-11pt5,0.28,0.21,0.07,0.055,2.2,0.07,True,True
2026-07-25T04:09:39+00:00,mlb-stl-cin-2026-05-24,over_ladder,mlb-stl-cin-2026-05-24-total-12pt5,mlb-stl-cin-2026-05-24-total-11pt5,0.28,0.21,0.07,0.055,2.2,0.07,True,True
2026-07-25T04:10:05+00:00,mlb-stl-cin-2026-05-24,over_ladder,mlb-stl-cin-2026-05-24-total-12pt5,mlb-stl-cin-2026-05-24-total-11pt5,0.28,0.21,0.07,0.055,2.2,0.07,True,True
2026-07-25T04:10:31+00:00,mlb-stl-cin-2026-05-24,over_ladder,mlb-stl-cin-2026-05-24-total-12pt5,mlb-stl-cin-2026-05-24-total-11pt5,0.28,0.21,0.07,0.055,2.2,0.07,True,True
2026-07-25T04:10:56+00:00,mlb-stl-cin-2026-05-24,over_ladder,mlb-stl-cin-2026-05-24-total-12pt5,mlb-stl-cin-2026-05-24-total-11pt5,0.28,0.21,0.07,0.055,2.2,0.07,True,True
2026-07-25T04:11:22+00:00,mlb-stl-cin-2026-05-24,over_ladder,mlb-stl-cin-2026-05-24-total-12pt5,mlb-stl-cin-2026-05-24-total-11pt5,0.28,0.21,0.07,0.055,2.2,0.07,True,True
2026-07-25T04:11:47+00:00,mlb-stl-cin-2026-05-24,over_ladder,mlb-stl-cin-2026-05-24-total-12pt5,mlb-stl-cin-2026-05-24-total-11pt5,0.28,0.21,0.07,0.055,2.2,0.07,True,True
2026-07-25T04:12:12+00:00,mlb-stl-cin-2026-05-24,over_ladder,mlb-stl-cin-2026-05-24-total-12pt5,mlb-stl-cin-2026-05-24-total-11pt5,0.28,0.21,0.07,0.055,2.2,0.07,True,True
2026-07-25T04:12:38+00:00,mlb-stl-cin-2026-05-24,over_ladder,mlb-stl-cin-2026-05-24-total-12pt5,mlb-stl-cin-2026-05-24-total-11pt5,0.28,0.21,0.07,0.055,2.2,0.07,True,True
2026-07-25T04:13:03+00:00,mlb-stl-cin-2026-05-24,over_ladder,mlb-stl-cin-2026-05-24-total-12pt5,mlb-stl-cin-2026-05-24-total-11pt5,0.28,0.21,0.07,0.055,2.2,0.07,True,True
2026-07-25T04:13:28+00:00,mlb-stl-cin-2026-05-24,over_ladder,mlb-stl-cin-2026-05-24-total-12pt5,mlb-stl-cin-2026-05-24-total-11pt5,0.28,0.21,0.07,0.055,2.2,0.07,True,True
2026-07-25T04:13:54+00:00,mlb-stl-cin-2026-05-24,over_ladder,mlb-stl-cin-2026-05-24-total-12pt5,mlb-stl-cin-2026-05-24-total-11pt5,0.28,0.21,0.07,0.055,2.2,0.07,True,True
2026-07-25T04:14:19+00:00,mlb-stl-cin-2026-05-24,over_ladder,mlb-stl-cin-2026-05-24-total-12pt5,mlb-stl-cin-2026-05-24-total-11pt5,0.28,0.21,0.07,0.055,2.2,0.07,True,True
2026-07-25T04:14:45+00:00,mlb-stl-cin-2026-05-24,over_ladder,mlb-stl-cin-2026-05-24-total-12pt5,mlb-stl-cin-2026-05-24-total-11pt5,0.28,0.21,0.07,0.055,2.2,0.07,True,True
2026-07-25T04:15:10+00:00,mlb-stl-cin-2026-05-24,over_ladder,mlb-stl-cin-2026-05-24-total-12pt5,mlb-stl-cin-2026-05-24-total-11pt5,0.28,0.21,0.07,0.055,2.2,0.07,True,True
2026-07-25T04:15:35+00:00,mlb-stl-cin-2026-05-24,over_ladder,mlb-stl-cin-2026-05-24-total-12pt5,mlb-stl-cin-2026-05-24-total-11pt5,0.28,0.21,0.07,0.055,2.2,0.07,True,True
2026-07-25T04:16:01+00:00,mlb-stl-cin-2026-05-24,over_ladder,mlb-stl-cin-2026-05-24-total-12pt5,mlb-stl-cin-2026-05-24-total-11pt5,0.28,0.21,0.07,0.055,2.2,0.07,True,True
2026-07-25T04:16:26+00:00,mlb-stl-cin-2026-05-24,over_ladder,mlb-stl-cin-2026-05-24-total-12pt5,mlb-stl-cin-2026-05-24-total-11pt5,0.28,0.21,0.07,0.055,2.2,0.07,True,True
2026-07-25T04:16:52+00:00,mlb-stl-cin-2026-05-24,over_ladder,mlb-stl-cin-2026-05-24-total-12pt5,mlb-stl-cin-2026-05-24-total-11pt5,0.28,0.21,0.07,0.055,2.2,0.07,True,True
2026-07-25T04:17:17+00:00,mlb-stl-cin-2026-05-24,over_ladder,mlb-stl-cin-2026-05-24-total-12pt5,mlb-stl-cin-2026-05-24-total-11pt5,0.28,0.21,0.07,0.055,2.2,0.07,True,True
2026-07-25T04:17:42+00:00,mlb-stl-cin-2026-05-24,over_ladder,mlb-stl-cin-2026-05-24-total-12pt5,mlb-stl-cin-2026-05-24-total-11pt5,0.28,0.21,0.07,0.055,2.2,0.07,True,True
2026-07-25T04:18:08+00:00,mlb-stl-cin-2026-05-24,over_ladder,mlb-stl-cin-2026-05-24-total-12pt5,mlb-stl-cin-2026-05-24-total-11pt5,0.28,0.21,0.07,0.055,2.2,0.07,True,True
2026-07-25T04:18:33+00:00,mlb-stl-cin-2026-05-24,over_ladder,mlb-stl-cin-2026-05-24-total-12pt5,mlb-stl-cin-2026-05-24-total-11pt5,0.28,0.21,0.07,0.055,2.2,0.07,True,True
2026-07-25T04:18:59+00:00,mlb-stl-cin-2026-05-24,over_ladder,mlb-stl-cin-2026-05-24-total-12pt5,mlb-stl-cin-2026-05-24-total-11pt5,0.28,0.21,0.07,0.055,2.2,0.07,True,True
2026-07-25T04:19:24+00:00,mlb-stl-cin-2026-05-24,over_ladder,mlb-stl-cin-2026-05-24-total-12pt5,mlb-stl-cin-2026-05-24-total-11pt5,0.28,0.21,0.07,0.055,2.2,0.07,True,True
2026-07-25T04:19:49+00:00,mlb-stl-cin-2026-05-24,over_ladder,mlb-stl-cin-2026-05-24-total-12pt5,mlb-stl-cin-2026-05-24-total-11pt5,0.28,0.21,0.07,0.055,2.2,0.07,True,True
2026-07-25T04:20:15+00:00,mlb-stl-cin-2026-05-24,over_ladder,mlb-stl-cin-2026-05-24-total-12pt5,mlb-stl-cin-2026-05-24-total-11pt5,0.28,0.21,0.07,0.055,2.2,0.07,True,True
2026-07-25T04:20:41+00:00,mlb-stl-cin-2026-05-24,over_ladder,mlb-stl-cin-2026-05-24-total-12pt5,mlb-stl-cin-2026-05-24-total-11pt5,0.28,0.21,0.07,0.055,2.2,0.07,True,True
2026-07-25T04:21:06+00:00,mlb-stl-cin-2026-05-24,over_ladder,mlb-stl-cin-2026-05-24-total-12pt5,mlb-stl-cin-2026-05-24-total-11pt5,0.28,0.21,0.07,0.055,2.2,0.07,True,True
2026-07-25T04:21:32+00:00,mlb-stl-cin-2026-05-24,over_ladder,mlb-stl-cin-2026-05-24-total-12pt5,mlb-stl-cin-2026-05-24-total-11pt5,0.28,0.21,0.07,0.055,2.2,0.07,True,True
2026-07-25T04:21:57+00:00,mlb-stl-cin-2026-05-24,over_ladder,mlb-stl-cin-2026-05-24-total-12pt5,mlb-stl-cin-2026-05-24-total-11pt5,0.28,0.21,0.07,0.055,2.2,0.07,True,True
2026-07-25T04:22:23+00:00,mlb-stl-cin-2026-05-24,over_ladder,mlb-stl-cin-2026-05-24-total-12pt5,mlb-stl-cin-2026-05-24-total-11pt5,0.28,0.21,0.07,0.055,2.2,0.07,True,True
2026-07-25T04:22:48+00:00,mlb-stl-cin-2026-05-24,over_ladder,mlb-stl-cin-2026-05-24-total-12pt5,mlb-stl-cin-2026-05-24-total-11pt5,0.28,0.21,0.07,0.055,2.2,0.07,True,True
2026-07-25T04:23:13+00:00,mlb-stl-cin-2026-05-24,over_ladder,mlb-stl-cin-2026-05-24-total-12pt5,mlb-stl-cin-2026-05-24-total-11pt5,0.28,0.21,0.07,0.055,2.2,0.07,True,True
2026-07-25T04:23:39+00:00,mlb-stl-cin-2026-05-24,over_ladder,mlb-stl-cin-2026-05-24-total-12pt5,mlb-stl-cin-2026-05-24-total-11pt5,0.28,0.21,0.07,0.055,2.2,0.07,True,True
2026-07-25T04:24:04+00:00,mlb-stl-cin-2026-05-24,over_ladder,mlb-stl-cin-2026-05-24-total-12pt5,mlb-stl-cin-2026-05-24-total-11pt5,0.28,0.21,0.07,0.055,2.2,0.07,True,True
2026-07-25T04:24:29+00:00,mlb-stl-cin-2026-05-24,over_ladder,mlb-stl-cin-2026-05-24-total-12pt5,mlb-stl-cin-2026-05-24-total-11pt5,0.28,0.21,0.07,0.055,2.2,0.07,True,True
2026-07-25T04:24:55+00:00,mlb-stl-cin-2026-05-24,over_ladder,mlb-stl-cin-2026-05-24-total-12pt5,mlb-stl-cin-2026-05-24-total-11pt5,0.28,0.21,0.07,0.055,2.2,0.07,True,True
2026-07-25T04:25:20+00:00,mlb-stl-cin-2026-05-24,over_ladder,mlb-stl-cin-2026-05-24-total-12pt5,mlb-stl-cin-2026-05-24-total-11pt5,0.28,0.21,0.07,0.055,2.2,0.07,True,True
2026-07-25T04:25:45+00:00,mlb-stl-cin-2026-05-24,over_ladder,mlb-stl-cin-2026-05-24-total-12pt5,mlb-stl-cin-2026-05-24-total-11pt5,0.28,0.21,0.07,0.055,2.2,0.07,True,True
2026-07-25T04:26:11+00:00,mlb-stl-cin-2026-05-24,over_ladder,mlb-stl-cin-2026-05-24-total-12pt5,mlb-stl-cin-2026-05-24-total-11pt5,0.28,0.21,0.07,0.055,2.2,0.07,True,True
2026-07-25T04:26:36+00:00,mlb-stl-cin-2026-05-24,over_ladder,mlb-stl-cin-2026-05-24-total-12pt5,mlb-stl-cin-2026-05-24-total-11pt5,0.28,0.21,0.07,0.055,2.2,0.07,True,True
2026-07-25T04:27:02+00:00,mlb-stl-cin-2026-05-24,over_ladder,mlb-stl-cin-2026-05-24-total-12pt5,mlb-stl-cin-2026-05-24-total-11pt5,0.28,0.21,0.07,0.055,2.2,0.07,True,True
2026-07-25T04:27:27+00:00,mlb-stl-cin-2026-05-24,over_ladder,mlb-stl-cin-2026-05-24-total-12pt5,mlb-stl-cin-2026-05-24-total-11pt5,0.28,0.21,0.07,0.055,2.2,0.07,True,True
2026-07-25T04:27:52+00:00,mlb-stl-cin-2026-05-24,over_ladder,mlb-stl-cin-2026-05-24-total-12pt5,mlb-stl-cin-2026-05-24-total-11pt5,0.28,0.21,0.07,0.055,2.2,0.07,True,True
2026-07-25T04:28:18+00:00,mlb-stl-cin-2026-05-24,over_ladder,mlb-stl-cin-2026-05-24-total-12pt5,mlb-stl-cin-2026-05-24-total-11pt5,0.28,0.21,0.07,0.055,2.2,0.07,True,True
2026-07-25T04:28:43+00:00,mlb-stl-cin-2026-05-24,over_ladder,mlb-stl-cin-2026-05-24-total-12pt5,mlb-stl-cin-2026-05-24-total-11pt5,0.28,0.21,0.07,0.055,2.2,0.07,True,True
2026-07-25T04:29:08+00:00,mlb-stl-cin-2026-05-24,over_ladder,mlb-stl-cin-2026-05-24-total-12pt5,mlb-stl-cin-2026-05-24-total-11pt5,0.28,0.21,0.07,0.055,2.2,0.07,True,True
2026-07-25T04:29:34+00:00,mlb-stl-cin-2026-05-24,over_ladder,mlb-stl-cin-2026-05-24-total-12pt5,mlb-stl-cin-2026-05-24-total-11pt5,0.28,0.21,0.07,0.055,2.2,0.07,True,True
2026-07-25T04:29:59+00:00,mlb-stl-cin-2026-05-24,over_ladder,mlb-stl-cin-2026-05-24-total-12pt5,mlb-stl-cin-2026-05-24-total-11pt5,0.28,0.21,0.07,0.055,2.2,0.07,True,True
2026-07-25T04:30:24+00:00,mlb-stl-cin-2026-05-24,over_ladder,mlb-stl-cin-2026-05-24-total-12pt5,mlb-stl-cin-2026-05-24-total-11pt5,0.28,0.21,0.07,0.055,2.2,0.07,True,True
2026-07-25T04:30:51+00:00,mlb-stl-cin-2026-05-24,over_ladder,mlb-stl-cin-2026-05-24-total-12pt5,mlb-stl-cin-2026-05-24-total-11pt5,0.28,0.21,0.07,0.055,2.2,0.07,True,True
2026-07-25T04:31:16+00:00,mlb-stl-cin-2026-05-24,over_ladder,mlb-stl-cin-2026-05-24-total-12pt5,mlb-stl-cin-2026-05-24-total-11pt5,0.28,0.21,0.07,0.055,2.2,0.07,True,True
2026-07-25T04:31:42+00:00,mlb-stl-cin-2026-05-24,over_ladder,mlb-stl-cin-2026-05-24-total-12pt5,mlb-stl-cin-2026-05-24-total-11pt5,0.28,0.21,0.07,0.055,2.2,0.07,True,True
2026-07-25T04:32:07+00:00,mlb-stl-cin-2026-05-24,over_ladder,mlb-stl-cin-2026-05-24-total-12pt5,mlb-stl-cin-2026-05-24-total-11pt5,0.28,0.21,0.07,0.055,2.2,0.07,True,True
2026-07-25T04:32:32+00:00,mlb-stl-cin-2026-05-24,over_ladder,mlb-stl-cin-2026-05-24-total-12pt5,mlb-stl-cin-2026-05-24-total-11pt5,0.28,0.21,0.07,0.055,2.2,0.07,True,True
2026-07-25T04:32:58+00:00,mlb-stl-cin-2026-05-24,over_ladder,mlb-stl-cin-2026-05-24-total-12pt5,mlb-stl-cin-2026-05-24-total-11pt5,0.28,0.21,0.07,0.055,2.2,0.07,True,True
2026-07-25T04:33:23+00:00,mlb-stl-cin-2026-05-24,over_ladder,mlb-stl-cin-2026-05-24-total-12pt5,mlb-stl-cin-2026-05-24-total-11pt5,0.28,0.21,0.07,0.055,2.2,0.07,True,True
2026-07-25T04:33:48+00:00,mlb-stl-cin-2026-05-24,over_ladder,mlb-stl-cin-2026-05-24-total-12pt5,mlb-stl-cin-2026-05-24-total-11pt5,0.28,0.21,0.07,0.055,2.2,0.07,True,True
2026-07-25T04:34:14+00:00,mlb-stl-cin-2026-05-24,over_ladder,mlb-stl-cin-2026-05-24-total-12pt5,mlb-stl-cin-2026-05-24-total-11pt5,0.28,0.21,0.07,0.055,2.2,0.07,True,True
2026-07-25T04:34:39+00:00,mlb-stl-cin-2026-05-24,over_ladder,mlb-stl-cin-2026-05-24-total-12pt5,mlb-stl-cin-2026-05-24-total-11pt5,0.28,0.21,0.07,0.055,2.2,0.07,True,True
2026-07-25T04:35:05+00:00,mlb-stl-cin-2026-05-24,over_ladder,mlb-stl-cin-2026-05-24-total-12pt5,mlb-stl-cin-2026-05-24-total-11pt5,0.28,0.21,0.07,0.055,2.2,0.07,True,True
2026-07-25T04:35:30+00:00,mlb-stl-cin-2026-05-24,over_ladder,mlb-stl-cin-2026-05-24-total-12pt5,mlb-stl-cin-2026-05-24-total-11pt5,0.28,0.21,0.07,0.055,2.2,0.07,True,True
2026-07-25T04:35:55+00:00,mlb-stl-cin-2026-05-24,over_ladder,mlb-stl-cin-2026-05-24-total-12pt5,mlb-stl-cin-2026-05-24-total-11pt5,0.28,0.21,0.07,0.055,2.2,0.07,True,True
2026-07-25T04:36:21+00:00,mlb-stl-cin-2026-05-24,over_ladder,mlb-stl-cin-2026-05-24-total-12pt5,mlb-stl-cin-2026-05-24-total-11pt5,0.28,0.21,0.07,0.055,2.2,0.07,True,True
2026-07-25T04:36:46+00:00,mlb-stl-cin-2026-05-24,over_ladder,mlb-stl-cin-2026-05-24-total-12pt5,mlb-stl-cin-2026-05-24-total-11pt5,0.28,0.21,0.07,0.055,2.2,0.07,True,True
2026-07-25T04:37:11+00:00,mlb-stl-cin-2026-05-24,over_ladder,mlb-stl-cin-2026-05-24-total-12pt5,mlb-stl-cin-2026-05-24-total-11pt5,0.28,0.21,0.07,0.055,2.2,0.07,True,True
2026-07-25T04:37:37+00:00,mlb-stl-cin-2026-05-24,over_ladder,mlb-stl-cin-2026-05-24-total-12pt5,mlb-stl-cin-2026-05-24-total-11pt5,0.28,0.21,0.07,0.055,2.2,0.07,True,True
2026-07-25T04:38:02+00:00,mlb-stl-cin-2026-05-24,over_ladder,mlb-stl-cin-2026-05-24-total-12pt5,mlb-stl-cin-2026-05-24-total-11pt5,0.28,0.21,0.07,0.055,2.2,0.07,True,True
2026-07-25T04:38:27+00:00,mlb-stl-cin-2026-05-24,over_ladder,mlb-stl-cin-2026-05-24-total-12pt5,mlb-stl-cin-2026-05-24-total-11pt5,0.28,0.21,0.07,0.055,2.2,0.07,True,True
2026-07-25T04:38:53+00:00,mlb-stl-cin-2026-05-24,over_ladder,mlb-stl-cin-2026-05-24-total-12pt5,mlb-stl-cin-2026-05-24-total-11pt5,0.28,0.21,0.07,0.055,2.2,0.07,True,True
2026-07-25T04:39:18+00:00,mlb-stl-cin-2026-05-24,over_ladder,mlb-stl-cin-2026-05-24-total-12pt5,mlb-stl-cin-2026-05-24-total-11pt5,0.28,0.21,0.07,0.055,2.2,0.07,True,True
2026-07-25T04:39:44+00:00,mlb-stl-cin-2026-05-24,over_ladder,mlb-stl-cin-2026-05-24-total-12pt5,mlb-stl-cin-2026-05-24-total-11pt5,0.28,0.21,0.07,0.055,2.2,0.07,True,True
2026-07-25T04:40:09+00:00,mlb-stl-cin-2026-05-24,over_ladder,mlb-stl-cin-2026-05-24-total-12pt5,mlb-stl-cin-2026-05-24-total-11pt5,0.28,0.21,0.07,0.055,2.2,0.07,True,True
2026-07-25T04:40:34+00:00,mlb-stl-cin-2026-05-24,over_ladder,mlb-stl-cin-2026-05-24-total-12pt5,mlb-stl-cin-2026-05-24-total-11pt5,0.28,0.21,0.07,0.055,2.2,0.07,True,True
2026-07-25T04:41:01+00:00,mlb-stl-cin-2026-05-24,over_ladder,mlb-stl-cin-2026-05-24-total-12pt5,mlb-stl-cin-2026-05-24-total-11pt5,0.28,0.21,0.07,0.055,2.2,0.07,True,True
2026-07-25T04:41:26+00:00,mlb-stl-cin-2026-05-24,over_ladder,mlb-stl-cin-2026-05-24-total-12pt5,mlb-stl-cin-2026-05-24-total-11pt5,0.28,0.21,0.07,0.055,2.2,0.07,True,True
2026-07-25T04:41:51+00:00,mlb-stl-cin-2026-05-24,over_ladder,mlb-stl-cin-2026-05-24-total-12pt5,mlb-stl-cin-2026-05-24-total-11pt5,0.28,0.21,0.07,0.055,2.2,0.07,True,True
2026-07-25T04:42:17+00:00,mlb-stl-cin-2026-05-24,over_ladder,mlb-stl-cin-2026-05-24-total-12pt5,mlb-stl-cin-2026-05-24-total-11pt5,0.28,0.21,0.07,0.055,2.2,0.07,True,True
2026-07-25T04:42:42+00:00,mlb-stl-cin-2026-05-24,over_ladder,mlb-stl-cin-2026-05-24-total-12pt5,mlb-stl-cin-2026-05-24-total-11pt5,0.28,0.21,0.07,0.055,2.2,0.07,True,True
2026-07-25T04:43:07+00:00,mlb-stl-cin-2026-05-24,over_ladder,mlb-stl-cin-2026-05-24-total-12pt5,mlb-stl-cin-2026-05-24-total-11pt5,0.28,0.21,0.07,0.055,2.2,0.07,True,True
2026-07-25T04:43:33+00:00,mlb-stl-cin-2026-05-24,over_ladder,mlb-stl-cin-2026-05-24-total-12pt5,mlb-stl-cin-2026-05-24-total-11pt5,0.28,0.21,0.07,0.055,2.2,0.07,True,True
2026-07-25T04:43:58+00:00,mlb-stl-cin-2026-05-24,over_ladder,mlb-stl-cin-2026-05-24-total-12pt5,mlb-stl-cin-2026-05-24-total-11pt5,0.28,0.21,0.07,0.055,2.2,0.07,True,True
2026-07-25T04:44:23+00:00,mlb-stl-cin-2026-05-24,over_ladder,mlb-stl-cin-2026-05-24-total-12pt5,mlb-stl-cin-2026-05-24-total-11pt5,0.28,0.21,0.07,0.055,2.2,0.07,True,True
2026-07-25T04:44:49+00:00,mlb-stl-cin-2026-05-24,over_ladder,mlb-stl-cin-2026-05-24-total-12pt5,mlb-stl-cin-2026-05-24-total-11pt5,0.28,0.21,0.07,0.055,2.2,0.07,True,True
2026-07-25T04:45:14+00:00,mlb-stl-cin-2026-05-24,over_ladder,mlb-stl-cin-2026-05-24-total-12pt5,mlb-stl-cin-2026-05-24-total-11pt5,0.28,0.21,0.07,0.055,2.2,0.07,True,True
2026-07-25T04:45:40+00:00,mlb-stl-cin-2026-05-24,over_ladder,mlb-stl-cin-2026-05-24-total-12pt5,mlb-stl-cin-2026-05-24-total-11pt5,0.28,0.21,0.07,0.055,2.2,0.07,True,True
2026-07-25T04:46:05+00:00,mlb-stl-cin-2026-05-24,over_ladder,mlb-stl-cin-2026-05-24-total-12pt5,mlb-stl-cin-2026-05-24-total-11pt5,0.28,0.21,0.07,0.055,2.2,0.07,True,True
2026-07-25T04:46:30+00:00,mlb-stl-cin-2026-05-24,over_ladder,mlb-stl-cin-2026-05-24-total-12pt5,mlb-stl-cin-2026-05-24-total-11pt5,0.28,0.21,0.07,0.055,2.2,0.07,True,True
2026-07-25T04:46:56+00:00,mlb-stl-cin-2026-05-24,over_ladder,mlb-stl-cin-2026-05-24-total-12pt5,mlb-stl-cin-2026-05-24-total-11pt5,0.28,0.21,0.07,0.055,2.2,0.07,True,True
2026-07-25T04:47:21+00:00,mlb-stl-cin-2026-05-24,over_ladder,mlb-stl-cin-2026-05-24-total-12pt5,mlb-stl-cin-2026-05-24-total-11pt5,0.28,0.21,0.07,0.055,2.2,0.07,True,True
2026-07-25T04:47:46+00:00,mlb-stl-cin-2026-05-24,over_ladder,mlb-stl-cin-2026-05-24-total-12pt5,mlb-stl-cin-2026-05-24-total-11pt5,0.28,0.21,0.07,0.055,2.2,0.07,True,True
2026-07-25T04:48:12+00:00,mlb-stl-cin-2026-05-24,over_ladder,mlb-stl-cin-2026-05-24-total-12pt5,mlb-stl-cin-2026-05-24-total-11pt5,0.28,0.21,0.07,0.055,2.2,0.07,True,True
2026-07-25T04:48:37+00:00,mlb-stl-cin-2026-05-24,over_ladder,mlb-stl-cin-2026-05-24-total-12pt5,mlb-stl-cin-2026-05-24-total-11pt5,0.28,0.21,0.07,0.055,2.2,0.07,True,True
2026-07-25T04:49:02+00:00,mlb-stl-cin-2026-05-24,over_ladder,mlb-stl-cin-2026-05-24-total-12pt5,mlb-stl-cin-2026-05-24-total-11pt5,0.28,0.21,0.07,0.055,2.2,0.07,True,True
2026-07-25T04:49:28+00:00,mlb-stl-cin-2026-05-24,over_ladder,mlb-stl-cin-2026-05-24-total-12pt5,mlb-stl-cin-2026-05-24-total-11pt5,0.28,0.21,0.07,0.055,2.2,0.07,True,True
2026-07-25T04:49:53+00:00,mlb-stl-cin-2026-05-24,over_ladder,mlb-stl-cin-2026-05-24-total-12pt5,mlb-stl-cin-2026-05-24-total-11pt5,0.28,0.21,0.07,0.055,2.2,0.07,True,True
2026-07-25T04:50:19+00:00,mlb-stl-cin-2026-05-24,over_ladder,mlb-stl-cin-2026-05-24-total-12pt5,mlb-stl-cin-2026-05-24-total-11pt5,0.28,0.21,0.07,0.055,2.2,0.07,True,True
2026-07-25T04:50:44+00:00,mlb-stl-cin-2026-05-24,over_ladder,mlb-stl-cin-2026-05-24-total-12pt5,mlb-stl-cin-2026-05-24-total-11pt5,0.28,0.21,0.07,0.055,2.2,0.07,True,True
2026-07-25T04:51:10+00:00,mlb-stl-cin-2026-05-24,over_ladder,mlb-stl-cin-2026-05-24-total-12pt5,mlb-stl-cin-2026-05-24-total-11pt5,0.28,0.21,0.07,0.055,2.2,0.07,True,True
2026-07-25T04:51:36+00:00,mlb-stl-cin-2026-05-24,over_ladder,mlb-stl-cin-2026-05-24-total-12pt5,mlb-stl-cin-2026-05-24-total-11pt5,0.28,0.21,0.07,0.055,2.2,0.07,True,True
2026-07-25T04:52:01+00:00,mlb-stl-cin-2026-05-24,over_ladder,mlb-stl-cin-2026-05-24-total-12pt5,mlb-stl-cin-2026-05-24-total-11pt5,0.28,0.21,0.07,0.055,2.2,0.07,True,True
2026-07-25T04:52:26+00:00,mlb-stl-cin-2026-05-24,over_ladder,mlb-stl-cin-2026-05-24-total-12pt5,mlb-stl-cin-2026-05-24-total-11pt5,0.28,0.21,0.07,0.055,2.2,0.07,True,True
2026-07-25T04:52:52+00:00,mlb-stl-cin-2026-05-24,over_ladder,mlb-stl-cin-2026-05-24-total-12pt5,mlb-stl-cin-2026-05-24-total-11pt5,0.28,0.21,0.07,0.055,2.2,0.07,True,True
2026-07-25T04:53:17+00:00,mlb-stl-cin-2026-05-24,over_ladder,mlb-stl-cin-2026-05-24-total-12pt5,mlb-stl-cin-2026-05-24-total-11pt5,0.28,0.21,0.07,0.055,2.2,0.07,True,True
2026-07-25T04:53:43+00:00,mlb-stl-cin-2026-05-24,over_ladder,mlb-stl-cin-2026-05-24-total-12pt5,mlb-stl-cin-2026-05-24-total-11pt5,0.28,0.21,0.07,0.055,2.2,0.07,True,True
2026-07-25T04:54:08+00:00,mlb-stl-cin-2026-05-24,over_ladder,mlb-stl-cin-2026-05-24-total-12pt5,mlb-stl-cin-2026-05-24-total-11pt5,0.28,0.21,0.07,0.055,2.2,0.07,True,True
2026-07-25T04:54:33+00:00,mlb-stl-cin-2026-05-24,over_ladder,mlb-stl-cin-2026-05-24-total-12pt5,mlb-stl-cin-2026-05-24-total-11pt5,0.28,0.21,0.07,0.055,2.2,0.07,True,True
2026-07-25T04:54:59+00:00,mlb-stl-cin-2026-05-24,over_ladder,mlb-stl-cin-2026-05-24-total-12pt5,mlb-stl-cin-2026-05-24-total-11pt5,0.28,0.21,0.07,0.055,2.2,0.07,True,True
2026-07-25T04:55:24+00:00,mlb-stl-cin-2026-05-24,over_ladder,mlb-stl-cin-2026-05-24-total-12pt5,mlb-stl-cin-2026-05-24-total-11pt5,0.28,0.21,0.07,0.055,2.2,0.07,True,True
2026-07-25T04:55:49+00:00,mlb-stl-cin-2026-05-24,over_ladder,mlb-stl-cin-2026-05-24-total-12pt5,mlb-stl-cin-2026-05-24-total-11pt5,0.28,0.21,0.07,0.055,2.2,0.07,True,True
2026-07-25T04:56:15+00:00,mlb-stl-cin-2026-05-24,over_ladder,mlb-stl-cin-2026-05-24-total-12pt5,mlb-stl-cin-2026-05-24-total-11pt5,0.28,0.21,0.07,0.055,2.2,0.07,True,True
2026-07-25T04:56:40+00:00,mlb-stl-cin-2026-05-24,over_ladder,mlb-stl-cin-2026-05-24-total-12pt5,mlb-stl-cin-2026-05-24-total-11pt5,0.28,0.21,0.07,0.055,2.2,0.07,True,True
2026-07-25T04:57:06+00:00,mlb-stl-cin-2026-05-24,over_ladder,mlb-stl-cin-2026-05-24-total-12pt5,mlb-stl-cin-2026-05-24-total-11pt5,0.28,0.21,0.07,0.055,2.2,0.07,True,True
2026-07-25T04:57:31+00:00,mlb-stl-cin-2026-05-24,over_ladder,mlb-stl-cin-2026-05-24-total-12pt5,mlb-stl-cin-2026-05-24-total-11pt5,0.28,0.21,0.07,0.055,2.2,0.07,True,True
2026-07-25T04:57:56+00:00,mlb-stl-cin-2026-05-24,over_ladder,mlb-stl-cin-2026-05-24-total-12pt5,mlb-stl-cin-2026-05-24-total-11pt5,0.28,0.21,0.07,0.055,2.2,0.07,True,True
2026-07-25T04:58:22+00:00,mlb-stl-cin-2026-05-24,over_ladder,mlb-stl-cin-2026-05-24-total-12pt5,mlb-stl-cin-2026-05-24-total-11pt5,0.28,0.21,0.07,0.055,2.2,0.07,True,True
2026-07-25T04:58:47+00:00,mlb-stl-cin-2026-05-24,over_ladder,mlb-stl-cin-2026-05-24-total-12pt5,mlb-stl-cin-2026-05-24-total-11pt5,0.28,0.21,0.07,0.055,2.2,0.07,True,True
2026-07-25T04:59:12+00:00,mlb-stl-cin-2026-05-24,over_ladder,mlb-stl-cin-2026-05-24-total-12pt5,mlb-stl-cin-2026-05-24-total-11pt5,0.28,0.21,0.07,0.055,2.2,0.07,True,True
2026-07-25T04:59:38+00:00,mlb-stl-cin-2026-05-24,over_ladder,mlb-stl-cin-2026-05-24-total-12pt5,mlb-stl-cin-2026-05-24-total-11pt5,0.28,0.21,0.07,0.055,2.2,0.07,True,True
2026-07-25T05:00:03+00:00,mlb-stl-cin-2026-05-24,over_ladder,mlb-stl-cin-2026-05-24-total-12pt5,mlb-stl-cin-2026-05-24-total-11pt5,0.28,0.21,0.07,0.055,2.2,0.07,True,True
2026-07-25T05:00:28+00:00,mlb-stl-cin-2026-05-24,over_ladder,mlb-stl-cin-2026-05-24-total-12pt5,mlb-stl-cin-2026-05-24-total-11pt5,0.28,0.21,0.07,0.055,2.2,0.07,True,True
2026-07-25T05:00:54+00:00,mlb-stl-cin-2026-05-24,over_ladder,mlb-stl-cin-2026-05-24-total-12pt5,mlb-stl-cin-2026-05-24-total-11pt5,0.28,0.21,0.07,0.055,2.2,0.07,True,True
2026-07-25T05:01:20+00:00,mlb-stl-cin-2026-05-24,over_ladder,mlb-stl-cin-2026-05-24-total-12pt5,mlb-stl-cin-2026-05-24-total-11pt5,0.28,0.21,0.07,0.055,2.2,0.07,True,True
2026-07-25T05:01:46+00:00,mlb-stl-cin-2026-05-24,over_ladder,mlb-stl-cin-2026-05-24-total-12pt5,mlb-stl-cin-2026-05-24-total-11pt5,0.28,0.21,0.07,0.055,2.2,0.07,True,True
2026-07-25T05:02:11+00:00,mlb-stl-cin-2026-05-24,over_ladder,mlb-stl-cin-2026-05-24-total-12pt5,mlb-stl-cin-2026-05-24-total-11pt5,0.28,0.21,0.07,0.055,2.2,0.07,True,True
2026-07-25T05:02:36+00:00,mlb-stl-cin-2026-05-24,over_ladder,mlb-stl-cin-2026-05-24-total-12pt5,mlb-stl-cin-2026-05-24-total-11pt5,0.28,0.21,0.07,0.055,2.2,0.07,True,True
2026-07-25T05:03:02+00:00,mlb-stl-cin-2026-05-24,over_ladder,mlb-stl-cin-2026-05-24-total-12pt5,mlb-stl-cin-2026-05-24-total-11pt5,0.28,0.21,0.07,0.055,2.2,0.07,True,True
2026-07-25T05:03:27+00:00,mlb-stl-cin-2026-05-24,over_ladder,mlb-stl-cin-2026-05-24-total-12pt5,mlb-stl-cin-2026-05-24-total-11pt5,0.28,0.21,0.07,0.055,2.2,0.07,True,True
2026-07-25T05:03:52+00:00,mlb-stl-cin-2026-05-24,over_ladder,mlb-stl-cin-2026-05-24-total-12pt5,mlb-stl-cin-2026-05-24-total-11pt5,0.28,0.21,0.07,0.055,2.2,0.07,True,True
2026-07-25T05:04:18+00:00,mlb-stl-cin-2026-05-24,over_ladder,mlb-stl-cin-2026-05-24-total-12pt5,mlb-stl-cin-2026-05-24-total-11pt5,0.28,0.21,0.07,0.055,2.2,0.07,True,True
2026-07-25T05:04:43+00:00,mlb-stl-cin-2026-05-24,over_ladder,mlb-stl-cin-2026-05-24-total-12pt5,mlb-stl-cin-2026-05-24-total-11pt5,0.28,0.21,0.07,0.055,2.2,0.07,True,True
2026-07-25T05:05:08+00:00,mlb-stl-cin-2026-05-24,over_ladder,mlb-stl-cin-2026-05-24-total-12pt5,mlb-stl-cin-2026-05-24-total-11pt5,0.28,0.21,0.07,0.055,2.2,0.07,True,True
2026-07-25T05:05:34+00:00,mlb-stl-cin-2026-05-24,over_ladder,mlb-stl-cin-2026-05-24-total-12pt5,mlb-stl-cin-2026-05-24-total-11pt5,0.28,0.21,0.07,0.055,2.2,0.07,True,True
2026-07-25T05:05:59+00:00,mlb-stl-cin-2026-05-24,over_ladder,mlb-stl-cin-2026-05-24-total-12pt5,mlb-stl-cin-2026-05-24-total-11pt5,0.28,0.21,0.07,0.055,2.2,0.07,True,True
2026-07-25T05:06:25+00:00,mlb-stl-cin-2026-05-24,over_ladder,mlb-stl-cin-2026-05-24-total-12pt5,mlb-stl-cin-2026-05-24-total-11pt5,0.28,0.21,0.07,0.055,2.2,0.07,True,True
2026-07-25T05:06:50+00:00,mlb-stl-cin-2026-05-24,over_ladder,mlb-stl-cin-2026-05-24-total-12pt5,mlb-stl-cin-2026-05-24-total-11pt5,0.28,0.21,0.07,0.055,2.2,0.07,True,True
2026-07-25T05:07:15+00:00,mlb-stl-cin-2026-05-24,over_ladder,mlb-stl-cin-2026-05-24-total-12pt5,mlb-stl-cin-2026-05-24-total-11pt5,0.28,0.21,0.07,0.055,2.2,0.07,True,True
2026-07-25T05:07:41+00:00,mlb-stl-cin-2026-05-24,over_ladder,mlb-stl-cin-2026-05-24-total-12pt5,mlb-stl-cin-2026-05-24-total-11pt5,0.28,0.21,0.07,0.055,2.2,0.07,True,True
2026-07-25T05:08:06+00:00,mlb-stl-cin-2026-05-24,over_ladder,mlb-stl-cin-2026-05-24-total-12pt5,mlb-stl-cin-2026-05-24-total-11pt5,0.28,0.21,0.07,0.055,2.2,0.07,True,True
2026-07-25T05:08:31+00:00,mlb-stl-cin-2026-05-24,over_ladder,mlb-stl-cin-2026-05-24-total-12pt5,mlb-stl-cin-2026-05-24-total-11pt5,0.28,0.21,0.07,0.055,2.2,0.07,True,True
2026-07-25T05:08:57+00:00,mlb-stl-cin-2026-05-24,over_ladder,mlb-stl-cin-2026-05-24-total-12pt5,mlb-stl-cin-2026-05-24-total-11pt5,0.28,0.21,0.07,0.055,2.2,0.07,True,True
2026-07-25T05:09:22+00:00,mlb-stl-cin-2026-05-24,over_ladder,mlb-stl-cin-2026-05-24-total-12pt5,mlb-stl-cin-2026-05-24-total-11pt5,0.28,0.21,0.07,0.055,2.2,0.07,True,True
2026-07-25T05:09:48+00:00,mlb-stl-cin-2026-05-24,over_ladder,mlb-stl-cin-2026-05-24-total-12pt5,mlb-stl-cin-2026-05-24-total-11pt5,0.28,0.21,0.07,0.055,2.2,0.07,True,True
2026-07-25T05:10:13+00:00,mlb-stl-cin-2026-05-24,over_ladder,mlb-stl-cin-2026-05-24-total-12pt5,mlb-stl-cin-2026-05-24-total-11pt5,0.28,0.21,0.07,0.055,2.2,0.07,True,True
2026-07-25T05:10:38+00:00,mlb-stl-cin-2026-05-24,over_ladder,mlb-stl-cin-2026-05-24-total-12pt5,mlb-stl-cin-2026-05-24-total-11pt5,0.28,0.21,0.07,0.055,2.2,0.07,True,True
2026-07-25T05:11:04+00:00,mlb-stl-cin-2026-05-24,over_ladder,mlb-stl-cin-2026-05-24-total-12pt5,mlb-stl-cin-2026-05-24-total-11pt5,0.28,0.21,0.07,0.055,2.2,0.07,True,True
2026-07-25T05:11:30+00:00,mlb-stl-cin-2026-05-24,over_ladder,mlb-stl-cin-2026-05-24-total-12pt5,mlb-stl-cin-2026-05-24-total-11pt5,0.28,0.21,0.07,0.055,2.2,0.07,True,True
2026-07-25T05:11:55+00:00,mlb-stl-cin-2026-05-24,over_ladder,mlb-stl-cin-2026-05-24-total-12pt5,mlb-stl-cin-2026-05-24-total-11pt5,0.28,0.21,0.07,0.055,2.2,0.07,True,True
2026-07-25T05:12:21+00:00,mlb-stl-cin-2026-05-24,over_ladder,mlb-stl-cin-2026-05-24-total-12pt5,mlb-stl-cin-2026-05-24-total-11pt5,0.28,0.21,0.07,0.055,2.2,0.07,True,True
2026-07-25T05:12:46+00:00,mlb-stl-cin-2026-05-24,over_ladder,mlb-stl-cin-2026-05-24-total-12pt5,mlb-stl-cin-2026-05-24-total-11pt5,0.28,0.21,0.07,0.055,2.2,0.07,True,True
2026-07-25T05:13:12+00:00,mlb-stl-cin-2026-05-24,over_ladder,mlb-stl-cin-2026-05-24-total-12pt5,mlb-stl-cin-2026-05-24-total-11pt5,0.28,0.21,0.07,0.055,2.2,0.07,True,True
2026-07-25T05:13:37+00:00,mlb-stl-cin-2026-05-24,over_ladder,mlb-stl-cin-2026-05-24-total-12pt5,mlb-stl-cin-2026-05-24-total-11pt5,0.28,0.21,0.07,0.055,2.2,0.07,True,True
2026-07-25T05:14:02+00:00,mlb-stl-cin-2026-05-24,over_ladder,mlb-stl-cin-2026-05-24-total-12pt5,mlb-stl-cin-2026-05-24-total-11pt5,0.28,0.21,0.07,0.055,2.2,0.07,True,True
2026-07-25T05:14:28+00:00,mlb-stl-cin-2026-05-24,over_ladder,mlb-stl-cin-2026-05-24-total-12pt5,mlb-stl-cin-2026-05-24-total-11pt5,0.28,0.21,0.07,0.055,2.2,0.07,True,True
2026-07-25T05:14:53+00:00,mlb-stl-cin-2026-05-24,over_ladder,mlb-stl-cin-2026-05-24-total-12pt5,mlb-stl-cin-2026-05-24-total-11pt5,0.28,0.21,0.07,0.055,2.2,0.07,True,True
2026-07-25T05:15:18+00:00,mlb-stl-cin-2026-05-24,over_ladder,mlb-stl-cin-2026-05-24-total-12pt5,mlb-stl-cin-2026-05-24-total-11pt5,0.28,0.21,0.07,0.055,2.2,0.07,True,True
2026-07-25T05:15:44+00:00,mlb-stl-cin-2026-05-24,over_ladder,mlb-stl-cin-2026-05-24-total-12pt5,mlb-stl-cin-2026-05-24-total-11pt5,0.28,0.21,0.07,0.055,2.2,0.07,True,True
2026-07-25T05:16:09+00:00,mlb-stl-cin-2026-05-24,over_ladder,mlb-stl-cin-2026-05-24-total-12pt5,mlb-stl-cin-2026-05-24-total-11pt5,0.28,0.21,0.07,0.055,2.2,0.07,True,True
2026-07-25T05:16:34+00:00,mlb-stl-cin-2026-05-24,over_ladder,mlb-stl-cin-2026-05-24-total-12pt5,mlb-stl-cin-2026-05-24-total-11pt5,0.28,0.21,0.07,0.055,2.2,0.07,True,True
2026-07-25T05:17:00+00:00,mlb-stl-cin-2026-05-24,over_ladder,mlb-stl-cin-2026-05-24-total-12pt5,mlb-stl-cin-2026-05-24-total-11pt5,0.28,0.21,0.07,0.055,2.2,0.07,True,True
2026-07-25T05:17:25+00:00,mlb-stl-cin-2026-05-24,over_ladder,mlb-stl-cin-2026-05-24-total-12pt5,mlb-stl-cin-2026-05-24-total-11pt5,0.28,0.21,0.07,0.055,2.2,0.07,True,True
2026-07-25T05:17:50+00:00,mlb-stl-cin-2026-05-24,over_ladder,mlb-stl-cin-2026-05-24-total-12pt5,mlb-stl-cin-2026-05-24-total-11pt5,0.28,0.21,0.07,0.055,2.2,0.07,True,True
2026-07-25T05:18:16+00:00,mlb-stl-cin-2026-05-24,over_ladder,mlb-stl-cin-2026-05-24-total-12pt5,mlb-stl-cin-2026-05-24-total-11pt5,0.28,0.21,0.07,0.055,2.2,0.07,True,True
2026-07-25T05:18:41+00:00,mlb-stl-cin-2026-05-24,over_ladder,mlb-stl-cin-2026-05-24-total-12pt5,mlb-stl-cin-2026-05-24-total-11pt5,0.28,0.21,0.07,0.055,2.2,0.07,True,True
2026-07-25T05:19:06+00:00,mlb-stl-cin-2026-05-24,over_ladder,mlb-stl-cin-2026-05-24-total-12pt5,mlb-stl-cin-2026-05-24-total-11pt5,0.28,0.21,0.07,0.055,2.2,0.07,True,True
2026-07-25T05:19:32+00:00,mlb-stl-cin-2026-05-24,over_ladder,mlb-stl-cin-2026-05-24-total-12pt5,mlb-stl-cin-2026-05-24-total-11pt5,0.28,0.21,0.07,0.055,2.2,0.07,True,True
2026-07-25T05:19:57+00:00,mlb-stl-cin-2026-05-24,over_ladder,mlb-stl-cin-2026-05-24-total-12pt5,mlb-stl-cin-2026-05-24-total-11pt5,0.28,0.21,0.07,0.055,2.2,0.07,True,True
2026-07-25T05:20:23+00:00,mlb-stl-cin-2026-05-24,over_ladder,mlb-stl-cin-2026-05-24-total-12pt5,mlb-stl-cin-2026-05-24-total-11pt5,0.28,0.21,0.07,0.055,2.2,0.07,True,True
2026-07-25T05:20:48+00:00,mlb-stl-cin-2026-05-24,over_ladder,mlb-stl-cin-2026-05-24-total-12pt5,mlb-stl-cin-2026-05-24-total-11pt5,0.28,0.21,0.07,0.055,2.2,0.07,True,True
2026-07-25T05:21:13+00:00,mlb-stl-cin-2026-05-24,over_ladder,mlb-stl-cin-2026-05-24-total-12pt5,mlb-stl-cin-2026-05-24-total-11pt5,0.28,0.21,0.07,0.055,2.2,0.07,True,True
2026-07-25T05:21:40+00:00,mlb-stl-cin-2026-05-24,over_ladder,mlb-stl-cin-2026-05-24-total-12pt5,mlb-stl-cin-2026-05-24-total-11pt5,0.28,0.21,0.07,0.055,2.2,0.07,True,True
2026-07-25T05:22:05+00:00,mlb-stl-cin-2026-05-24,over_ladder,mlb-stl-cin-2026-05-24-total-12pt5,mlb-stl-cin-2026-05-24-total-11pt5,0.28,0.21,0.07,0.055,2.2,0.07,True,True
2026-07-25T05:22:30+00:00,mlb-stl-cin-2026-05-24,over_ladder,mlb-stl-cin-2026-05-24-total-12pt5,mlb-stl-cin-2026-05-24-total-11pt5,0.28,0.21,0.07,0.055,2.2,0.07,True,True
2026-07-25T05:22:56+00:00,mlb-stl-cin-2026-05-24,over_ladder,mlb-stl-cin-2026-05-24-total-12pt5,mlb-stl-cin-2026-05-24-total-11pt5,0.28,0.21,0.07,0.055,2.2,0.07,True,True
2026-07-25T05:23:21+00:00,mlb-stl-cin-2026-05-24,over_ladder,mlb-stl-cin-2026-05-24-total-12pt5,mlb-stl-cin-2026-05-24-total-11pt5,0.28,0.21,0.07,0.055,2.2,0.07,True,True
2026-07-25T05:23:46+00:00,mlb-stl-cin-2026-05-24,over_ladder,mlb-stl-cin-2026-05-24-total-12pt5,mlb-stl-cin-2026-05-24-total-11pt5,0.28,0.21,0.07,0.055,2.2,0.07,True,True
2026-07-25T05:24:12+00:00,mlb-stl-cin-2026-05-24,over_ladder,mlb-stl-cin-2026-05-24-total-12pt5,mlb-stl-cin-2026-05-24-total-11pt5,0.28,0.21,0.07,0.055,2.2,0.07,True,True
2026-07-25T05:24:37+00:00,mlb-stl-cin-2026-05-24,over_ladder,mlb-stl-cin-2026-05-24-total-12pt5,mlb-stl-cin-2026-05-24-total-11pt5,0.28,0.21,0.07,0.055,2.2,0.07,True,True
2026-07-25T05:25:02+00:00,mlb-stl-cin-2026-05-24,over_ladder,mlb-stl-cin-2026-05-24-total-12pt5,mlb-stl-cin-2026-05-24-total-11pt5,0.28,0.21,0.07,0.055,2.2,0.07,True,True
2026-07-25T05:25:28+00:00,mlb-stl-cin-2026-05-24,over_ladder,mlb-stl-cin-2026-05-24-total-12pt5,mlb-stl-cin-2026-05-24-total-11pt5,0.28,0.21,0.07,0.055,2.2,0.07,True,True
2026-07-25T05:25:53+00:00,mlb-stl-cin-2026-05-24,over_ladder,mlb-stl-cin-2026-05-24-total-12pt5,mlb-stl-cin-2026-05-24-total-11pt5,0.28,0.21,0.07,0.055,2.2,0.07,True,True
2026-07-25T05:26:19+00:00,mlb-stl-cin-2026-05-24,over_ladder,mlb-stl-cin-2026-05-24-total-12pt5,mlb-stl-cin-2026-05-24-total-11pt5,0.28,0.21,0.07,0.055,2.2,0.07,True,True
2026-07-25T05:26:44+00:00,mlb-stl-cin-2026-05-24,over_ladder,mlb-stl-cin-2026-05-24-total-12pt5,mlb-stl-cin-2026-05-24-total-11pt5,0.28,0.21,0.07,0.055,2.2,0.07,True,True
2026-07-25T05:27:09+00:00,mlb-stl-cin-2026-05-24,over_ladder,mlb-stl-cin-2026-05-24-total-12pt5,mlb-stl-cin-2026-05-24-total-11pt5,0.28,0.21,0.07,0.055,2.2,0.07,True,True
2026-07-25T05:27:35+00:00,mlb-stl-cin-2026-05-24,over_ladder,mlb-stl-cin-2026-05-24-total-12pt5,mlb-stl-cin-2026-05-24-total-11pt5,0.28,0.21,0.07,0.055,2.2,0.07,True,True
2026-07-25T05:28:00+00:00,mlb-stl-cin-2026-05-24,over_ladder,mlb-stl-cin-2026-05-24-total-12pt5,mlb-stl-cin-2026-05-24-total-11pt5,0.28,0.21,0.07,0.055,2.2,0.07,True,True
2026-07-25T05:28:25+00:00,mlb-stl-cin-2026-05-24,over_ladder,mlb-stl-cin-2026-05-24-total-12pt5,mlb-stl-cin-2026-05-24-total-11pt5,0.28,0.21,0.07,0.055,2.2,0.07,True,True
2026-07-25T05:28:51+00:00,mlb-stl-cin-2026-05-24,over_ladder,mlb-stl-cin-2026-05-24-total-12pt5,mlb-stl-cin-2026-05-24-total-11pt5,0.28,0.21,0.07,0.055,2.2,0.07,True,True
2026-07-25T05:29:16+00:00,mlb-stl-cin-2026-05-24,over_ladder,mlb-stl-cin-2026-05-24-total-12pt5,mlb-stl-cin-2026-05-24-total-11pt5,0.28,0.21,0.07,0.055,2.2,0.07,True,True
2026-07-25T05:29:41+00:00,mlb-stl-cin-2026-05-24,over_ladder,mlb-stl-cin-2026-05-24-total-12pt5,mlb-stl-cin-2026-05-24-total-11pt5,0.28,0.21,0.07,0.055,2.2,0.07,True,True
2026-07-25T05:30:07+00:00,mlb-stl-cin-2026-05-24,over_ladder,mlb-stl-cin-2026-05-24-total-12pt5,mlb-stl-cin-2026-05-24-total-11pt5,0.28,0.21,0.07,0.055,2.2,0.07,True,True
2026-07-25T05:30:32+00:00,mlb-stl-cin-2026-05-24,over_ladder,mlb-stl-cin-2026-05-24-total-12pt5,mlb-stl-cin-2026-05-24-total-11pt5,0.28,0.21,0.07,0.055,2.2,0.07,True,True
2026-07-25T05:30:57+00:00,mlb-stl-cin-2026-05-24,over_ladder,mlb-stl-cin-2026-05-24-total-12pt5,mlb-stl-cin-2026-05-24-total-11pt5,0.28,0.21,0.07,0.055,2.2,0.07,True,True
2026-07-25T05:31:23+00:00,mlb-stl-cin-2026-05-24,over_ladder,mlb-stl-cin-2026-05-24-total-12pt5,mlb-stl-cin-2026-05-24-total-11pt5,0.28,0.21,0.07,0.055,2.2,0.07,True,True
2026-07-25T05:31:49+00:00,mlb-stl-cin-2026-05-24,over_ladder,mlb-stl-cin-2026-05-24-total-12pt5,mlb-stl-cin-2026-05-24-total-11pt5,0.28,0.21,0.07,0.055,2.2,0.07,True,True
2026-07-25T05:32:15+00:00,mlb-stl-cin-2026-05-24,over_ladder,mlb-stl-cin-2026-05-24-total-12pt5,mlb-stl-cin-2026-05-24-total-11pt5,0.28,0.21,0.07,0.055,2.2,0.07,True,True
2026-07-25T05:32:40+00:00,mlb-stl-cin-2026-05-24,over_ladder,mlb-stl-cin-2026-05-24-total-12pt5,mlb-stl-cin-2026-05-24-total-11pt5,0.28,0.21,0.07,0.055,2.2,0.07,True,True
2026-07-25T05:33:05+00:00,mlb-stl-cin-2026-05-24,over_ladder,mlb-stl-cin-2026-05-24-total-12pt5,mlb-stl-cin-2026-05-24-total-11pt5,0.28,0.21,0.07,0.055,2.2,0.07,True,True
2026-07-25T05:33:31+00:00,mlb-stl-cin-2026-05-24,over_ladder,mlb-stl-cin-2026-05-24-total-12pt5,mlb-stl-cin-2026-05-24-total-11pt5,0.28,0.21,0.07,0.055,2.2,0.07,True,True
2026-07-25T05:33:56+00:00,mlb-stl-cin-2026-05-24,over_ladder,mlb-stl-cin-2026-05-24-total-12pt5,mlb-stl-cin-2026-05-24-total-11pt5,0.28,0.21,0.07,0.055,2.2,0.07,True,True
2026-07-25T05:34:21+00:00,mlb-stl-cin-2026-05-24,over_ladder,mlb-stl-cin-2026-05-24-total-12pt5,mlb-stl-cin-2026-05-24-total-11pt5,0.28,0.21,0.07,0.055,2.2,0.07,True,True
2026-07-25T05:34:47+00:00,mlb-stl-cin-2026-05-24,over_ladder,mlb-stl-cin-2026-05-24-total-12pt5,mlb-stl-cin-2026-05-24-total-11pt5,0.28,0.21,0.07,0.055,2.2,0.07,True,True
2026-07-25T05:35:12+00:00,mlb-stl-cin-2026-05-24,over_ladder,mlb-stl-cin-2026-05-24-total-12pt5,mlb-stl-cin-2026-05-24-total-11pt5,0.28,0.21,0.07,0.055,2.2,0.07,True,True
2026-07-25T05:35:38+00:00,mlb-stl-cin-2026-05-24,over_ladder,mlb-stl-cin-2026-05-24-total-12pt5,mlb-stl-cin-2026-05-24-total-11pt5,0.28,0.21,0.07,0.055,2.2,0.07,True,True
2026-07-25T05:36:03+00:00,mlb-stl-cin-2026-05-24,over_ladder,mlb-stl-cin-2026-05-24-total-12pt5,mlb-stl-cin-2026-05-24-total-11pt5,0.28,0.21,0.07,0.055,2.2,0.07,True,True
2026-07-25T05:36:28+00:00,mlb-stl-cin-2026-05-24,over_ladder,mlb-stl-cin-2026-05-24-total-12pt5,mlb-stl-cin-2026-05-24-total-11pt5,0.28,0.21,0.07,0.055,2.2,0.07,True,True
2026-07-25T05:36:54+00:00,mlb-stl-cin-2026-05-24,over_ladder,mlb-stl-cin-2026-05-24-total-12pt5,mlb-stl-cin-2026-05-24-total-11pt5,0.28,0.21,0.07,0.055,2.2,0.07,True,True
2026-07-25T05:37:19+00:00,mlb-stl-cin-2026-05-24,over_ladder,mlb-stl-cin-2026-05-24-total-12pt5,mlb-stl-cin-2026-05-24-total-11pt5,0.28,0.21,0.07,0.055,2.2,0.07,True,True
2026-07-25T05:37:44+00:00,mlb-stl-cin-2026-05-24,over_ladder,mlb-stl-cin-2026-05-24-total-12pt5,mlb-stl-cin-2026-05-24-total-11pt5,0.28,0.21,0.07,0.055,2.2,0.07,True,True
2026-07-25T05:38:10+00:00,mlb-stl-cin-2026-05-24,over_ladder,mlb-stl-cin-2026-05-24-total-12pt5,mlb-stl-cin-2026-05-24-total-11pt5,0.28,0.21,0.07,0.055,2.2,0.07,True,True
2026-07-25T05:38:35+00:00,mlb-stl-cin-2026-05-24,over_ladder,mlb-stl-cin-2026-05-24-total-12pt5,mlb-stl-cin-2026-05-24-total-11pt5,0.28,0.21,0.07,0.055,2.2,0.07,True,True
2026-07-25T05:39:01+00:00,mlb-stl-cin-2026-05-24,over_ladder,mlb-stl-cin-2026-05-24-total-12pt5,mlb-stl-cin-2026-05-24-total-11pt5,0.28,0.21,0.07,0.055,2.2,0.07,True,True
2026-07-25T05:39:26+00:00,mlb-stl-cin-2026-05-24,over_ladder,mlb-stl-cin-2026-05-24-total-12pt5,mlb-stl-cin-2026-05-24-total-11pt5,0.28,0.21,0.07,0.055,2.2,0.07,True,True
2026-07-25T05:39:51+00:00,mlb-stl-cin-2026-05-24,over_ladder,mlb-stl-cin-2026-05-24-total-12pt5,mlb-stl-cin-2026-05-24-total-11pt5,0.28,0.21,0.07,0.055,2.2,0.07,True,True
2026-07-25T05:40:17+00:00,mlb-stl-cin-2026-05-24,over_ladder,mlb-stl-cin-2026-05-24-total-12pt5,mlb-stl-cin-2026-05-24-total-11pt5,0.28,0.21,0.07,0.055,2.2,0.07,True,True
2026-07-25T05:40:42+00:00,mlb-stl-cin-2026-05-24,over_ladder,mlb-stl-cin-2026-05-24-total-12pt5,mlb-stl-cin-2026-05-24-total-11pt5,0.28,0.21,0.07,0.055,2.2,0.07,True,True
2026-07-25T05:41:07+00:00,mlb-stl-cin-2026-05-24,over_ladder,mlb-stl-cin-2026-05-24-total-12pt5,mlb-stl-cin-2026-05-24-total-11pt5,0.28,0.21,0.07,0.055,2.2,0.07,True,True
2026-07-25T05:41:33+00:00,mlb-stl-cin-2026-05-24,over_ladder,mlb-stl-cin-2026-05-24-total-12pt5,mlb-stl-cin-2026-05-24-total-11pt5,0.28,0.21,0.07,0.055,2.2,0.07,True,True
2026-07-25T05:41:59+00:00,mlb-stl-cin-2026-05-24,over_ladder,mlb-stl-cin-2026-05-24-total-12pt5,mlb-stl-cin-2026-05-24-total-11pt5,0.28,0.21,0.07,0.055,2.2,0.07,True,True
2026-07-25T05:42:24+00:00,mlb-stl-cin-2026-05-24,over_ladder,mlb-stl-cin-2026-05-24-total-12pt5,mlb-stl-cin-2026-05-24-total-11pt5,0.28,0.21,0.07,0.055,2.2,0.07,True,True
2026-07-25T05:42:50+00:00,mlb-stl-cin-2026-05-24,over_ladder,mlb-stl-cin-2026-05-24-total-12pt5,mlb-stl-cin-2026-05-24-total-11pt5,0.28,0.21,0.07,0.055,2.2,0.07,True,True
2026-07-25T05:43:15+00:00,mlb-stl-cin-2026-05-24,over_ladder,mlb-stl-cin-2026-05-24-total-12pt5,mlb-stl-cin-2026-05-24-total-11pt5,0.28,0.21,0.07,0.055,2.2,0.07,True,True
2026-07-25T05:43:41+00:00,mlb-stl-cin-2026-05-24,over_ladder,mlb-stl-cin-2026-05-24-total-12pt5,mlb-stl-cin-2026-05-24-total-11pt5,0.28,0.21,0.07,0.055,2.2,0.07,True,True
2026-07-25T05:44:06+00:00,mlb-stl-cin-2026-05-24,over_ladder,mlb-stl-cin-2026-05-24-total-12pt5,mlb-stl-cin-2026-05-24-total-11pt5,0.28,0.21,0.07,0.055,2.2,0.07,True,True
2026-07-25T05:44:31+00:00,mlb-stl-cin-2026-05-24,over_ladder,mlb-stl-cin-2026-05-24-total-12pt5,mlb-stl-cin-2026-05-24-total-11pt5,0.28,0.21,0.07,0.055,2.2,0.07,True,True
2026-07-25T05:44:57+00:00,mlb-stl-cin-2026-05-24,over_ladder,mlb-stl-cin-2026-05-24-total-12pt5,mlb-stl-cin-2026-05-24-total-11pt5,0.28,0.21,0.07,0.055,2.2,0.07,True,True
2026-07-25T05:45:22+00:00,mlb-stl-cin-2026-05-24,over_ladder,mlb-stl-cin-2026-05-24-total-12pt5,mlb-stl-cin-2026-05-24-total-11pt5,0.28,0.21,0.07,0.055,2.2,0.07,True,True
2026-07-25T05:45:47+00:00,mlb-stl-cin-2026-05-24,over_ladder,mlb-stl-cin-2026-05-24-total-12pt5,mlb-stl-cin-2026-05-24-total-11pt5,0.28,0.21,0.07,0.055,2.2,0.07,True,True
2026-07-25T05:46:13+00:00,mlb-stl-cin-2026-05-24,over_ladder,mlb-stl-cin-2026-05-24-total-12pt5,mlb-stl-cin-2026-05-24-total-11pt5,0.28,0.21,0.07,0.055,2.2,0.07,True,True
2026-07-25T05:46:38+00:00,mlb-stl-cin-2026-05-24,over_ladder,mlb-stl-cin-2026-05-24-total-12pt5,mlb-stl-cin-2026-05-24-total-11pt5,0.28,0.21,0.07,0.055,2.2,0.07,True,True
2026-07-25T05:47:03+00:00,mlb-stl-cin-2026-05-24,over_ladder,mlb-stl-cin-2026-05-24-total-12pt5,mlb-stl-cin-2026-05-24-total-11pt5,0.28,0.21,0.07,0.055,2.2,0.07,True,True
2026-07-25T05:47:29+00:00,mlb-stl-cin-2026-05-24,over_ladder,mlb-stl-cin-2026-05-24-total-12pt5,mlb-stl-cin-2026-05-24-total-11pt5,0.28,0.21,0.07,0.055,2.2,0.07,True,True
2026-07-25T05:47:54+00:00,mlb-stl-cin-2026-05-24,over_ladder,mlb-stl-cin-2026-05-24-total-12pt5,mlb-stl-cin-2026-05-24-total-11pt5,0.28,0.21,0.07,0.055,2.2,0.07,True,True
2026-07-25T05:48:19+00:00,mlb-stl-cin-2026-05-24,over_ladder,mlb-stl-cin-2026-05-24-total-12pt5,mlb-stl-cin-2026-05-24-total-11pt5,0.28,0.21,0.07,0.055,2.2,0.07,True,True
2026-07-25T05:48:45+00:00,mlb-stl-cin-2026-05-24,over_ladder,mlb-stl-cin-2026-05-24-total-12pt5,mlb-stl-cin-2026-05-24-total-11pt5,0.28,0.21,0.07,0.055,2.2,0.07,True,True
2026-07-25T05:49:10+00:00,mlb-stl-cin-2026-05-24,over_ladder,mlb-stl-cin-2026-05-24-total-12pt5,mlb-stl-cin-2026-05-24-total-11pt5,0.28,0.21,0.07,0.055,2.2,0.07,True,True
2026-07-25T05:49:35+00:00,mlb-stl-cin-2026-05-24,over_ladder,mlb-stl-cin-2026-05-24-total-12pt5,mlb-stl-cin-2026-05-24-total-11pt5,0.28,0.21,0.07,0.055,2.2,0.07,True,True
2026-07-25T05:50:01+00:00,mlb-stl-cin-2026-05-24,over_ladder,mlb-stl-cin-2026-05-24-total-12pt5,mlb-stl-cin-2026-05-24-total-11pt5,0.28,0.21,0.07,0.055,2.2,0.07,True,True
2026-07-25T05:50:26+00:00,mlb-stl-cin-2026-05-24,over_ladder,mlb-stl-cin-2026-05-24-total-12pt5,mlb-stl-cin-2026-05-24-total-11pt5,0.28,0.21,0.07,0.055,2.2,0.07,True,True
2026-07-25T05:50:52+00:00,mlb-stl-cin-2026-05-24,over_ladder,mlb-stl-cin-2026-05-24-total-12pt5,mlb-stl-cin-2026-05-24-total-11pt5,0.28,0.21,0.07,0.055,2.2,0.07,True,True
2026-07-25T05:51:17+00:00,mlb-stl-cin-2026-05-24,over_ladder,mlb-stl-cin-2026-05-24-total-12pt5,mlb-stl-cin-2026-05-24-total-11pt5,0.28,0.21,0.07,0.055,2.2,0.07,True,True
2026-07-25T05:51:42+00:00,mlb-stl-cin-2026-05-24,over_ladder,mlb-stl-cin-2026-05-24-total-12pt5,mlb-stl-cin-2026-05-24-total-11pt5,0.28,0.21,0.07,0.055,2.2,0.07,True,True
2026-07-25T05:52:09+00:00,mlb-stl-cin-2026-05-24,over_ladder,mlb-stl-cin-2026-05-24-total-12pt5,mlb-stl-cin-2026-05-24-total-11pt5,0.28,0.21,0.07,0.055,2.2,0.07,True,True
2026-07-25T05:52:34+00:00,mlb-stl-cin-2026-05-24,over_ladder,mlb-stl-cin-2026-05-24-total-12pt5,mlb-stl-cin-2026-05-24-total-11pt5,0.28,0.21,0.07,0.055,2.2,0.07,True,True
2026-07-25T05:52:59+00:00,mlb-stl-cin-2026-05-24,over_ladder,mlb-stl-cin-2026-05-24-total-12pt5,mlb-stl-cin-2026-05-24-total-11pt5,0.28,0.21,0.07,0.055,2.2,0.07,True,True
2026-07-25T05:53:25+00:00,mlb-stl-cin-2026-05-24,over_ladder,mlb-stl-cin-2026-05-24-total-12pt5,mlb-stl-cin-2026-05-24-total-11pt5,0.28,0.21,0.07,0.055,2.2,0.07,True,True
2026-07-25T05:53:50+00:00,mlb-stl-cin-2026-05-24,over_ladder,mlb-stl-cin-2026-05-24-total-12pt5,mlb-stl-cin-2026-05-24-total-11pt5,0.28,0.21,0.07,0.055,2.2,0.07,True,True
2026-07-25T05:54:15+00:00,mlb-stl-cin-2026-05-24,over_ladder,mlb-stl-cin-2026-05-24-total-12pt5,mlb-stl-cin-2026-05-24-total-11pt5,0.28,0.21,0.07,0.055,2.2,0.07,True,True
2026-07-25T05:54:41+00:00,mlb-stl-cin-2026-05-24,over_ladder,mlb-stl-cin-2026-05-24-total-12pt5,mlb-stl-cin-2026-05-24-total-11pt5,0.28,0.21,0.07,0.055,2.2,0.07,True,True
2026-07-25T05:55:06+00:00,mlb-stl-cin-2026-05-24,over_ladder,mlb-stl-cin-2026-05-24-total-12pt5,mlb-stl-cin-2026-05-24-total-11pt5,0.28,0.21,0.07,0.055,2.2,0.07,True,True
2026-07-25T05:55:32+00:00,mlb-stl-cin-2026-05-24,over_ladder,mlb-stl-cin-2026-05-24-total-12pt5,mlb-stl-cin-2026-05-24-total-11pt5,0.28,0.21,0.07,0.055,2.2,0.07,True,True
2026-07-25T05:55:57+00:00,mlb-stl-cin-2026-05-24,over_ladder,mlb-stl-cin-2026-05-24-total-12pt5,mlb-stl-cin-2026-05-24-total-11pt5,0.28,0.21,0.07,0.055,2.2,0.07,True,True
2026-07-25T05:56:22+00:00,mlb-stl-cin-2026-05-24,over_ladder,mlb-stl-cin-2026-05-24-total-12pt5,mlb-stl-cin-2026-05-24-total-11pt5,0.28,0.21,0.07,0.055,2.2,0.07,True,True
2026-07-25T05:56:48+00:00,mlb-stl-cin-2026-05-24,over_ladder,mlb-stl-cin-2026-05-24-total-12pt5,mlb-stl-cin-2026-05-24-total-11pt5,0.28,0.21,0.07,0.055,2.2,0.07,True,True
2026-07-25T05:57:13+00:00,mlb-stl-cin-2026-05-24,over_ladder,mlb-stl-cin-2026-05-24-total-12pt5,mlb-stl-cin-2026-05-24-total-11pt5,0.28,0.21,0.07,0.055,2.2,0.07,True,True
2026-07-25T05:57:38+00:00,mlb-stl-cin-2026-05-24,over_ladder,mlb-stl-cin-2026-05-24-total-12pt5,mlb-stl-cin-2026-05-24-total-11pt5,0.28,0.21,0.07,0.055,2.2,0.07,True,True
2026-07-25T05:58:04+00:00,mlb-stl-cin-2026-05-24,over_ladder,mlb-stl-cin-2026-05-24-total-12pt5,mlb-stl-cin-2026-05-24-total-11pt5,0.28,0.21,0.07,0.055,2.2,0.07,True,True
2026-07-25T05:58:29+00:00,mlb-stl-cin-2026-05-24,over_ladder,mlb-stl-cin-2026-05-24-total-12pt5,mlb-stl-cin-2026-05-24-total-11pt5,0.28,0.21,0.07,0.055,2.2,0.07,True,True
2026-07-25T05:58:54+00:00,mlb-stl-cin-2026-05-24,over_ladder,mlb-stl-cin-2026-05-24-total-12pt5,mlb-stl-cin-2026-05-24-total-11pt5,0.28,0.21,0.07,0.055,2.2,0.07,True,True
2026-07-25T05:59:20+00:00,mlb-stl-cin-2026-05-24,over_ladder,mlb-stl-cin-2026-05-24-total-12pt5,mlb-stl-cin-2026-05-24-total-11pt5,0.28,0.21,0.07,0.055,2.2,0.07,True,True
2026-07-25T05:59:45+00:00,mlb-stl-cin-2026-05-24,over_ladder,mlb-stl-cin-2026-05-24-total-12pt5,mlb-stl-cin-2026-05-24-total-11pt5,0.28,0.21,0.07,0.055,2.2,0.07,True,True
2026-07-25T06:00:10+00:00,mlb-stl-cin-2026-05-24,over_ladder,mlb-stl-cin-2026-05-24-total-12pt5,mlb-stl-cin-2026-05-24-total-11pt5,0.28,0.21,0.07,0.055,2.2,0.07,True,True
2026-07-25T06:00:36+00:00,mlb-stl-cin-2026-05-24,over_ladder,mlb-stl-cin-2026-05-24-total-12pt5,mlb-stl-cin-2026-05-24-total-11pt5,0.28,0.21,0.07,0.055,2.2,0.07,True,True
2026-07-25T06:01:01+00:00,mlb-stl-cin-2026-05-24,over_ladder,mlb-stl-cin-2026-05-24-total-12pt5,mlb-stl-cin-2026-05-24-total-11pt5,0.28,0.21,0.07,0.055,2.2,0.07,True,True
2026-07-25T06:01:27+00:00,mlb-stl-cin-2026-05-24,over_ladder,mlb-stl-cin-2026-05-24-total-12pt5,mlb-stl-cin-2026-05-24-total-11pt5,0.28,0.21,0.07,0.055,2.2,0.07,True,True
2026-07-25T06:01:52+00:00,mlb-stl-cin-2026-05-24,over_ladder,mlb-stl-cin-2026-05-24-total-12pt5,mlb-stl-cin-2026-05-24-total-11pt5,0.28,0.21,0.07,0.055,2.2,0.07,True,True
2026-07-25T06:02:18+00:00,mlb-stl-cin-2026-05-24,over_ladder,mlb-stl-cin-2026-05-24-total-12pt5,mlb-stl-cin-2026-05-24-total-11pt5,0.28,0.21,0.07,0.055,2.2,0.07,True,True
2026-07-25T06:02:44+00:00,mlb-stl-cin-2026-05-24,over_ladder,mlb-stl-cin-2026-05-24-total-12pt5,mlb-stl-cin-2026-05-24-total-11pt5,0.28,0.21,0.07,0.055,2.2,0.07,True,True
2026-07-25T06:03:09+00:00,mlb-stl-cin-2026-05-24,over_ladder,mlb-stl-cin-2026-05-24-total-12pt5,mlb-stl-cin-2026-05-24-total-11pt5,0.28,0.21,0.07,0.055,2.2,0.07,True,True
2026-07-25T06:03:34+00:00,mlb-stl-cin-2026-05-24,over_ladder,mlb-stl-cin-2026-05-24-total-12pt5,mlb-stl-cin-2026-05-24-total-11pt5,0.28,0.21,0.07,0.055,2.2,0.07,True,True
2026-07-25T06:04:00+00:00,mlb-stl-cin-2026-05-24,over_ladder,mlb-stl-cin-2026-05-24-total-12pt5,mlb-stl-cin-2026-05-24-total-11pt5,0.28,0.21,0.07,0.055,2.2,0.07,True,True
2026-07-25T06:04:25+00:00,mlb-stl-cin-2026-05-24,over_ladder,mlb-stl-cin-2026-05-24-total-12pt5,mlb-stl-cin-2026-05-24-total-11pt5,0.28,0.21,0.07,0.055,2.2,0.07,True,True
2026-07-25T06:04:50+00:00,mlb-stl-cin-2026-05-24,over_ladder,mlb-stl-cin-2026-05-24-total-12pt5,mlb-stl-cin-2026-05-24-total-11pt5,0.28,0.21,0.07,0.055,2.2,0.07,True,True
2026-07-25T06:05:16+00:00,mlb-stl-cin-2026-05-24,over_ladder,mlb-stl-cin-2026-05-24-total-12pt5,mlb-stl-cin-2026-05-24-total-11pt5,0.28,0.21,0.07,0.055,2.2,0.07,True,True
2026-07-25T06:05:41+00:00,mlb-stl-cin-2026-05-24,over_ladder,mlb-stl-cin-2026-05-24-total-12pt5,mlb-stl-cin-2026-05-24-total-11pt5,0.28,0.21,0.07,0.055,2.2,0.07,True,True
2026-07-25T06:06:07+00:00,mlb-stl-cin-2026-05-24,over_ladder,mlb-stl-cin-2026-05-24-total-12pt5,mlb-stl-cin-2026-05-24-total-11pt5,0.28,0.21,0.07,0.055,2.2,0.07,True,True
2026-07-25T06:06:32+00:00,mlb-stl-cin-2026-05-24,over_ladder,mlb-stl-cin-2026-05-24-total-12pt5,mlb-stl-cin-2026-05-24-total-11pt5,0.28,0.21,0.07,0.055,2.2,0.07,True,True
2026-07-25T06:06:57+00:00,mlb-stl-cin-2026-05-24,over_ladder,mlb-stl-cin-2026-05-24-total-12pt5,mlb-stl-cin-2026-05-24-total-11pt5,0.28,0.21,0.07,0.055,2.2,0.07,True,True
2026-07-25T06:07:23+00:00,mlb-stl-cin-2026-05-24,over_ladder,mlb-stl-cin-2026-05-24-total-12pt5,mlb-stl-cin-2026-05-24-total-11pt5,0.28,0.21,0.07,0.055,2.2,0.07,True,True
2026-07-25T06:07:48+00:00,mlb-stl-cin-2026-05-24,over_ladder,mlb-stl-cin-2026-05-24-total-12pt5,mlb-stl-cin-2026-05-24-total-11pt5,0.28,0.21,0.07,0.055,2.2,0.07,True,True
2026-07-25T06:08:13+00:00,mlb-stl-cin-2026-05-24,over_ladder,mlb-stl-cin-2026-05-24-total-12pt5,mlb-stl-cin-2026-05-24-total-11pt5,0.28,0.21,0.07,0.055,2.2,0.07,True,True
2026-07-25T06:08:39+00:00,mlb-stl-cin-2026-05-24,over_ladder,mlb-stl-cin-2026-05-24-total-12pt5,mlb-stl-cin-2026-05-24-total-11pt5,0.28,0.21,0.07,0.055,2.2,0.07,True,True
2026-07-25T06:09:04+00:00,mlb-stl-cin-2026-05-24,over_ladder,mlb-stl-cin-2026-05-24-total-12pt5,mlb-stl-cin-2026-05-24-total-11pt5,0.28,0.21,0.07,0.055,2.2,0.07,True,True
2026-07-25T06:09:29+00:00,mlb-stl-cin-2026-05-24,over_ladder,mlb-stl-cin-2026-05-24-total-12pt5,mlb-stl-cin-2026-05-24-total-11pt5,0.28,0.21,0.07,0.055,2.2,0.07,True,True
2026-07-25T06:09:55+00:00,mlb-stl-cin-2026-05-24,over_ladder,mlb-stl-cin-2026-05-24-total-12pt5,mlb-stl-cin-2026-05-24-total-11pt5,0.28,0.21,0.07,0.055,2.2,0.07,True,True
2026-07-25T06:10:20+00:00,mlb-stl-cin-2026-05-24,over_ladder,mlb-stl-cin-2026-05-24-total-12pt5,mlb-stl-cin-2026-05-24-total-11pt5,0.28,0.21,0.07,0.055,2.2,0.07,True,True
2026-07-25T06:10:46+00:00,mlb-stl-cin-2026-05-24,over_ladder,mlb-stl-cin-2026-05-24-total-12pt5,mlb-stl-cin-2026-05-24-total-11pt5,0.28,0.21,0.07,0.055,2.2,0.07,True,True
2026-07-25T06:11:11+00:00,mlb-stl-cin-2026-05-24,over_ladder,mlb-stl-cin-2026-05-24-total-12pt5,mlb-stl-cin-2026-05-24-total-11pt5,0.28,0.21,0.07,0.055,2.2,0.07,True,True
2026-07-25T06:11:36+00:00,mlb-stl-cin-2026-05-24,over_ladder,mlb-stl-cin-2026-05-24-total-12pt5,mlb-stl-cin-2026-05-24-total-11pt5,0.28,0.21,0.07,0.055,2.2,0.07,True,True
2026-07-25T06:12:02+00:00,mlb-stl-cin-2026-05-24,over_ladder,mlb-stl-cin-2026-05-24-total-12pt5,mlb-stl-cin-2026-05-24-total-11pt5,0.28,0.21,0.07,0.055,2.2,0.07,True,True
2026-07-25T06:12:28+00:00,mlb-stl-cin-2026-05-24,over_ladder,mlb-stl-cin-2026-05-24-total-12pt5,mlb-stl-cin-2026-05-24-total-11pt5,0.28,0.21,0.07,0.055,2.2,0.07,True,True
2026-07-25T06:12:53+00:00,mlb-stl-cin-2026-05-24,over_ladder,mlb-stl-cin-2026-05-24-total-12pt5,mlb-stl-cin-2026-05-24-total-11pt5,0.28,0.21,0.07,0.055,2.2,0.07,True,True
2026-07-25T06:13:19+00:00,mlb-stl-cin-2026-05-24,over_ladder,mlb-stl-cin-2026-05-24-total-12pt5,mlb-stl-cin-2026-05-24-total-11pt5,0.28,0.21,0.07,0.055,2.2,0.07,True,True
2026-07-25T06:13:44+00:00,mlb-stl-cin-2026-05-24,over_ladder,mlb-stl-cin-2026-05-24-total-12pt5,mlb-stl-cin-2026-05-24-total-11pt5,0.28,0.21,0.07,0.055,2.2,0.07,True,True
2026-07-25T06:14:10+00:00,mlb-stl-cin-2026-05-24,over_ladder,mlb-stl-cin-2026-05-24-total-12pt5,mlb-stl-cin-2026-05-24-total-11pt5,0.28,0.21,0.07,0.055,2.2,0.07,True,True
2026-07-25T06:14:35+00:00,mlb-stl-cin-2026-05-24,over_ladder,mlb-stl-cin-2026-05-24-total-12pt5,mlb-stl-cin-2026-05-24-total-11pt5,0.28,0.21,0.07,0.055,2.2,0.07,True,True
2026-07-25T06:15:00+00:00,mlb-stl-cin-2026-05-24,over_ladder,mlb-stl-cin-2026-05-24-total-12pt5,mlb-stl-cin-2026-05-24-total-11pt5,0.28,0.21,0.07,0.055,2.2,0.07,True,True
2026-07-25T06:15:26+00:00,mlb-stl-cin-2026-05-24,over_ladder,mlb-stl-cin-2026-05-24-total-12pt5,mlb-stl-cin-2026-05-24-total-11pt5,0.28,0.21,0.07,0.055,2.2,0.07,True,True
2026-07-25T06:15:51+00:00,mlb-stl-cin-2026-05-24,over_ladder,mlb-stl-cin-2026-05-24-total-12pt5,mlb-stl-cin-2026-05-24-total-11pt5,0.28,0.21,0.07,0.055,2.2,0.07,True,True
2026-07-25T06:16:16+00:00,mlb-stl-cin-2026-05-24,over_ladder,mlb-stl-cin-2026-05-24-total-12pt5,mlb-stl-cin-2026-05-24-total-11pt5,0.28,0.21,0.07,0.055,2.2,0.07,True,True
2026-07-25T06:16:42+00:00,mlb-stl-cin-2026-05-24,over_ladder,mlb-stl-cin-2026-05-24-total-12pt5,mlb-stl-cin-2026-05-24-total-11pt5,0.28,0.21,0.07,0.055,2.2,0.07,True,True
2026-07-25T06:17:07+00:00,mlb-stl-cin-2026-05-24,over_ladder,mlb-stl-cin-2026-05-24-total-12pt5,mlb-stl-cin-2026-05-24-total-11pt5,0.28,0.21,0.07,0.055,2.2,0.07,True,True
2026-07-25T06:17:32+00:00,mlb-stl-cin-2026-05-24,over_ladder,mlb-stl-cin-2026-05-24-total-12pt5,mlb-stl-cin-2026-05-24-total-11pt5,0.28,0.21,0.07,0.055,2.2,0.07,True,True
2026-07-25T06:17:58+00:00,mlb-stl-cin-2026-05-24,over_ladder,mlb-stl-cin-2026-05-24-total-12pt5,mlb-stl-cin-2026-05-24-total-11pt5,0.28,0.21,0.07,0.055,2.2,0.07,True,True
2026-07-25T06:18:23+00:00,mlb-stl-cin-2026-05-24,over_ladder,mlb-stl-cin-2026-05-24-total-12pt5,mlb-stl-cin-2026-05-24-total-11pt5,0.28,0.21,0.07,0.055,2.2,0.07,True,True
2026-07-25T06:18:49+00:00,mlb-stl-cin-2026-05-24,over_ladder,mlb-stl-cin-2026-05-24-total-12pt5,mlb-stl-cin-2026-05-24-total-11pt5,0.28,0.21,0.07,0.055,2.2,0.07,True,True
2026-07-25T06:19:14+00:00,mlb-stl-cin-2026-05-24,over_ladder,mlb-stl-cin-2026-05-24-total-12pt5,mlb-stl-cin-2026-05-24-total-11pt5,0.28,0.21,0.07,0.055,2.2,0.07,True,True
2026-07-25T06:19:39+00:00,mlb-stl-cin-2026-05-24,over_ladder,mlb-stl-cin-2026-05-24-total-12pt5,mlb-stl-cin-2026-05-24-total-11pt5,0.28,0.21,0.07,0.055,2.2,0.07,True,True
2026-07-25T06:20:05+00:00,mlb-stl-cin-2026-05-24,over_ladder,mlb-stl-cin-2026-05-24-total-12pt5,mlb-stl-cin-2026-05-24-total-11pt5,0.28,0.21,0.07,0.055,2.2,0.07,True,True
2026-07-25T06:20:30+00:00,mlb-stl-cin-2026-05-24,over_ladder,mlb-stl-cin-2026-05-24-total-12pt5,mlb-stl-cin-2026-05-24-total-11pt5,0.28,0.21,0.07,0.055,2.2,0.07,True,True
2026-07-25T06:20:55+00:00,mlb-stl-cin-2026-05-24,over_ladder,mlb-stl-cin-2026-05-24-total-12pt5,mlb-stl-cin-2026-05-24-total-11pt5,0.28,0.21,0.07,0.055,2.2,0.07,True,True
2026-07-25T06:21:21+00:00,mlb-stl-cin-2026-05-24,over_ladder,mlb-stl-cin-2026-05-24-total-12pt5,mlb-stl-cin-2026-05-24-total-11pt5,0.28,0.21,0.07,0.055,2.2,0.07,True,True
2026-07-25T06:21:46+00:00,mlb-stl-cin-2026-05-24,over_ladder,mlb-stl-cin-2026-05-24-total-12pt5,mlb-stl-cin-2026-05-24-total-11pt5,0.28,0.21,0.07,0.055,2.2,0.07,True,True
2026-07-25T06:22:11+00:00,mlb-stl-cin-2026-05-24,over_ladder,mlb-stl-cin-2026-05-24-total-12pt5,mlb-stl-cin-2026-05-24-total-11pt5,0.28,0.21,0.07,0.055,2.2,0.07,True,True
2026-07-25T06:22:38+00:00,mlb-stl-cin-2026-05-24,over_ladder,mlb-stl-cin-2026-05-24-total-12pt5,mlb-stl-cin-2026-05-24-total-11pt5,0.28,0.21,0.07,0.055,2.2,0.07,True,True
2026-07-25T06:23:03+00:00,mlb-stl-cin-2026-05-24,over_ladder,mlb-stl-cin-2026-05-24-total-12pt5,mlb-stl-cin-2026-05-24-total-11pt5,0.28,0.21,0.07,0.055,2.2,0.07,True,True
2026-07-25T06:23:28+00:00,mlb-stl-cin-2026-05-24,over_ladder,mlb-stl-cin-2026-05-24-total-12pt5,mlb-stl-cin-2026-05-24-total-11pt5,0.28,0.21,0.07,0.055,2.2,0.07,True,True
2026-07-25T06:23:54+00:00,mlb-stl-cin-2026-05-24,over_ladder,mlb-stl-cin-2026-05-24-total-12pt5,mlb-stl-cin-2026-05-24-total-11pt5,0.28,0.21,0.07,0.055,2.2,0.07,True,True
2026-07-25T06:24:19+00:00,mlb-stl-cin-2026-05-24,over_ladder,mlb-stl-cin-2026-05-24-total-12pt5,mlb-stl-cin-2026-05-24-total-11pt5,0.28,0.21,0.07,0.055,2.2,0.07,True,True
2026-07-25T06:24:45+00:00,mlb-stl-cin-2026-05-24,over_ladder,mlb-stl-cin-2026-05-24-total-12pt5,mlb-stl-cin-2026-05-24-total-11pt5,0.28,0.21,0.07,0.055,2.2,0.07,True,True
2026-07-25T06:25:10+00:00,mlb-stl-cin-2026-05-24,over_ladder,mlb-stl-cin-2026-05-24-total-12pt5,mlb-stl-cin-2026-05-24-total-11pt5,0.28,0.21,0.07,0.055,2.2,0.07,True,True
2026-07-25T06:25:35+00:00,mlb-stl-cin-2026-05-24,over_ladder,mlb-stl-cin-2026-05-24-total-12pt5,mlb-stl-cin-2026-05-24-total-11pt5,0.28,0.21,0.07,0.055,2.2,0.07,True,True
2026-07-25T06:26:01+00:00,mlb-stl-cin-2026-05-24,over_ladder,mlb-stl-cin-2026-05-24-total-12pt5,mlb-stl-cin-2026-05-24-total-11pt5,0.28,0.21,0.07,0.055,2.2,0.07,True,True
2026-07-25T06:26:26+00:00,mlb-stl-cin-2026-05-24,over_ladder,mlb-stl-cin-2026-05-24-total-12pt5,mlb-stl-cin-2026-05-24-total-11pt5,0.28,0.21,0.07,0.055,2.2,0.07,True,True
2026-07-25T06:26:51+00:00,mlb-stl-cin-2026-05-24,over_ladder,mlb-stl-cin-2026-05-24-total-12pt5,mlb-stl-cin-2026-05-24-total-11pt5,0.28,0.21,0.07,0.055,2.2,0.07,True,True
2026-07-25T06:27:17+00:00,mlb-stl-cin-2026-05-24,over_ladder,mlb-stl-cin-2026-05-24-total-12pt5,mlb-stl-cin-2026-05-24-total-11pt5,0.28,0.21,0.07,0.055,2.2,0.07,True,True
2026-07-25T06:27:42+00:00,mlb-stl-cin-2026-05-24,over_ladder,mlb-stl-cin-2026-05-24-total-12pt5,mlb-stl-cin-2026-05-24-total-11pt5,0.28,0.21,0.07,0.055,2.2,0.07,True,True
2026-07-25T06:28:08+00:00,mlb-stl-cin-2026-05-24,over_ladder,mlb-stl-cin-2026-05-24-total-12pt5,mlb-stl-cin-2026-05-24-total-11pt5,0.28,0.21,0.07,0.055,2.2,0.07,True,True
2026-07-25T06:28:33+00:00,mlb-stl-cin-2026-05-24,over_ladder,mlb-stl-cin-2026-05-24-total-12pt5,mlb-stl-cin-2026-05-24-total-11pt5,0.28,0.21,0.07,0.055,2.2,0.07,True,True
2026-07-25T06:28:58+00:00,mlb-stl-cin-2026-05-24,over_ladder,mlb-stl-cin-2026-05-24-total-12pt5,mlb-stl-cin-2026-05-24-total-11pt5,0.28,0.21,0.07,0.055,2.2,0.07,True,True
2026-07-25T06:29:24+00:00,mlb-stl-cin-2026-05-24,over_ladder,mlb-stl-cin-2026-05-24-total-12pt5,mlb-stl-cin-2026-05-24-total-11pt5,0.28,0.21,0.07,0.055,2.2,0.07,True,True
2026-07-25T06:29:49+00:00,mlb-stl-cin-2026-05-24,over_ladder,mlb-stl-cin-2026-05-24-total-12pt5,mlb-stl-cin-2026-05-24-total-11pt5,0.28,0.21,0.07,0.055,2.2,0.07,True,True
2026-07-25T06:30:14+00:00,mlb-stl-cin-2026-05-24,over_ladder,mlb-stl-cin-2026-05-24-total-12pt5,mlb-stl-cin-2026-05-24-total-11pt5,0.28,0.21,0.07,0.055,2.2,0.07,True,True
2026-07-25T06:30:40+00:00,mlb-stl-cin-2026-05-24,over_ladder,mlb-stl-cin-2026-05-24-total-12pt5,mlb-stl-cin-2026-05-24-total-11pt5,0.28,0.21,0.07,0.055,2.2,0.07,True,True
2026-07-25T06:31:05+00:00,mlb-stl-cin-2026-05-24,over_ladder,mlb-stl-cin-2026-05-24-total-12pt5,mlb-stl-cin-2026-05-24-total-11pt5,0.28,0.21,0.07,0.055,2.2,0.07,True,True
2026-07-25T06:31:30+00:00,mlb-stl-cin-2026-05-24,over_ladder,mlb-stl-cin-2026-05-24-total-12pt5,mlb-stl-cin-2026-05-24-total-11pt5,0.28,0.21,0.07,0.055,2.2,0.07,True,True
2026-07-25T06:31:56+00:00,mlb-stl-cin-2026-05-24,over_ladder,mlb-stl-cin-2026-05-24-total-12pt5,mlb-stl-cin-2026-05-24-total-11pt5,0.28,0.21,0.07,0.055,2.2,0.07,True,True
2026-07-25T06:32:21+00:00,mlb-stl-cin-2026-05-24,over_ladder,mlb-stl-cin-2026-05-24-total-12pt5,mlb-stl-cin-2026-05-24-total-11pt5,0.28,0.21,0.07,0.055,2.2,0.07,True,True
2026-07-25T06:32:48+00:00,mlb-stl-cin-2026-05-24,over_ladder,mlb-stl-cin-2026-05-24-total-12pt5,mlb-stl-cin-2026-05-24-total-11pt5,0.28,0.21,0.07,0.055,2.2,0.07,True,True
2026-07-25T06:33:13+00:00,mlb-stl-cin-2026-05-24,over_ladder,mlb-stl-cin-2026-05-24-total-12pt5,mlb-stl-cin-2026-05-24-total-11pt5,0.28,0.21,0.07,0.055,2.2,0.07,True,True
2026-07-25T06:33:38+00:00,mlb-stl-cin-2026-05-24,over_ladder,mlb-stl-cin-2026-05-24-total-12pt5,mlb-stl-cin-2026-05-24-total-11pt5,0.28,0.21,0.07,0.055,2.2,0.07,True,True
2026-07-25T06:34:04+00:00,mlb-stl-cin-2026-05-24,over_ladder,mlb-stl-cin-2026-05-24-total-12pt5,mlb-stl-cin-2026-05-24-total-11pt5,0.28,0.21,0.07,0.055,2.2,0.07,True,True
2026-07-25T06:34:29+00:00,mlb-stl-cin-2026-05-24,over_ladder,mlb-stl-cin-2026-05-24-total-12pt5,mlb-stl-cin-2026-05-24-total-11pt5,0.28,0.21,0.07,0.055,2.2,0.07,True,True
2026-07-25T06:34:54+00:00,mlb-stl-cin-2026-05-24,over_ladder,mlb-stl-cin-2026-05-24-total-12pt5,mlb-stl-cin-2026-05-24-total-11pt5,0.28,0.21,0.07,0.055,2.2,0.07,True,True
2026-07-25T06:35:20+00:00,mlb-stl-cin-2026-05-24,over_ladder,mlb-stl-cin-2026-05-24-total-12pt5,mlb-stl-cin-2026-05-24-total-11pt5,0.28,0.21,0.07,0.055,2.2,0.07,True,True
2026-07-25T06:35:45+00:00,mlb-stl-cin-2026-05-24,over_ladder,mlb-stl-cin-2026-05-24-total-12pt5,mlb-stl-cin-2026-05-24-total-11pt5,0.28,0.21,0.07,0.055,2.2,0.07,True,True
2026-07-25T06:36:11+00:00,mlb-stl-cin-2026-05-24,over_ladder,mlb-stl-cin-2026-05-24-total-12pt5,mlb-stl-cin-2026-05-24-total-11pt5,0.28,0.21,0.07,0.055,2.2,0.07,True,True
2026-07-25T06:36:36+00:00,mlb-stl-cin-2026-05-24,over_ladder,mlb-stl-cin-2026-05-24-total-12pt5,mlb-stl-cin-2026-05-24-total-11pt5,0.28,0.21,0.07,0.055,2.2,0.07,True,True
2026-07-25T06:37:01+00:00,mlb-stl-cin-2026-05-24,over_ladder,mlb-stl-cin-2026-05-24-total-12pt5,mlb-stl-cin-2026-05-24-total-11pt5,0.28,0.21,0.07,0.055,2.2,0.07,True,True
2026-07-25T06:37:27+00:00,mlb-stl-cin-2026-05-24,over_ladder,mlb-stl-cin-2026-05-24-total-12pt5,mlb-stl-cin-2026-05-24-total-11pt5,0.28,0.21,0.07,0.055,2.2,0.07,True,True
2026-07-25T06:37:52+00:00,mlb-stl-cin-2026-05-24,over_ladder,mlb-stl-cin-2026-05-24-total-12pt5,mlb-stl-cin-2026-05-24-total-11pt5,0.28,0.21,0.07,0.055,2.2,0.07,True,True
2026-07-25T06:38:17+00:00,mlb-stl-cin-2026-05-24,over_ladder,mlb-stl-cin-2026-05-24-total-12pt5,mlb-stl-cin-2026-05-24-total-11pt5,0.28,0.21,0.07,0.055,2.2,0.07,True,True
2026-07-25T06:38:43+00:00,mlb-stl-cin-2026-05-24,over_ladder,mlb-stl-cin-2026-05-24-total-12pt5,mlb-stl-cin-2026-05-24-total-11pt5,0.28,0.21,0.07,0.055,2.2,0.07,True,True
2026-07-25T06:39:08+00:00,mlb-stl-cin-2026-05-24,over_ladder,mlb-stl-cin-2026-05-24-total-12pt5,mlb-stl-cin-2026-05-24-total-11pt5,0.28,0.21,0.07,0.055,2.2,0.07,True,True
2026-07-25T06:39:34+00:00,mlb-stl-cin-2026-05-24,over_ladder,mlb-stl-cin-2026-05-24-total-12pt5,mlb-stl-cin-2026-05-24-total-11pt5,0.28,0.21,0.07,0.055,2.2,0.07,True,True
2026-07-25T06:39:59+00:00,mlb-stl-cin-2026-05-24,over_ladder,mlb-stl-cin-2026-05-24-total-12pt5,mlb-stl-cin-2026-05-24-total-11pt5,0.28,0.21,0.07,0.055,2.2,0.07,True,True
2026-07-25T06:40:24+00:00,mlb-stl-cin-2026-05-24,over_ladder,mlb-stl-cin-2026-05-24-total-12pt5,mlb-stl-cin-2026-05-24-total-11pt5,0.28,0.21,0.07,0.055,2.2,0.07,True,True
2026-07-25T06:40:50+00:00,mlb-stl-cin-2026-05-24,over_ladder,mlb-stl-cin-2026-05-24-total-12pt5,mlb-stl-cin-2026-05-24-total-11pt5,0.28,0.21,0.07,0.055,2.2,0.07,True,True
2026-07-25T06:41:15+00:00,mlb-stl-cin-2026-05-24,over_ladder,mlb-stl-cin-2026-05-24-total-12pt5,mlb-stl-cin-2026-05-24-total-11pt5,0.28,0.21,0.07,0.055,2.2,0.07,True,True
2026-07-25T06:41:40+00:00,mlb-stl-cin-2026-05-24,over_ladder,mlb-stl-cin-2026-05-24-total-12pt5,mlb-stl-cin-2026-05-24-total-11pt5,0.28,0.21,0.07,0.055,2.2,0.07,True,True
2026-07-25T06:42:06+00:00,mlb-stl-cin-2026-05-24,over_ladder,mlb-stl-cin-2026-05-24-total-12pt5,mlb-stl-cin-2026-05-24-total-11pt5,0.28,0.21,0.07,0.055,2.2,0.07,True,True
2026-07-25T06:42:31+00:00,mlb-stl-cin-2026-05-24,over_ladder,mlb-stl-cin-2026-05-24-total-12pt5,mlb-stl-cin-2026-05-24-total-11pt5,0.28,0.21,0.07,0.055,2.2,0.07,True,True
2026-07-25T06:42:57+00:00,mlb-stl-cin-2026-05-24,over_ladder,mlb-stl-cin-2026-05-24-total-12pt5,mlb-stl-cin-2026-05-24-total-11pt5,0.28,0.21,0.07,0.055,2.2,0.07,True,True
2026-07-25T06:43:23+00:00,mlb-stl-cin-2026-05-24,over_ladder,mlb-stl-cin-2026-05-24-total-12pt5,mlb-stl-cin-2026-05-24-total-11pt5,0.28,0.21,0.07,0.055,2.2,0.07,True,True
2026-07-25T06:43:48+00:00,mlb-stl-cin-2026-05-24,over_ladder,mlb-stl-cin-2026-05-24-total-12pt5,mlb-stl-cin-2026-05-24-total-11pt5,0.28,0.21,0.07,0.055,2.2,0.07,True,True
2026-07-25T06:44:14+00:00,mlb-stl-cin-2026-05-24,over_ladder,mlb-stl-cin-2026-05-24-total-12pt5,mlb-stl-cin-2026-05-24-total-11pt5,0.28,0.21,0.07,0.055,2.2,0.07,True,True
2026-07-25T06:44:39+00:00,mlb-stl-cin-2026-05-24,over_ladder,mlb-stl-cin-2026-05-24-total-12pt5,mlb-stl-cin-2026-05-24-total-11pt5,0.28,0.21,0.07,0.055,2.2,0.07,True,True
2026-07-25T06:45:04+00:00,mlb-stl-cin-2026-05-24,over_ladder,mlb-stl-cin-2026-05-24-total-12pt5,mlb-stl-cin-2026-05-24-total-11pt5,0.28,0.21,0.07,0.055,2.2,0.07,True,True
2026-07-25T06:45:30+00:00,mlb-stl-cin-2026-05-24,over_ladder,mlb-stl-cin-2026-05-24-total-12pt5,mlb-stl-cin-2026-05-24-total-11pt5,0.28,0.21,0.07,0.055,2.2,0.07,True,True
2026-07-25T06:45:55+00:00,mlb-stl-cin-2026-05-24,over_ladder,mlb-stl-cin-2026-05-24-total-12pt5,mlb-stl-cin-2026-05-24-total-11pt5,0.28,0.21,0.07,0.055,2.2,0.07,True,True
2026-07-25T06:46:20+00:00,mlb-stl-cin-2026-05-24,over_ladder,mlb-stl-cin-2026-05-24-total-12pt5,mlb-stl-cin-2026-05-24-total-11pt5,0.28,0.21,0.07,0.055,2.2,0.07,True,True
2026-07-25T06:46:46+00:00,mlb-stl-cin-2026-05-24,over_ladder,mlb-stl-cin-2026-05-24-total-12pt5,mlb-stl-cin-2026-05-24-total-11pt5,0.28,0.21,0.07,0.055,2.2,0.07,True,True
2026-07-25T06:47:11+00:00,mlb-stl-cin-2026-05-24,over_ladder,mlb-stl-cin-2026-05-24-total-12pt5,mlb-stl-cin-2026-05-24-total-11pt5,0.28,0.21,0.07,0.055,2.2,0.07,True,True
2026-07-25T06:47:36+00:00,mlb-stl-cin-2026-05-24,over_ladder,mlb-stl-cin-2026-05-24-total-12pt5,mlb-stl-cin-2026-05-24-total-11pt5,0.28,0.21,0.07,0.055,2.2,0.07,True,True
2026-07-25T06:48:02+00:00,mlb-stl-cin-2026-05-24,over_ladder,mlb-stl-cin-2026-05-24-total-12pt5,mlb-stl-cin-2026-05-24-total-11pt5,0.28,0.21,0.07,0.055,2.2,0.07,True,True
2026-07-25T06:48:27+00:00,mlb-stl-cin-2026-05-24,over_ladder,mlb-stl-cin-2026-05-24-total-12pt5,mlb-stl-cin-2026-05-24-total-11pt5,0.28,0.21,0.07,0.055,2.2,0.07,True,True
2026-07-25T06:48:53+00:00,mlb-stl-cin-2026-05-24,over_ladder,mlb-stl-cin-2026-05-24-total-12pt5,mlb-stl-cin-2026-05-24-total-11pt5,0.28,0.21,0.07,0.055,2.2,0.07,True,True
2026-07-25T06:49:18+00:00,mlb-stl-cin-2026-05-24,over_ladder,mlb-stl-cin-2026-05-24-total-12pt5,mlb-stl-cin-2026-05-24-total-11pt5,0.28,0.21,0.07,0.055,2.2,0.07,True,True
2026-07-25T06:49:43+00:00,mlb-stl-cin-2026-05-24,over_ladder,mlb-stl-cin-2026-05-24-total-12pt5,mlb-stl-cin-2026-05-24-total-11pt5,0.28,0.21,0.07,0.055,2.2,0.07,True,True
2026-07-25T06:50:09+00:00,mlb-stl-cin-2026-05-24,over_ladder,mlb-stl-cin-2026-05-24-total-12pt5,mlb-stl-cin-2026-05-24-total-11pt5,0.28,0.21,0.07,0.055,2.2,0.07,True,True
2026-07-25T06:50:34+00:00,mlb-stl-cin-2026-05-24,over_ladder,mlb-stl-cin-2026-05-24-total-12pt5,mlb-stl-cin-2026-05-24-total-11pt5,0.28,0.21,0.07,0.055,2.2,0.07,True,True
2026-07-25T06:50:59+00:00,mlb-stl-cin-2026-05-24,over_ladder,mlb-stl-cin-2026-05-24-total-12pt5,mlb-stl-cin-2026-05-24-total-11pt5,0.28,0.21,0.07,0.055,2.2,0.07,True,True
2026-07-25T06:51:25+00:00,mlb-stl-cin-2026-05-24,over_ladder,mlb-stl-cin-2026-05-24-total-12pt5,mlb-stl-cin-2026-05-24-total-11pt5,0.28,0.21,0.07,0.055,2.2,0.07,True,True
2026-07-25T06:51:50+00:00,mlb-stl-cin-2026-05-24,over_ladder,mlb-stl-cin-2026-05-24-total-12pt5,mlb-stl-cin-2026-05-24-total-11pt5,0.28,0.21,0.07,0.055,2.2,0.07,True,True
2026-07-25T06:52:15+00:00,mlb-stl-cin-2026-05-24,over_ladder,mlb-stl-cin-2026-05-24-total-12pt5,mlb-stl-cin-2026-05-24-total-11pt5,0.28,0.21,0.07,0.055,2.2,0.07,True,True
2026-07-25T06:52:41+00:00,mlb-stl-cin-2026-05-24,over_ladder,mlb-stl-cin-2026-05-24-total-12pt5,mlb-stl-cin-2026-05-24-total-11pt5,0.28,0.21,0.07,0.055,2.2,0.07,True,True
2026-07-25T06:53:07+00:00,mlb-stl-cin-2026-05-24,over_ladder,mlb-stl-cin-2026-05-24-total-12pt5,mlb-stl-cin-2026-05-24-total-11pt5,0.28,0.21,0.07,0.055,2.2,0.07,True,True
2026-07-25T06:53:32+00:00,mlb-stl-cin-2026-05-24,over_ladder,mlb-stl-cin-2026-05-24-total-12pt5,mlb-stl-cin-2026-05-24-total-11pt5,0.28,0.21,0.07,0.055,2.2,0.07,True,True
2026-07-25T06:53:58+00:00,mlb-stl-cin-2026-05-24,over_ladder,mlb-stl-cin-2026-05-24-total-12pt5,mlb-stl-cin-2026-05-24-total-11pt5,0.28,0.21,0.07,0.055,2.2,0.07,True,True
2026-07-25T06:54:23+00:00,mlb-stl-cin-2026-05-24,over_ladder,mlb-stl-cin-2026-05-24-total-12pt5,mlb-stl-cin-2026-05-24-total-11pt5,0.28,0.21,0.07,0.055,2.2,0.07,True,True
2026-07-25T06:54:49+00:00,mlb-stl-cin-2026-05-24,over_ladder,mlb-stl-cin-2026-05-24-total-12pt5,mlb-stl-cin-2026-05-24-total-11pt5,0.28,0.21,0.07,0.055,2.2,0.07,True,True
2026-07-25T06:55:14+00:00,mlb-stl-cin-2026-05-24,over_ladder,mlb-stl-cin-2026-05-24-total-12pt5,mlb-stl-cin-2026-05-24-total-11pt5,0.28,0.21,0.07,0.055,2.2,0.07,True,True
2026-07-25T06:55:39+00:00,mlb-stl-cin-2026-05-24,over_ladder,mlb-stl-cin-2026-05-24-total-12pt5,mlb-stl-cin-2026-05-24-total-11pt5,0.28,0.21,0.07,0.055,2.2,0.07,True,True
2026-07-25T06:56:05+00:00,mlb-stl-cin-2026-05-24,over_ladder,mlb-stl-cin-2026-05-24-total-12pt5,mlb-stl-cin-2026-05-24-total-11pt5,0.28,0.21,0.07,0.055,2.2,0.07,True,True
2026-07-25T06:56:30+00:00,mlb-stl-cin-2026-05-24,over_ladder,mlb-stl-cin-2026-05-24-total-12pt5,mlb-stl-cin-2026-05-24-total-11pt5,0.28,0.21,0.07,0.055,2.2,0.07,True,True
2026-07-25T06:56:55+00:00,mlb-stl-cin-2026-05-24,over_ladder,mlb-stl-cin-2026-05-24-total-12pt5,mlb-stl-cin-2026-05-24-total-11pt5,0.28,0.21,0.07,0.055,2.2,0.07,True,True
2026-07-25T06:57:21+00:00,mlb-stl-cin-2026-05-24,over_ladder,mlb-stl-cin-2026-05-24-total-12pt5,mlb-stl-cin-2026-05-24-total-11pt5,0.28,0.21,0.07,0.055,2.2,0.07,True,True
2026-07-25T06:57:46+00:00,mlb-stl-cin-2026-05-24,over_ladder,mlb-stl-cin-2026-05-24-total-12pt5,mlb-stl-cin-2026-05-24-total-11pt5,0.28,0.21,0.07,0.055,2.2,0.07,True,True
2026-07-25T06:58:11+00:00,mlb-stl-cin-2026-05-24,over_ladder,mlb-stl-cin-2026-05-24-total-12pt5,mlb-stl-cin-2026-05-24-total-11pt5,0.28,0.21,0.07,0.055,2.2,0.07,True,True
2026-07-25T06:58:37+00:00,mlb-stl-cin-2026-05-24,over_ladder,mlb-stl-cin-2026-05-24-total-12pt5,mlb-stl-cin-2026-05-24-total-11pt5,0.28,0.21,0.07,0.055,2.2,0.07,True,True
2026-07-25T06:59:02+00:00,mlb-stl-cin-2026-05-24,over_ladder,mlb-stl-cin-2026-05-24-total-12pt5,mlb-stl-cin-2026-05-24-total-11pt5,0.28,0.21,0.07,0.055,2.2,0.07,True,True
2026-07-25T06:59:28+00:00,mlb-stl-cin-2026-05-24,over_ladder,mlb-stl-cin-2026-05-24-total-12pt5,mlb-stl-cin-2026-05-24-total-11pt5,0.28,0.21,0.07,0.055,2.2,0.07,True,True
2026-07-25T06:59:53+00:00,mlb-stl-cin-2026-05-24,over_ladder,mlb-stl-cin-2026-05-24-total-12pt5,mlb-stl-cin-2026-05-24-total-11pt5,0.28,0.21,0.07,0.055,2.2,0.07,True,True
2026-07-25T07:00:18+00:00,mlb-stl-cin-2026-05-24,over_ladder,mlb-stl-cin-2026-05-24-total-12pt5,mlb-stl-cin-2026-05-24-total-11pt5,0.28,0.21,0.07,0.055,2.2,0.07,True,True
2026-07-25T07:00:44+00:00,mlb-stl-cin-2026-05-24,over_ladder,mlb-stl-cin-2026-05-24-total-12pt5,mlb-stl-cin-2026-05-24-total-11pt5,0.28,0.21,0.07,0.055,2.2,0.07,True,True
2026-07-25T07:01:09+00:00,mlb-stl-cin-2026-05-24,over_ladder,mlb-stl-cin-2026-05-24-total-12pt5,mlb-stl-cin-2026-05-24-total-11pt5,0.28,0.21,0.07,0.055,2.2,0.07,True,True
2026-07-25T07:01:34+00:00,mlb-stl-cin-2026-05-24,over_ladder,mlb-stl-cin-2026-05-24-total-12pt5,mlb-stl-cin-2026-05-24-total-11pt5,0.28,0.21,0.07,0.055,2.2,0.07,True,True
2026-07-25T07:02:00+00:00,mlb-stl-cin-2026-05-24,over_ladder,mlb-stl-cin-2026-05-24-total-12pt5,mlb-stl-cin-2026-05-24-total-11pt5,0.28,0.21,0.07,0.055,2.2,0.07,True,True
2026-07-25T07:02:25+00:00,mlb-stl-cin-2026-05-24,over_ladder,mlb-stl-cin-2026-05-24-total-12pt5,mlb-stl-cin-2026-05-24-total-11pt5,0.28,0.21,0.07,0.055,2.2,0.07,True,True
2026-07-25T07:02:50+00:00,mlb-stl-cin-2026-05-24,over_ladder,mlb-stl-cin-2026-05-24-total-12pt5,mlb-stl-cin-2026-05-24-total-11pt5,0.28,0.21,0.07,0.055,2.2,0.07,True,True
2026-07-25T07:03:17+00:00,mlb-stl-cin-2026-05-24,over_ladder,mlb-stl-cin-2026-05-24-total-12pt5,mlb-stl-cin-2026-05-24-total-11pt5,0.28,0.21,0.07,0.055,2.2,0.07,True,True
2026-07-25T07:03:42+00:00,mlb-stl-cin-2026-05-24,over_ladder,mlb-stl-cin-2026-05-24-total-12pt5,mlb-stl-cin-2026-05-24-total-11pt5,0.28,0.21,0.07,0.055,2.2,0.07,True,True
2026-07-25T07:04:08+00:00,mlb-stl-cin-2026-05-24,over_ladder,mlb-stl-cin-2026-05-24-total-12pt5,mlb-stl-cin-2026-05-24-total-11pt5,0.28,0.21,0.07,0.055,2.2,0.07,True,True
2026-07-25T07:04:33+00:00,mlb-stl-cin-2026-05-24,over_ladder,mlb-stl-cin-2026-05-24-total-12pt5,mlb-stl-cin-2026-05-24-total-11pt5,0.28,0.21,0.07,0.055,2.2,0.07,True,True
2026-07-25T07:04:58+00:00,mlb-stl-cin-2026-05-24,over_ladder,mlb-stl-cin-2026-05-24-total-12pt5,mlb-stl-cin-2026-05-24-total-11pt5,0.28,0.21,0.07,0.055,2.2,0.07,True,True
2026-07-25T07:05:24+00:00,mlb-stl-cin-2026-05-24,over_ladder,mlb-stl-cin-2026-05-24-total-12pt5,mlb-stl-cin-2026-05-24-total-11pt5,0.28,0.21,0.07,0.055,2.2,0.07,True,True
2026-07-25T07:05:49+00:00,mlb-stl-cin-2026-05-24,over_ladder,mlb-stl-cin-2026-05-24-total-12pt5,mlb-stl-cin-2026-05-24-total-11pt5,0.28,0.21,0.07,0.055,2.2,0.07,True,True
2026-07-25T07:06:14+00:00,mlb-stl-cin-2026-05-24,over_ladder,mlb-stl-cin-2026-05-24-total-12pt5,mlb-stl-cin-2026-05-24-total-11pt5,0.28,0.21,0.07,0.055,2.2,0.07,True,True
2026-07-25T07:06:40+00:00,mlb-stl-cin-2026-05-24,over_ladder,mlb-stl-cin-2026-05-24-total-12pt5,mlb-stl-cin-2026-05-24-total-11pt5,0.28,0.21,0.07,0.055,2.2,0.07,True,True
2026-07-25T07:07:05+00:00,mlb-stl-cin-2026-05-24,over_ladder,mlb-stl-cin-2026-05-24-total-12pt5,mlb-stl-cin-2026-05-24-total-11pt5,0.28,0.21,0.07,0.055,2.2,0.07,True,True
2026-07-25T07:07:30+00:00,mlb-stl-cin-2026-05-24,over_ladder,mlb-stl-cin-2026-05-24-total-12pt5,mlb-stl-cin-2026-05-24-total-11pt5,0.28,0.21,0.07,0.055,2.2,0.07,True,True
2026-07-25T07:07:56+00:00,mlb-stl-cin-2026-05-24,over_ladder,mlb-stl-cin-2026-05-24-total-12pt5,mlb-stl-cin-2026-05-24-total-11pt5,0.28,0.21,0.07,0.055,2.2,0.07,True,True
2026-07-25T07:08:21+00:00,mlb-stl-cin-2026-05-24,over_ladder,mlb-stl-cin-2026-05-24-total-12pt5,mlb-stl-cin-2026-05-24-total-11pt5,0.28,0.21,0.07,0.055,2.2,0.07,True,True
2026-07-25T07:08:47+00:00,mlb-stl-cin-2026-05-24,over_ladder,mlb-stl-cin-2026-05-24-total-12pt5,mlb-stl-cin-2026-05-24-total-11pt5,0.28,0.21,0.07,0.055,2.2,0.07,True,True
2026-07-25T07:09:12+00:00,mlb-stl-cin-2026-05-24,over_ladder,mlb-stl-cin-2026-05-24-total-12pt5,mlb-stl-cin-2026-05-24-total-11pt5,0.28,0.21,0.07,0.055,2.2,0.07,True,True
2026-07-25T07:09:37+00:00,mlb-stl-cin-2026-05-24,over_ladder,mlb-stl-cin-2026-05-24-total-12pt5,mlb-stl-cin-2026-05-24-total-11pt5,0.28,0.21,0.07,0.055,2.2,0.07,True,True
2026-07-25T07:10:03+00:00,mlb-stl-cin-2026-05-24,over_ladder,mlb-stl-cin-2026-05-24-total-12pt5,mlb-stl-cin-2026-05-24-total-11pt5,0.28,0.21,0.07,0.055,2.2,0.07,True,True
2026-07-25T07:10:28+00:00,mlb-stl-cin-2026-05-24,over_ladder,mlb-stl-cin-2026-05-24-total-12pt5,mlb-stl-cin-2026-05-24-total-11pt5,0.28,0.21,0.07,0.055,2.2,0.07,True,True
2026-07-25T07:10:53+00:00,mlb-stl-cin-2026-05-24,over_ladder,mlb-stl-cin-2026-05-24-total-12pt5,mlb-stl-cin-2026-05-24-total-11pt5,0.28,0.21,0.07,0.055,2.2,0.07,True,True
2026-07-25T07:11:19+00:00,mlb-stl-cin-2026-05-24,over_ladder,mlb-stl-cin-2026-05-24-total-12pt5,mlb-stl-cin-2026-05-24-total-11pt5,0.28,0.21,0.07,0.055,2.2,0.07,True,True
2026-07-25T07:11:44+00:00,mlb-stl-cin-2026-05-24,over_ladder,mlb-stl-cin-2026-05-24-total-12pt5,mlb-stl-cin-2026-05-24-total-11pt5,0.28,0.21,0.07,0.055,2.2,0.07,True,True
2026-07-25T07:12:09+00:00,mlb-stl-cin-2026-05-24,over_ladder,mlb-stl-cin-2026-05-24-total-12pt5,mlb-stl-cin-2026-05-24-total-11pt5,0.28,0.21,0.07,0.055,2.2,0.07,True,True
2026-07-25T07:12:35+00:00,mlb-stl-cin-2026-05-24,over_ladder,mlb-stl-cin-2026-05-24-total-12pt5,mlb-stl-cin-2026-05-24-total-11pt5,0.28,0.21,0.07,0.055,2.2,0.07,True,True
2026-07-25T07:13:00+00:00,mlb-stl-cin-2026-05-24,over_ladder,mlb-stl-cin-2026-05-24-total-12pt5,mlb-stl-cin-2026-05-24-total-11pt5,0.28,0.21,0.07,0.055,2.2,0.07,True,True
2026-07-25T07:13:26+00:00,mlb-stl-cin-2026-05-24,over_ladder,mlb-stl-cin-2026-05-24-total-12pt5,mlb-stl-cin-2026-05-24-total-11pt5,0.28,0.21,0.07,0.055,2.2,0.07,True,True
2026-07-25T07:13:52+00:00,mlb-stl-cin-2026-05-24,over_ladder,mlb-stl-cin-2026-05-24-total-12pt5,mlb-stl-cin-2026-05-24-total-11pt5,0.28,0.21,0.07,0.055,2.2,0.07,True,True
2026-07-25T07:14:17+00:00,mlb-stl-cin-2026-05-24,over_ladder,mlb-stl-cin-2026-05-24-total-12pt5,mlb-stl-cin-2026-05-24-total-11pt5,0.28,0.21,0.07,0.055,2.2,0.07,True,True
2026-07-25T07:14:43+00:00,mlb-stl-cin-2026-05-24,over_ladder,mlb-stl-cin-2026-05-24-total-12pt5,mlb-stl-cin-2026-05-24-total-11pt5,0.28,0.21,0.07,0.055,2.2,0.07,True,True
2026-07-25T07:15:08+00:00,mlb-stl-cin-2026-05-24,over_ladder,mlb-stl-cin-2026-05-24-total-12pt5,mlb-stl-cin-2026-05-24-total-11pt5,0.28,0.21,0.07,0.055,2.2,0.07,True,True
2026-07-25T07:15:33+00:00,mlb-stl-cin-2026-05-24,over_ladder,mlb-stl-cin-2026-05-24-total-12pt5,mlb-stl-cin-2026-05-24-total-11pt5,0.28,0.21,0.07,0.055,2.2,0.07,True,True
2026-07-25T07:15:59+00:00,mlb-stl-cin-2026-05-24,over_ladder,mlb-stl-cin-2026-05-24-total-12pt5,mlb-stl-cin-2026-05-24-total-11pt5,0.28,0.21,0.07,0.055,2.2,0.07,True,True
2026-07-25T07:16:24+00:00,mlb-stl-cin-2026-05-24,over_ladder,mlb-stl-cin-2026-05-24-total-12pt5,mlb-stl-cin-2026-05-24-total-11pt5,0.28,0.21,0.07,0.055,2.2,0.07,True,True
2026-07-25T07:16:49+00:00,mlb-stl-cin-2026-05-24,over_ladder,mlb-stl-cin-2026-05-24-total-12pt5,mlb-stl-cin-2026-05-24-total-11pt5,0.28,0.21,0.07,0.055,2.2,0.07,True,True
2026-07-25T07:17:15+00:00,mlb-stl-cin-2026-05-24,over_ladder,mlb-stl-cin-2026-05-24-total-12pt5,mlb-stl-cin-2026-05-24-total-11pt5,0.28,0.21,0.07,0.055,2.2,0.07,True,True
2026-07-25T07:17:40+00:00,mlb-stl-cin-2026-05-24,over_ladder,mlb-stl-cin-2026-05-24-total-12pt5,mlb-stl-cin-2026-05-24-total-11pt5,0.28,0.21,0.07,0.055,2.2,0.07,True,True
2026-07-25T07:18:05+00:00,mlb-stl-cin-2026-05-24,over_ladder,mlb-stl-cin-2026-05-24-total-12pt5,mlb-stl-cin-2026-05-24-total-11pt5,0.28,0.21,0.07,0.055,2.2,0.07,True,True
2026-07-25T07:18:31+00:00,mlb-stl-cin-2026-05-24,over_ladder,mlb-stl-cin-2026-05-24-total-12pt5,mlb-stl-cin-2026-05-24-total-11pt5,0.28,0.21,0.07,0.055,2.2,0.07,True,True
2026-07-25T07:18:56+00:00,mlb-stl-cin-2026-05-24,over_ladder,mlb-stl-cin-2026-05-24-total-12pt5,mlb-stl-cin-2026-05-24-total-11pt5,0.28,0.21,0.07,0.055,2.2,0.07,True,True
2026-07-25T07:19:22+00:00,mlb-stl-cin-2026-05-24,over_ladder,mlb-stl-cin-2026-05-24-total-12pt5,mlb-stl-cin-2026-05-24-total-11pt5,0.28,0.21,0.07,0.055,2.2,0.07,True,True
2026-07-25T07:19:47+00:00,mlb-stl-cin-2026-05-24,over_ladder,mlb-stl-cin-2026-05-24-total-12pt5,mlb-stl-cin-2026-05-24-total-11pt5,0.28,0.21,0.07,0.055,2.2,0.07,True,True
2026-07-25T07:20:12+00:00,mlb-stl-cin-2026-05-24,over_ladder,mlb-stl-cin-2026-05-24-total-12pt5,mlb-stl-cin-2026-05-24-total-11pt5,0.28,0.21,0.07,0.055,2.2,0.07,True,True
2026-07-25T07:20:38+00:00,mlb-stl-cin-2026-05-24,over_ladder,mlb-stl-cin-2026-05-24-total-12pt5,mlb-stl-cin-2026-05-24-total-11pt5,0.28,0.21,0.07,0.055,2.2,0.07,True,True
2026-07-25T07:21:03+00:00,mlb-stl-cin-2026-05-24,over_ladder,mlb-stl-cin-2026-05-24-total-12pt5,mlb-stl-cin-2026-05-24-total-11pt5,0.28,0.21,0.07,0.055,2.2,0.07,True,True
2026-07-25T07:21:28+00:00,mlb-stl-cin-2026-05-24,over_ladder,mlb-stl-cin-2026-05-24-total-12pt5,mlb-stl-cin-2026-05-24-total-11pt5,0.28,0.21,0.07,0.055,2.2,0.07,True,True
2026-07-25T07:21:54+00:00,mlb-stl-cin-2026-05-24,over_ladder,mlb-stl-cin-2026-05-24-total-12pt5,mlb-stl-cin-2026-05-24-total-11pt5,0.28,0.21,0.07,0.055,2.2,0.07,True,True
2026-07-25T07:22:19+00:00,mlb-stl-cin-2026-05-24,over_ladder,mlb-stl-cin-2026-05-24-total-12pt5,mlb-stl-cin-2026-05-24-total-11pt5,0.28,0.21,0.07,0.055,2.2,0.07,True,True
2026-07-25T07:22:44+00:00,mlb-stl-cin-2026-05-24,over_ladder,mlb-stl-cin-2026-05-24-total-12pt5,mlb-stl-cin-2026-05-24-total-11pt5,0.28,0.21,0.07,0.055,2.2,0.07,True,True
2026-07-25T07:23:10+00:00,mlb-stl-cin-2026-05-24,over_ladder,mlb-stl-cin-2026-05-24-total-12pt5,mlb-stl-cin-2026-05-24-total-11pt5,0.28,0.21,0.07,0.055,2.2,0.07,True,True
2026-07-25T07:23:36+00:00,mlb-stl-cin-2026-05-24,over_ladder,mlb-stl-cin-2026-05-24-total-12pt5,mlb-stl-cin-2026-05-24-total-11pt5,0.28,0.21,0.07,0.055,2.2,0.07,True,True
2026-07-25T07:24:01+00:00,mlb-stl-cin-2026-05-24,over_ladder,mlb-stl-cin-2026-05-24-total-12pt5,mlb-stl-cin-2026-05-24-total-11pt5,0.28,0.21,0.07,0.055,2.2,0.07,True,True
2026-07-25T07:24:27+00:00,mlb-stl-cin-2026-05-24,over_ladder,mlb-stl-cin-2026-05-24-total-12pt5,mlb-stl-cin-2026-05-24-total-11pt5,0.28,0.21,0.07,0.055,2.2,0.07,True,True
2026-07-25T07:24:52+00:00,mlb-stl-cin-2026-05-24,over_ladder,mlb-stl-cin-2026-05-24-total-12pt5,mlb-stl-cin-2026-05-24-total-11pt5,0.28,0.21,0.07,0.055,2.2,0.07,True,True
2026-07-25T07:25:17+00:00,mlb-stl-cin-2026-05-24,over_ladder,mlb-stl-cin-2026-05-24-total-12pt5,mlb-stl-cin-2026-05-24-total-11pt5,0.28,0.21,0.07,0.055,2.2,0.07,True,True
2026-07-25T07:25:43+00:00,mlb-stl-cin-2026-05-24,over_ladder,mlb-stl-cin-2026-05-24-total-12pt5,mlb-stl-cin-2026-05-24-total-11pt5,0.28,0.21,0.07,0.055,2.2,0.07,True,True
2026-07-25T07:26:08+00:00,mlb-stl-cin-2026-05-24,over_ladder,mlb-stl-cin-2026-05-24-total-12pt5,mlb-stl-cin-2026-05-24-total-11pt5,0.28,0.21,0.07,0.055,2.2,0.07,True,True
2026-07-25T07:26:33+00:00,mlb-stl-cin-2026-05-24,over_ladder,mlb-stl-cin-2026-05-24-total-12pt5,mlb-stl-cin-2026-05-24-total-11pt5,0.28,0.21,0.07,0.055,2.2,0.07,True,True
2026-07-25T07:26:59+00:00,mlb-stl-cin-2026-05-24,over_ladder,mlb-stl-cin-2026-05-24-total-12pt5,mlb-stl-cin-2026-05-24-total-11pt5,0.28,0.21,0.07,0.055,2.2,0.07,True,True
2026-07-25T07:27:24+00:00,mlb-stl-cin-2026-05-24,over_ladder,mlb-stl-cin-2026-05-24-total-12pt5,mlb-stl-cin-2026-05-24-total-11pt5,0.28,0.21,0.07,0.055,2.2,0.07,True,True
2026-07-25T07:27:49+00:00,mlb-stl-cin-2026-05-24,over_ladder,mlb-stl-cin-2026-05-24-total-12pt5,mlb-stl-cin-2026-05-24-total-11pt5,0.28,0.21,0.07,0.055,2.2,0.07,True,True
2026-07-25T07:28:15+00:00,mlb-stl-cin-2026-05-24,over_ladder,mlb-stl-cin-2026-05-24-total-12pt5,mlb-stl-cin-2026-05-24-total-11pt5,0.28,0.21,0.07,0.055,2.2,0.07,True,True
2026-07-25T07:28:40+00:00,mlb-stl-cin-2026-05-24,over_ladder,mlb-stl-cin-2026-05-24-total-12pt5,mlb-stl-cin-2026-05-24-total-11pt5,0.28,0.21,0.07,0.055,2.2,0.07,True,True
2026-07-25T07:29:06+00:00,mlb-stl-cin-2026-05-24,over_ladder,mlb-stl-cin-2026-05-24-total-12pt5,mlb-stl-cin-2026-05-24-total-11pt5,0.28,0.21,0.07,0.055,2.2,0.07,True,True
2026-07-25T07:29:31+00:00,mlb-stl-cin-2026-05-24,over_ladder,mlb-stl-cin-2026-05-24-total-12pt5,mlb-stl-cin-2026-05-24-total-11pt5,0.28,0.21,0.07,0.055,2.2,0.07,True,True
2026-07-25T07:29:56+00:00,mlb-stl-cin-2026-05-24,over_ladder,mlb-stl-cin-2026-05-24-total-12pt5,mlb-stl-cin-2026-05-24-total-11pt5,0.28,0.21,0.07,0.055,2.2,0.07,True,True
2026-07-25T07:30:22+00:00,mlb-stl-cin-2026-05-24,over_ladder,mlb-stl-cin-2026-05-24-total-12pt5,mlb-stl-cin-2026-05-24-total-11pt5,0.28,0.21,0.07,0.055,2.2,0.07,True,True
2026-07-25T07:30:47+00:00,mlb-stl-cin-2026-05-24,over_ladder,mlb-stl-cin-2026-05-24-total-12pt5,mlb-stl-cin-2026-05-24-total-11pt5,0.28,0.21,0.07,0.055,2.2,0.07,True,True
2026-07-25T07:31:12+00:00,mlb-stl-cin-2026-05-24,over_ladder,mlb-stl-cin-2026-05-24-total-12pt5,mlb-stl-cin-2026-05-24-total-11pt5,0.28,0.21,0.07,0.055,2.2,0.07,True,True
2026-07-25T07:31:38+00:00,mlb-stl-cin-2026-05-24,over_ladder,mlb-stl-cin-2026-05-24-total-12pt5,mlb-stl-cin-2026-05-24-total-11pt5,0.28,0.21,0.07,0.055,2.2,0.07,True,True
2026-07-25T07:32:03+00:00,mlb-stl-cin-2026-05-24,over_ladder,mlb-stl-cin-2026-05-24-total-12pt5,mlb-stl-cin-2026-05-24-total-11pt5,0.28,0.21,0.07,0.055,2.2,0.07,True,True
2026-07-25T07:32:28+00:00,mlb-stl-cin-2026-05-24,over_ladder,mlb-stl-cin-2026-05-24-total-12pt5,mlb-stl-cin-2026-05-24-total-11pt5,0.28,0.21,0.07,0.055,2.2,0.07,True,True
2026-07-25T07:32:54+00:00,mlb-stl-cin-2026-05-24,over_ladder,mlb-stl-cin-2026-05-24-total-12pt5,mlb-stl-cin-2026-05-24-total-11pt5,0.28,0.21,0.07,0.055,2.2,0.07,True,True
2026-07-25T07:33:19+00:00,mlb-stl-cin-2026-05-24,over_ladder,mlb-stl-cin-2026-05-24-total-12pt5,mlb-stl-cin-2026-05-24-total-11pt5,0.28,0.21,0.07,0.055,2.2,0.07,True,True
2026-07-25T07:33:45+00:00,mlb-stl-cin-2026-05-24,over_ladder,mlb-stl-cin-2026-05-24-total-12pt5,mlb-stl-cin-2026-05-24-total-11pt5,0.28,0.21,0.07,0.055,2.2,0.07,True,True
2026-07-25T07:34:11+00:00,mlb-stl-cin-2026-05-24,over_ladder,mlb-stl-cin-2026-05-24-total-12pt5,mlb-stl-cin-2026-05-24-total-11pt5,0.28,0.21,0.07,0.055,2.2,0.07,True,True
2026-07-25T07:34:36+00:00,mlb-stl-cin-2026-05-24,over_ladder,mlb-stl-cin-2026-05-24-total-12pt5,mlb-stl-cin-2026-05-24-total-11pt5,0.28,0.21,0.07,0.055,2.2,0.07,True,True
2026-07-25T07:35:01+00:00,mlb-stl-cin-2026-05-24,over_ladder,mlb-stl-cin-2026-05-24-total-12pt5,mlb-stl-cin-2026-05-24-total-11pt5,0.28,0.21,0.07,0.055,2.2,0.07,True,True
2026-07-25T07:35:27+00:00,mlb-stl-cin-2026-05-24,over_ladder,mlb-stl-cin-2026-05-24-total-12pt5,mlb-stl-cin-2026-05-24-total-11pt5,0.28,0.21,0.07,0.055,2.2,0.07,True,True
2026-07-25T07:35:52+00:00,mlb-stl-cin-2026-05-24,over_ladder,mlb-stl-cin-2026-05-24-total-12pt5,mlb-stl-cin-2026-05-24-total-11pt5,0.28,0.21,0.07,0.055,2.2,0.07,True,True
2026-07-25T07:36:17+00:00,mlb-stl-cin-2026-05-24,over_ladder,mlb-stl-cin-2026-05-24-total-12pt5,mlb-stl-cin-2026-05-24-total-11pt5,0.28,0.21,0.07,0.055,2.2,0.07,True,True
2026-07-25T07:36:43+00:00,mlb-stl-cin-2026-05-24,over_ladder,mlb-stl-cin-2026-05-24-total-12pt5,mlb-stl-cin-2026-05-24-total-11pt5,0.28,0.21,0.07,0.055,2.2,0.07,True,True
2026-07-25T07:37:08+00:00,mlb-stl-cin-2026-05-24,over_ladder,mlb-stl-cin-2026-05-24-total-12pt5,mlb-stl-cin-2026-05-24-total-11pt5,0.28,0.21,0.07,0.055,2.2,0.07,True,True
2026-07-25T07:37:34+00:00,mlb-stl-cin-2026-05-24,over_ladder,mlb-stl-cin-2026-05-24-total-12pt5,mlb-stl-cin-2026-05-24-total-11pt5,0.28,0.21,0.07,0.055,2.2,0.07,True,True
2026-07-25T07:37:59+00:00,mlb-stl-cin-2026-05-24,over_ladder,mlb-stl-cin-2026-05-24-total-12pt5,mlb-stl-cin-2026-05-24-total-11pt5,0.28,0.21,0.07,0.055,2.2,0.07,True,True
2026-07-25T07:38:24+00:00,mlb-stl-cin-2026-05-24,over_ladder,mlb-stl-cin-2026-05-24-total-12pt5,mlb-stl-cin-2026-05-24-total-11pt5,0.28,0.21,0.07,0.055,2.2,0.07,True,True
2026-07-25T07:38:49+00:00,mlb-stl-cin-2026-05-24,over_ladder,mlb-stl-cin-2026-05-24-total-12pt5,mlb-stl-cin-2026-05-24-total-11pt5,0.28,0.21,0.07,0.055,2.2,0.07,True,True
2026-07-25T07:39:15+00:00,mlb-stl-cin-2026-05-24,over_ladder,mlb-stl-cin-2026-05-24-total-12pt5,mlb-stl-cin-2026-05-24-total-11pt5,0.28,0.21,0.07,0.055,2.2,0.07,True,True
2026-07-25T07:39:40+00:00,mlb-stl-cin-2026-05-24,over_ladder,mlb-stl-cin-2026-05-24-total-12pt5,mlb-stl-cin-2026-05-24-total-11pt5,0.28,0.21,0.07,0.055,2.2,0.07,True,True
2026-07-25T07:40:06+00:00,mlb-stl-cin-2026-05-24,over_ladder,mlb-stl-cin-2026-05-24-total-12pt5,mlb-stl-cin-2026-05-24-total-11pt5,0.28,0.21,0.07,0.055,2.2,0.07,True,True
2026-07-25T07:40:31+00:00,mlb-stl-cin-2026-05-24,over_ladder,mlb-stl-cin-2026-05-24-total-12pt5,mlb-stl-cin-2026-05-24-total-11pt5,0.28,0.21,0.07,0.055,2.2,0.07,True,True
2026-07-25T07:40:56+00:00,mlb-stl-cin-2026-05-24,over_ladder,mlb-stl-cin-2026-05-24-total-12pt5,mlb-stl-cin-2026-05-24-total-11pt5,0.28,0.21,0.07,0.055,2.2,0.07,True,True
2026-07-25T07:41:22+00:00,mlb-stl-cin-2026-05-24,over_ladder,mlb-stl-cin-2026-05-24-total-12pt5,mlb-stl-cin-2026-05-24-total-11pt5,0.28,0.21,0.07,0.055,2.2,0.07,True,True
2026-07-25T07:41:47+00:00,mlb-stl-cin-2026-05-24,over_ladder,mlb-stl-cin-2026-05-24-total-12pt5,mlb-stl-cin-2026-05-24-total-11pt5,0.28,0.21,0.07,0.055,2.2,0.07,True,True
2026-07-25T07:42:12+00:00,mlb-stl-cin-2026-05-24,over_ladder,mlb-stl-cin-2026-05-24-total-12pt5,mlb-stl-cin-2026-05-24-total-11pt5,0.28,0.21,0.07,0.055,2.2,0.07,True,True
2026-07-25T07:42:38+00:00,mlb-stl-cin-2026-05-24,over_ladder,mlb-stl-cin-2026-05-24-total-12pt5,mlb-stl-cin-2026-05-24-total-11pt5,0.28,0.21,0.07,0.055,2.2,0.07,True,True
2026-07-25T07:43:03+00:00,mlb-stl-cin-2026-05-24,over_ladder,mlb-stl-cin-2026-05-24-total-12pt5,mlb-stl-cin-2026-05-24-total-11pt5,0.28,0.21,0.07,0.055,2.2,0.07,True,True
2026-07-25T07:43:28+00:00,mlb-stl-cin-2026-05-24,over_ladder,mlb-stl-cin-2026-05-24-total-12pt5,mlb-stl-cin-2026-05-24-total-11pt5,0.28,0.21,0.07,0.055,2.2,0.07,True,True
2026-07-25T07:43:55+00:00,mlb-stl-cin-2026-05-24,over_ladder,mlb-stl-cin-2026-05-24-total-12pt5,mlb-stl-cin-2026-05-24-total-11pt5,0.28,0.21,0.07,0.055,2.2,0.07,True,True
2026-07-25T07:44:20+00:00,mlb-stl-cin-2026-05-24,over_ladder,mlb-stl-cin-2026-05-24-total-12pt5,mlb-stl-cin-2026-05-24-total-11pt5,0.28,0.21,0.07,0.055,2.2,0.07,True,True
2026-07-25T07:44:46+00:00,mlb-stl-cin-2026-05-24,over_ladder,mlb-stl-cin-2026-05-24-total-12pt5,mlb-stl-cin-2026-05-24-total-11pt5,0.28,0.21,0.07,0.055,2.2,0.07,True,True
2026-07-25T07:45:11+00:00,mlb-stl-cin-2026-05-24,over_ladder,mlb-stl-cin-2026-05-24-total-12pt5,mlb-stl-cin-2026-05-24-total-11pt5,0.28,0.21,0.07,0.055,2.2,0.07,True,True
2026-07-25T07:45:36+00:00,mlb-stl-cin-2026-05-24,over_ladder,mlb-stl-cin-2026-05-24-total-12pt5,mlb-stl-cin-2026-05-24-total-11pt5,0.28,0.21,0.07,0.055,2.2,0.07,True,True
2026-07-25T07:46:02+00:00,mlb-stl-cin-2026-05-24,over_ladder,mlb-stl-cin-2026-05-24-total-12pt5,mlb-stl-cin-2026-05-24-total-11pt5,0.28,0.21,0.07,0.055,2.2,0.07,True,True
2026-07-25T07:46:27+00:00,mlb-stl-cin-2026-05-24,over_ladder,mlb-stl-cin-2026-05-24-total-12pt5,mlb-stl-cin-2026-05-24-total-11pt5,0.28,0.21,0.07,0.055,2.2,0.07,True,True
2026-07-25T07:46:52+00:00,mlb-stl-cin-2026-05-24,over_ladder,mlb-stl-cin-2026-05-24-total-12pt5,mlb-stl-cin-2026-05-24-total-11pt5,0.28,0.21,0.07,0.055,2.2,0.07,True,True
2026-07-25T07:47:18+00:00,mlb-stl-cin-2026-05-24,over_ladder,mlb-stl-cin-2026-05-24-total-12pt5,mlb-stl-cin-2026-05-24-total-11pt5,0.28,0.21,0.07,0.055,2.2,0.07,True,True
2026-07-25T07:47:43+00:00,mlb-stl-cin-2026-05-24,over_ladder,mlb-stl-cin-2026-05-24-total-12pt5,mlb-stl-cin-2026-05-24-total-11pt5,0.28,0.21,0.07,0.055,2.2,0.07,True,True
2026-07-25T07:48:08+00:00,mlb-stl-cin-2026-05-24,over_ladder,mlb-stl-cin-2026-05-24-total-12pt5,mlb-stl-cin-2026-05-24-total-11pt5,0.28,0.21,0.07,0.055,2.2,0.07,True,True
2026-07-25T07:48:34+00:00,mlb-stl-cin-2026-05-24,over_ladder,mlb-stl-cin-2026-05-24-total-12pt5,mlb-stl-cin-2026-05-24-total-11pt5,0.28,0.21,0.07,0.055,2.2,0.07,True,True
2026-07-25T07:48:59+00:00,mlb-stl-cin-2026-05-24,over_ladder,mlb-stl-cin-2026-05-24-total-12pt5,mlb-stl-cin-2026-05-24-total-11pt5,0.28,0.21,0.07,0.055,2.2,0.07,True,True
2026-07-25T07:49:25+00:00,mlb-stl-cin-2026-05-24,over_ladder,mlb-stl-cin-2026-05-24-total-12pt5,mlb-stl-cin-2026-05-24-total-11pt5,0.28,0.21,0.07,0.055,2.2,0.07,True,True
2026-07-25T07:49:50+00:00,mlb-stl-cin-2026-05-24,over_ladder,mlb-stl-cin-2026-05-24-total-12pt5,mlb-stl-cin-2026-05-24-total-11pt5,0.28,0.21,0.07,0.055,2.2,0.07,True,True
2026-07-25T07:50:15+00:00,mlb-stl-cin-2026-05-24,over_ladder,mlb-stl-cin-2026-05-24-total-12pt5,mlb-stl-cin-2026-05-24-total-11pt5,0.28,0.21,0.07,0.055,2.2,0.07,True,True
2026-07-25T07:50:41+00:00,mlb-stl-cin-2026-05-24,over_ladder,mlb-stl-cin-2026-05-24-total-12pt5,mlb-stl-cin-2026-05-24-total-11pt5,0.28,0.21,0.07,0.055,2.2,0.07,True,True
2026-07-25T07:51:06+00:00,mlb-stl-cin-2026-05-24,over_ladder,mlb-stl-cin-2026-05-24-total-12pt5,mlb-stl-cin-2026-05-24-total-11pt5,0.28,0.21,0.07,0.055,2.2,0.07,True,True
2026-07-25T07:51:31+00:00,mlb-stl-cin-2026-05-24,over_ladder,mlb-stl-cin-2026-05-24-total-12pt5,mlb-stl-cin-2026-05-24-total-11pt5,0.28,0.21,0.07,0.055,2.2,0.07,True,True
2026-07-25T07:51:57+00:00,mlb-stl-cin-2026-05-24,over_ladder,mlb-stl-cin-2026-05-24-total-12pt5,mlb-stl-cin-2026-05-24-total-11pt5,0.28,0.21,0.07,0.055,2.2,0.07,True,True
2026-07-25T07:52:22+00:00,mlb-stl-cin-2026-05-24,over_ladder,mlb-stl-cin-2026-05-24-total-12pt5,mlb-stl-cin-2026-05-24-total-11pt5,0.28,0.21,0.07,0.055,2.2,0.07,True,True
2026-07-25T07:52:48+00:00,mlb-stl-cin-2026-05-24,over_ladder,mlb-stl-cin-2026-05-24-total-12pt5,mlb-stl-cin-2026-05-24-total-11pt5,0.28,0.21,0.07,0.055,2.2,0.07,True,True
2026-07-25T07:53:13+00:00,mlb-stl-cin-2026-05-24,over_ladder,mlb-stl-cin-2026-05-24-total-12pt5,mlb-stl-cin-2026-05-24-total-11pt5,0.28,0.21,0.07,0.055,2.2,0.07,True,True
2026-07-25T07:53:38+00:00,mlb-stl-cin-2026-05-24,over_ladder,mlb-stl-cin-2026-05-24-total-12pt5,mlb-stl-cin-2026-05-24-total-11pt5,0.28,0.21,0.07,0.055,2.2,0.07,True,True
2026-07-25T07:54:04+00:00,mlb-stl-cin-2026-05-24,over_ladder,mlb-stl-cin-2026-05-24-total-12pt5,mlb-stl-cin-2026-05-24-total-11pt5,0.28,0.21,0.07,0.055,2.2,0.07,True,True
2026-07-25T07:54:30+00:00,mlb-stl-cin-2026-05-24,over_ladder,mlb-stl-cin-2026-05-24-total-12pt5,mlb-stl-cin-2026-05-24-total-11pt5,0.28,0.21,0.07,0.055,2.2,0.07,True,True
2026-07-25T07:54:55+00:00,mlb-stl-cin-2026-05-24,over_ladder,mlb-stl-cin-2026-05-24-total-12pt5,mlb-stl-cin-2026-05-24-total-11pt5,0.28,0.21,0.07,0.055,2.2,0.07,True,True
2026-07-25T07:55:21+00:00,mlb-stl-cin-2026-05-24,over_ladder,mlb-stl-cin-2026-05-24-total-12pt5,mlb-stl-cin-2026-05-24-total-11pt5,0.28,0.21,0.07,0.055,2.2,0.07,True,True
2026-07-25T07:55:46+00:00,mlb-stl-cin-2026-05-24,over_ladder,mlb-stl-cin-2026-05-24-total-12pt5,mlb-stl-cin-2026-05-24-total-11pt5,0.28,0.21,0.07,0.055,2.2,0.07,True,True
2026-07-25T07:56:11+00:00,mlb-stl-cin-2026-05-24,over_ladder,mlb-stl-cin-2026-05-24-total-12pt5,mlb-stl-cin-2026-05-24-total-11pt5,0.28,0.21,0.07,0.055,2.2,0.07,True,True
2026-07-25T07:56:37+00:00,mlb-stl-cin-2026-05-24,over_ladder,mlb-stl-cin-2026-05-24-total-12pt5,mlb-stl-cin-2026-05-24-total-11pt5,0.28,0.21,0.07,0.055,2.2,0.07,True,True
2026-07-25T07:57:02+00:00,mlb-stl-cin-2026-05-24,over_ladder,mlb-stl-cin-2026-05-24-total-12pt5,mlb-stl-cin-2026-05-24-total-11pt5,0.28,0.21,0.07,0.055,2.2,0.07,True,True
2026-07-25T07:57:27+00:00,mlb-stl-cin-2026-05-24,over_ladder,mlb-stl-cin-2026-05-24-total-12pt5,mlb-stl-cin-2026-05-24-total-11pt5,0.28,0.21,0.07,0.055,2.2,0.07,True,True
2026-07-25T07:57:53+00:00,mlb-stl-cin-2026-05-24,over_ladder,mlb-stl-cin-2026-05-24-total-12pt5,mlb-stl-cin-2026-05-24-total-11pt5,0.28,0.21,0.07,0.055,2.2,0.07,True,True
2026-07-25T07:58:18+00:00,mlb-stl-cin-2026-05-24,over_ladder,mlb-stl-cin-2026-05-24-total-12pt5,mlb-stl-cin-2026-05-24-total-11pt5,0.28,0.21,0.07,0.055,2.2,0.07,True,True
2026-07-25T07:58:44+00:00,mlb-stl-cin-2026-05-24,over_ladder,mlb-stl-cin-2026-05-24-total-12pt5,mlb-stl-cin-2026-05-24-total-11pt5,0.28,0.21,0.07,0.055,2.2,0.07,True,True
2026-07-25T07:59:09+00:00,mlb-stl-cin-2026-05-24,over_ladder,mlb-stl-cin-2026-05-24-total-12pt5,mlb-stl-cin-2026-05-24-total-11pt5,0.28,0.21,0.07,0.055,2.2,0.07,True,True
2026-07-25T07:59:34+00:00,mlb-stl-cin-2026-05-24,over_ladder,mlb-stl-cin-2026-05-24-total-12pt5,mlb-stl-cin-2026-05-24-total-11pt5,0.28,0.21,0.07,0.055,2.2,0.07,True,True
2026-07-25T08:00:00+00:00,mlb-stl-cin-2026-05-24,over_ladder,mlb-stl-cin-2026-05-24-total-12pt5,mlb-stl-cin-2026-05-24-total-11pt5,0.28,0.21,0.07,0.055,2.2,0.07,True,True
2026-07-25T08:00:25+00:00,mlb-stl-cin-2026-05-24,over_ladder,mlb-stl-cin-2026-05-24-total-12pt5,mlb-stl-cin-2026-05-24-total-11pt5,0.28,0.21,0.07,0.055,2.2,0.07,True,True
2026-07-25T08:00:50+00:00,mlb-stl-cin-2026-05-24,over_ladder,mlb-stl-cin-2026-05-24-total-12pt5,mlb-stl-cin-2026-05-24-total-11pt5,0.28,0.21,0.07,0.055,2.2,0.07,True,True
2026-07-25T08:01:16+00:00,mlb-stl-cin-2026-05-24,over_ladder,mlb-stl-cin-2026-05-24-total-12pt5,mlb-stl-cin-2026-05-24-total-11pt5,0.28,0.21,0.07,0.055,2.2,0.07,True,True
2026-07-25T08:01:41+00:00,mlb-stl-cin-2026-05-24,over_ladder,mlb-stl-cin-2026-05-24-total-12pt5,mlb-stl-cin-2026-05-24-total-11pt5,0.28,0.21,0.07,0.055,2.2,0.07,True,True
2026-07-25T08:02:06+00:00,mlb-stl-cin-2026-05-24,over_ladder,mlb-stl-cin-2026-05-24-total-12pt5,mlb-stl-cin-2026-05-24-total-11pt5,0.28,0.21,0.07,0.055,2.2,0.07,True,True
2026-07-25T08:02:32+00:00,mlb-stl-cin-2026-05-24,over_ladder,mlb-stl-cin-2026-05-24-total-12pt5,mlb-stl-cin-2026-05-24-total-11pt5,0.28,0.21,0.07,0.055,2.2,0.07,True,True
2026-07-25T08:02:57+00:00,mlb-stl-cin-2026-05-24,over_ladder,mlb-stl-cin-2026-05-24-total-12pt5,mlb-stl-cin-2026-05-24-total-11pt5,0.28,0.21,0.07,0.055,2.2,0.07,True,True
2026-07-25T08:03:22+00:00,mlb-stl-cin-2026-05-24,over_ladder,mlb-stl-cin-2026-05-24-total-12pt5,mlb-stl-cin-2026-05-24-total-11pt5,0.28,0.21,0.07,0.055,2.2,0.07,True,True
2026-07-25T08:03:48+00:00,mlb-stl-cin-2026-05-24,over_ladder,mlb-stl-cin-2026-05-24-total-12pt5,mlb-stl-cin-2026-05-24-total-11pt5,0.28,0.21,0.07,0.055,2.2,0.07,True,True
2026-07-25T08:04:14+00:00,mlb-stl-cin-2026-05-24,over_ladder,mlb-stl-cin-2026-05-24-total-12pt5,mlb-stl-cin-2026-05-24-total-11pt5,0.28,0.21,0.07,0.055,2.2,0.07,True,True
2026-07-25T08:04:39+00:00,mlb-stl-cin-2026-05-24,over_ladder,mlb-stl-cin-2026-05-24-total-12pt5,mlb-stl-cin-2026-05-24-total-11pt5,0.28,0.21,0.07,0.055,2.2,0.07,True,True
2026-07-25T08:05:05+00:00,mlb-stl-cin-2026-05-24,over_ladder,mlb-stl-cin-2026-05-24-total-12pt5,mlb-stl-cin-2026-05-24-total-11pt5,0.28,0.21,0.07,0.055,2.2,0.07,True,True
2026-07-25T08:05:30+00:00,mlb-stl-cin-2026-05-24,over_ladder,mlb-stl-cin-2026-05-24-total-12pt5,mlb-stl-cin-2026-05-24-total-11pt5,0.28,0.21,0.07,0.055,2.2,0.07,True,True
2026-07-25T08:05:55+00:00,mlb-stl-cin-2026-05-24,over_ladder,mlb-stl-cin-2026-05-24-total-12pt5,mlb-stl-cin-2026-05-24-total-11pt5,0.28,0.21,0.07,0.055,2.2,0.07,True,True
2026-07-25T08:06:21+00:00,mlb-stl-cin-2026-05-24,over_ladder,mlb-stl-cin-2026-05-24-total-12pt5,mlb-stl-cin-2026-05-24-total-11pt5,0.28,0.21,0.07,0.055,2.2,0.07,True,True
2026-07-25T08:06:46+00:00,mlb-stl-cin-2026-05-24,over_ladder,mlb-stl-cin-2026-05-24-total-12pt5,mlb-stl-cin-2026-05-24-total-11pt5,0.28,0.21,0.07,0.055,2.2,0.07,True,True
2026-07-25T08:07:11+00:00,mlb-stl-cin-2026-05-24,over_ladder,mlb-stl-cin-2026-05-24-total-12pt5,mlb-stl-cin-2026-05-24-total-11pt5,0.28,0.21,0.07,0.055,2.2,0.07,True,True
2026-07-25T08:07:37+00:00,mlb-stl-cin-2026-05-24,over_ladder,mlb-stl-cin-2026-05-24-total-12pt5,mlb-stl-cin-2026-05-24-total-11pt5,0.28,0.21,0.07,0.055,2.2,0.07,True,True
2026-07-25T08:08:02+00:00,mlb-stl-cin-2026-05-24,over_ladder,mlb-stl-cin-2026-05-24-total-12pt5,mlb-stl-cin-2026-05-24-total-11pt5,0.28,0.21,0.07,0.055,2.2,0.07,True,True
2026-07-25T08:08:28+00:00,mlb-stl-cin-2026-05-24,over_ladder,mlb-stl-cin-2026-05-24-total-12pt5,mlb-stl-cin-2026-05-24-total-11pt5,0.28,0.21,0.07,0.055,2.2,0.07,True,True
2026-07-25T08:08:53+00:00,mlb-stl-cin-2026-05-24,over_ladder,mlb-stl-cin-2026-05-24-total-12pt5,mlb-stl-cin-2026-05-24-total-11pt5,0.28,0.21,0.07,0.055,2.2,0.07,True,True
2026-07-25T08:09:18+00:00,mlb-stl-cin-2026-05-24,over_ladder,mlb-stl-cin-2026-05-24-total-12pt5,mlb-stl-cin-2026-05-24-total-11pt5,0.28,0.21,0.07,0.055,2.2,0.07,True,True
2026-07-25T08:09:44+00:00,mlb-stl-cin-2026-05-24,over_ladder,mlb-stl-cin-2026-05-24-total-12pt5,mlb-stl-cin-2026-05-24-total-11pt5,0.28,0.21,0.07,0.055,2.2,0.07,True,True
2026-07-25T08:10:09+00:00,mlb-stl-cin-2026-05-24,over_ladder,mlb-stl-cin-2026-05-24-total-12pt5,mlb-stl-cin-2026-05-24-total-11pt5,0.28,0.21,0.07,0.055,2.2,0.07,True,True
2026-07-25T08:10:34+00:00,mlb-stl-cin-2026-05-24,over_ladder,mlb-stl-cin-2026-05-24-total-12pt5,mlb-stl-cin-2026-05-24-total-11pt5,0.28,0.21,0.07,0.055,2.2,0.07,True,True
2026-07-25T08:11:00+00:00,mlb-stl-cin-2026-05-24,over_ladder,mlb-stl-cin-2026-05-24-total-12pt5,mlb-stl-cin-2026-05-24-total-11pt5,0.28,0.21,0.07,0.055,2.2,0.07,True,True
2026-07-25T08:11:25+00:00,mlb-stl-cin-2026-05-24,over_ladder,mlb-stl-cin-2026-05-24-total-12pt5,mlb-stl-cin-2026-05-24-total-11pt5,0.28,0.21,0.07,0.055,2.2,0.07,True,True
2026-07-25T08:11:50+00:00,mlb-stl-cin-2026-05-24,over_ladder,mlb-stl-cin-2026-05-24-total-12pt5,mlb-stl-cin-2026-05-24-total-11pt5,0.28,0.21,0.07,0.055,2.2,0.07,True,True
2026-07-25T08:12:16+00:00,mlb-stl-cin-2026-05-24,over_ladder,mlb-stl-cin-2026-05-24-total-12pt5,mlb-stl-cin-2026-05-24-total-11pt5,0.28,0.21,0.07,0.055,2.2,0.07,True,True
2026-07-25T08:12:41+00:00,mlb-stl-cin-2026-05-24,over_ladder,mlb-stl-cin-2026-05-24-total-12pt5,mlb-stl-cin-2026-05-24-total-11pt5,0.28,0.21,0.07,0.055,2.2,0.07,True,True
2026-07-25T08:13:07+00:00,mlb-stl-cin-2026-05-24,over_ladder,mlb-stl-cin-2026-05-24-total-12pt5,mlb-stl-cin-2026-05-24-total-11pt5,0.28,0.21,0.07,0.055,2.2,0.07,True,True
2026-07-25T08:13:32+00:00,mlb-stl-cin-2026-05-24,over_ladder,mlb-stl-cin-2026-05-24-total-12pt5,mlb-stl-cin-2026-05-24-total-11pt5,0.28,0.21,0.07,0.055,2.2,0.07,True,True
2026-07-25T08:13:57+00:00,mlb-stl-cin-2026-05-24,over_ladder,mlb-stl-cin-2026-05-24-total-12pt5,mlb-stl-cin-2026-05-24-total-11pt5,0.28,0.21,0.07,0.055,2.2,0.07,True,True
2026-07-25T08:14:24+00:00,mlb-stl-cin-2026-05-24,over_ladder,mlb-stl-cin-2026-05-24-total-12pt5,mlb-stl-cin-2026-05-24-total-11pt5,0.28,0.21,0.07,0.055,2.2,0.07,True,True
2026-07-25T08:14:49+00:00,mlb-stl-cin-2026-05-24,over_ladder,mlb-stl-cin-2026-05-24-total-12pt5,mlb-stl-cin-2026-05-24-total-11pt5,0.28,0.21,0.07,0.055,2.2,0.07,True,True
2026-07-25T08:15:14+00:00,mlb-stl-cin-2026-05-24,over_ladder,mlb-stl-cin-2026-05-24-total-12pt5,mlb-stl-cin-2026-05-24-total-11pt5,0.28,0.21,0.07,0.055,2.2,0.07,True,True
2026-07-25T08:15:40+00:00,mlb-stl-cin-2026-05-24,over_ladder,mlb-stl-cin-2026-05-24-total-12pt5,mlb-stl-cin-2026-05-24-total-11pt5,0.28,0.21,0.07,0.055,2.2,0.07,True,True
2026-07-25T08:16:05+00:00,mlb-stl-cin-2026-05-24,over_ladder,mlb-stl-cin-2026-05-24-total-12pt5,mlb-stl-cin-2026-05-24-total-11pt5,0.28,0.21,0.07,0.055,2.2,0.07,True,True
2026-07-25T08:16:30+00:00,mlb-stl-cin-2026-05-24,over_ladder,mlb-stl-cin-2026-05-24-total-12pt5,mlb-stl-cin-2026-05-24-total-11pt5,0.28,0.21,0.07,0.055,2.2,0.07,True,True
2026-07-25T08:16:56+00:00,mlb-stl-cin-2026-05-24,over_ladder,mlb-stl-cin-2026-05-24-total-12pt5,mlb-stl-cin-2026-05-24-total-11pt5,0.28,0.21,0.07,0.055,2.2,0.07,True,True
2026-07-25T08:17:21+00:00,mlb-stl-cin-2026-05-24,over_ladder,mlb-stl-cin-2026-05-24-total-12pt5,mlb-stl-cin-2026-05-24-total-11pt5,0.28,0.21,0.07,0.055,2.2,0.07,True,True
2026-07-25T08:17:46+00:00,mlb-stl-cin-2026-05-24,over_ladder,mlb-stl-cin-2026-05-24-total-12pt5,mlb-stl-cin-2026-05-24-total-11pt5,0.28,0.21,0.07,0.055,2.2,0.07,True,True
2026-07-25T08:18:12+00:00,mlb-stl-cin-2026-05-24,over_ladder,mlb-stl-cin-2026-05-24-total-12pt5,mlb-stl-cin-2026-05-24-total-11pt5,0.28,0.21,0.07,0.055,2.2,0.07,True,True
2026-07-25T08:18:37+00:00,mlb-stl-cin-2026-05-24,over_ladder,mlb-stl-cin-2026-05-24-total-12pt5,mlb-stl-cin-2026-05-24-total-11pt5,0.28,0.21,0.07,0.055,2.2,0.07,True,True
2026-07-25T08:19:02+00:00,mlb-stl-cin-2026-05-24,over_ladder,mlb-stl-cin-2026-05-24-total-12pt5,mlb-stl-cin-2026-05-24-total-11pt5,0.28,0.21,0.07,0.055,2.2,0.07,True,True
2026-07-25T08:19:28+00:00,mlb-stl-cin-2026-05-24,over_ladder,mlb-stl-cin-2026-05-24-total-12pt5,mlb-stl-cin-2026-05-24-total-11pt5,0.28,0.21,0.07,0.055,2.2,0.07,True,True
2026-07-25T08:19:53+00:00,mlb-stl-cin-2026-05-24,over_ladder,mlb-stl-cin-2026-05-24-total-12pt5,mlb-stl-cin-2026-05-24-total-11pt5,0.28,0.21,0.07,0.055,2.2,0.07,True,True
2026-07-25T08:20:18+00:00,mlb-stl-cin-2026-05-24,over_ladder,mlb-stl-cin-2026-05-24-total-12pt5,mlb-stl-cin-2026-05-24-total-11pt5,0.28,0.21,0.07,0.055,2.2,0.07,True,True
2026-07-25T08:20:44+00:00,mlb-stl-cin-2026-05-24,over_ladder,mlb-stl-cin-2026-05-24-total-12pt5,mlb-stl-cin-2026-05-24-total-11pt5,0.28,0.21,0.07,0.055,2.2,0.07,True,True
2026-07-25T08:21:09+00:00,mlb-stl-cin-2026-05-24,over_ladder,mlb-stl-cin-2026-05-24-total-12pt5,mlb-stl-cin-2026-05-24-total-11pt5,0.28,0.21,0.07,0.055,2.2,0.07,True,True
2026-07-25T08:21:34+00:00,mlb-stl-cin-2026-05-24,over_ladder,mlb-stl-cin-2026-05-24-total-12pt5,mlb-stl-cin-2026-05-24-total-11pt5,0.28,0.21,0.07,0.055,2.2,0.07,True,True
2026-07-25T08:22:00+00:00,mlb-stl-cin-2026-05-24,over_ladder,mlb-stl-cin-2026-05-24-total-12pt5,mlb-stl-cin-2026-05-24-total-11pt5,0.28,0.21,0.07,0.055,2.2,0.07,True,True
2026-07-25T08:22:25+00:00,mlb-stl-cin-2026-05-24,over_ladder,mlb-stl-cin-2026-05-24-total-12pt5,mlb-stl-cin-2026-05-24-total-11pt5,0.28,0.21,0.07,0.055,2.2,0.07,True,True
2026-07-25T08:22:50+00:00,mlb-stl-cin-2026-05-24,over_ladder,mlb-stl-cin-2026-05-24-total-12pt5,mlb-stl-cin-2026-05-24-total-11pt5,0.28,0.21,0.07,0.055,2.2,0.07,True,True
2026-07-25T08:23:16+00:00,mlb-stl-cin-2026-05-24,over_ladder,mlb-stl-cin-2026-05-24-total-12pt5,mlb-stl-cin-2026-05-24-total-11pt5,0.28,0.21,0.07,0.055,2.2,0.07,True,True
2026-07-25T08:23:41+00:00,mlb-stl-cin-2026-05-24,over_ladder,mlb-stl-cin-2026-05-24-total-12pt5,mlb-stl-cin-2026-05-24-total-11pt5,0.28,0.21,0.07,0.055,2.2,0.07,True,True
2026-07-25T08:24:06+00:00,mlb-stl-cin-2026-05-24,over_ladder,mlb-stl-cin-2026-05-24-total-12pt5,mlb-stl-cin-2026-05-24-total-11pt5,0.28,0.21,0.07,0.055,2.2,0.07,True,True
2026-07-25T08:24:33+00:00,mlb-stl-cin-2026-05-24,over_ladder,mlb-stl-cin-2026-05-24-total-12pt5,mlb-stl-cin-2026-05-24-total-11pt5,0.28,0.21,0.07,0.055,2.2,0.07,True,True
2026-07-25T08:24:58+00:00,mlb-stl-cin-2026-05-24,over_ladder,mlb-stl-cin-2026-05-24-total-12pt5,mlb-stl-cin-2026-05-24-total-11pt5,0.28,0.21,0.07,0.055,2.2,0.07,True,True
2026-07-25T08:25:28+00:00,mlb-stl-cin-2026-05-24,over_ladder,mlb-stl-cin-2026-05-24-total-12pt5,mlb-stl-cin-2026-05-24-total-11pt5,0.28,0.21,0.07,0.055,2.2,0.07,True,True
2026-07-25T08:25:54+00:00,mlb-stl-cin-2026-05-24,over_ladder,mlb-stl-cin-2026-05-24-total-12pt5,mlb-stl-cin-2026-05-24-total-11pt5,0.28,0.21,0.07,0.055,2.2,0.07,True,True
2026-07-25T08:26:19+00:00,mlb-stl-cin-2026-05-24,over_ladder,mlb-stl-cin-2026-05-24-total-12pt5,mlb-stl-cin-2026-05-24-total-11pt5,0.28,0.21,0.07,0.055,2.2,0.07,True,True
2026-07-25T08:26:44+00:00,mlb-stl-cin-2026-05-24,over_ladder,mlb-stl-cin-2026-05-24-total-12pt5,mlb-stl-cin-2026-05-24-total-11pt5,0.28,0.21,0.07,0.055,2.2,0.07,True,True
2026-07-25T08:27:10+00:00,mlb-stl-cin-2026-05-24,over_ladder,mlb-stl-cin-2026-05-24-total-12pt5,mlb-stl-cin-2026-05-24-total-11pt5,0.28,0.21,0.07,0.055,2.2,0.07,True,True
2026-07-25T08:27:35+00:00,mlb-stl-cin-2026-05-24,over_ladder,mlb-stl-cin-2026-05-24-total-12pt5,mlb-stl-cin-2026-05-24-total-11pt5,0.28,0.21,0.07,0.055,2.2,0.07,True,True
2026-07-25T08:28:00+00:00,mlb-stl-cin-2026-05-24,over_ladder,mlb-stl-cin-2026-05-24-total-12pt5,mlb-stl-cin-2026-05-24-total-11pt5,0.28,0.21,0.07,0.055,2.2,0.07,True,True
2026-07-25T08:28:26+00:00,mlb-stl-cin-2026-05-24,over_ladder,mlb-stl-cin-2026-05-24-total-12pt5,mlb-stl-cin-2026-05-24-total-11pt5,0.28,0.21,0.07,0.055,2.2,0.07,True,True
2026-07-25T08:28:51+00:00,mlb-stl-cin-2026-05-24,over_ladder,mlb-stl-cin-2026-05-24-total-12pt5,mlb-stl-cin-2026-05-24-total-11pt5,0.28,0.21,0.07,0.055,2.2,0.07,True,True
2026-07-25T08:29:16+00:00,mlb-stl-cin-2026-05-24,over_ladder,mlb-stl-cin-2026-05-24-total-12pt5,mlb-stl-cin-2026-05-24-total-11pt5,0.28,0.21,0.07,0.055,2.2,0.07,True,True
2026-07-25T08:29:42+00:00,mlb-stl-cin-2026-05-24,over_ladder,mlb-stl-cin-2026-05-24-total-12pt5,mlb-stl-cin-2026-05-24-total-11pt5,0.28,0.21,0.07,0.055,2.2,0.07,True,True
2026-07-25T08:30:07+00:00,mlb-stl-cin-2026-05-24,over_ladder,mlb-stl-cin-2026-05-24-total-12pt5,mlb-stl-cin-2026-05-24-total-11pt5,0.28,0.21,0.07,0.055,2.2,0.07,True,True
2026-07-25T08:30:32+00:00,mlb-stl-cin-2026-05-24,over_ladder,mlb-stl-cin-2026-05-24-total-12pt5,mlb-stl-cin-2026-05-24-total-11pt5,0.28,0.21,0.07,0.055,2.2,0.07,True,True
2026-07-25T08:30:58+00:00,mlb-stl-cin-2026-05-24,over_ladder,mlb-stl-cin-2026-05-24-total-12pt5,mlb-stl-cin-2026-05-24-total-11pt5,0.28,0.21,0.07,0.055,2.2,0.07,True,True
2026-07-25T08:31:23+00:00,mlb-stl-cin-2026-05-24,over_ladder,mlb-stl-cin-2026-05-24-total-12pt5,mlb-stl-cin-2026-05-24-total-11pt5,0.28,0.21,0.07,0.055,2.2,0.07,True,True
2026-07-25T08:31:49+00:00,mlb-stl-cin-2026-05-24,over_ladder,mlb-stl-cin-2026-05-24-total-12pt5,mlb-stl-cin-2026-05-24-total-11pt5,0.28,0.21,0.07,0.055,2.2,0.07,True,True
2026-07-25T08:32:14+00:00,mlb-stl-cin-2026-05-24,over_ladder,mlb-stl-cin-2026-05-24-total-12pt5,mlb-stl-cin-2026-05-24-total-11pt5,0.28,0.21,0.07,0.055,2.2,0.07,True,True
2026-07-25T08:32:39+00:00,mlb-stl-cin-2026-05-24,over_ladder,mlb-stl-cin-2026-05-24-total-12pt5,mlb-stl-cin-2026-05-24-total-11pt5,0.28,0.21,0.07,0.055,2.2,0.07,True,True
2026-07-25T08:33:05+00:00,mlb-stl-cin-2026-05-24,over_ladder,mlb-stl-cin-2026-05-24-total-12pt5,mlb-stl-cin-2026-05-24-total-11pt5,0.28,0.21,0.07,0.055,2.2,0.07,True,True
2026-07-25T08:33:30+00:00,mlb-stl-cin-2026-05-24,over_ladder,mlb-stl-cin-2026-05-24-total-12pt5,mlb-stl-cin-2026-05-24-total-11pt5,0.28,0.21,0.07,0.055,2.2,0.07,True,True
2026-07-25T08:33:55+00:00,mlb-stl-cin-2026-05-24,over_ladder,mlb-stl-cin-2026-05-24-total-12pt5,mlb-stl-cin-2026-05-24-total-11pt5,0.28,0.21,0.07,0.055,2.2,0.07,True,True
2026-07-25T08:34:21+00:00,mlb-stl-cin-2026-05-24,over_ladder,mlb-stl-cin-2026-05-24-total-12pt5,mlb-stl-cin-2026-05-24-total-11pt5,0.28,0.21,0.07,0.055,2.2,0.07,True,True
2026-07-25T08:34:47+00:00,mlb-stl-cin-2026-05-24,over_ladder,mlb-stl-cin-2026-05-24-total-12pt5,mlb-stl-cin-2026-05-24-total-11pt5,0.28,0.21,0.07,0.055,2.2,0.07,True,True
2026-07-25T08:35:12+00:00,mlb-stl-cin-2026-05-24,over_ladder,mlb-stl-cin-2026-05-24-total-12pt5,mlb-stl-cin-2026-05-24-total-11pt5,0.28,0.21,0.07,0.055,2.2,0.07,True,True
2026-07-25T08:35:38+00:00,mlb-stl-cin-2026-05-24,over_ladder,mlb-stl-cin-2026-05-24-total-12pt5,mlb-stl-cin-2026-05-24-total-11pt5,0.28,0.21,0.07,0.055,2.2,0.07,True,True
2026-07-25T08:36:03+00:00,mlb-stl-cin-2026-05-24,over_ladder,mlb-stl-cin-2026-05-24-total-12pt5,mlb-stl-cin-2026-05-24-total-11pt5,0.28,0.21,0.07,0.055,2.2,0.07,True,True
2026-07-25T08:36:28+00:00,mlb-stl-cin-2026-05-24,over_ladder,mlb-stl-cin-2026-05-24-total-12pt5,mlb-stl-cin-2026-05-24-total-11pt5,0.28,0.21,0.07,0.055,2.2,0.07,True,True
2026-07-25T08:36:54+00:00,mlb-stl-cin-2026-05-24,over_ladder,mlb-stl-cin-2026-05-24-total-12pt5,mlb-stl-cin-2026-05-24-total-11pt5,0.28,0.21,0.07,0.055,2.2,0.07,True,True
2026-07-25T08:37:19+00:00,mlb-stl-cin-2026-05-24,over_ladder,mlb-stl-cin-2026-05-24-total-12pt5,mlb-stl-cin-2026-05-24-total-11pt5,0.28,0.21,0.07,0.055,2.2,0.07,True,True
2026-07-25T08:37:44+00:00,mlb-stl-cin-2026-05-24,over_ladder,mlb-stl-cin-2026-05-24-total-12pt5,mlb-stl-cin-2026-05-24-total-11pt5,0.28,0.21,0.07,0.055,2.2,0.07,True,True
2026-07-25T08:38:10+00:00,mlb-stl-cin-2026-05-24,over_ladder,mlb-stl-cin-2026-05-24-total-12pt5,mlb-stl-cin-2026-05-24-total-11pt5,0.28,0.21,0.07,0.055,2.2,0.07,True,True
2026-07-25T08:38:35+00:00,mlb-stl-cin-2026-05-24,over_ladder,mlb-stl-cin-2026-05-24-total-12pt5,mlb-stl-cin-2026-05-24-total-11pt5,0.28,0.21,0.07,0.055,2.2,0.07,True,True
2026-07-25T08:39:00+00:00,mlb-stl-cin-2026-05-24,over_ladder,mlb-stl-cin-2026-05-24-total-12pt5,mlb-stl-cin-2026-05-24-total-11pt5,0.28,0.21,0.07,0.055,2.2,0.07,True,True
2026-07-25T08:39:26+00:00,mlb-stl-cin-2026-05-24,over_ladder,mlb-stl-cin-2026-05-24-total-12pt5,mlb-stl-cin-2026-05-24-total-11pt5,0.28,0.21,0.07,0.055,2.2,0.07,True,True
2026-07-25T08:39:51+00:00,mlb-stl-cin-2026-05-24,over_ladder,mlb-stl-cin-2026-05-24-total-12pt5,mlb-stl-cin-2026-05-24-total-11pt5,0.28,0.21,0.07,0.055,2.2,0.07,True,True
2026-07-25T08:40:16+00:00,mlb-stl-cin-2026-05-24,over_ladder,mlb-stl-cin-2026-05-24-total-12pt5,mlb-stl-cin-2026-05-24-total-11pt5,0.28,0.21,0.07,0.055,2.2,0.07,True,True
2026-07-25T08:40:42+00:00,mlb-stl-cin-2026-05-24,over_ladder,mlb-stl-cin-2026-05-24-total-12pt5,mlb-stl-cin-2026-05-24-total-11pt5,0.28,0.21,0.07,0.055,2.2,0.07,True,True
2026-07-25T08:41:07+00:00,mlb-stl-cin-2026-05-24,over_ladder,mlb-stl-cin-2026-05-24-total-12pt5,mlb-stl-cin-2026-05-24-total-11pt5,0.28,0.21,0.07,0.055,2.2,0.07,True,True
2026-07-25T08:41:33+00:00,mlb-stl-cin-2026-05-24,over_ladder,mlb-stl-cin-2026-05-24-total-12pt5,mlb-stl-cin-2026-05-24-total-11pt5,0.28,0.21,0.07,0.055,2.2,0.07,True,True
2026-07-25T08:41:58+00:00,mlb-stl-cin-2026-05-24,over_ladder,mlb-stl-cin-2026-05-24-total-12pt5,mlb-stl-cin-2026-05-24-total-11pt5,0.28,0.21,0.07,0.055,2.2,0.07,True,True
2026-07-25T08:42:23+00:00,mlb-stl-cin-2026-05-24,over_ladder,mlb-stl-cin-2026-05-24-total-12pt5,mlb-stl-cin-2026-05-24-total-11pt5,0.28,0.21,0.07,0.055,2.2,0.07,True,True
2026-07-25T08:42:49+00:00,mlb-stl-cin-2026-05-24,over_ladder,mlb-stl-cin-2026-05-24-total-12pt5,mlb-stl-cin-2026-05-24-total-11pt5,0.28,0.21,0.07,0.055,2.2,0.07,True,True
2026-07-25T08:43:14+00:00,mlb-stl-cin-2026-05-24,over_ladder,mlb-stl-cin-2026-05-24-total-12pt5,mlb-stl-cin-2026-05-24-total-11pt5,0.28,0.21,0.07,0.055,2.2,0.07,True,True
2026-07-25T08:43:39+00:00,mlb-stl-cin-2026-05-24,over_ladder,mlb-stl-cin-2026-05-24-total-12pt5,mlb-stl-cin-2026-05-24-total-11pt5,0.28,0.21,0.07,0.055,2.2,0.07,True,True
2026-07-25T08:44:05+00:00,mlb-stl-cin-2026-05-24,over_ladder,mlb-stl-cin-2026-05-24-total-12pt5,mlb-stl-cin-2026-05-24-total-11pt5,0.28,0.21,0.07,0.055,2.2,0.07,True,True
2026-07-25T08:44:30+00:00,mlb-stl-cin-2026-05-24,over_ladder,mlb-stl-cin-2026-05-24-total-12pt5,mlb-stl-cin-2026-05-24-total-11pt5,0.28,0.21,0.07,0.055,2.2,0.07,True,True
2026-07-25T13:48:07+00:00,mlb-stl-cin-2026-05-24,over_ladder,mlb-stl-cin-2026-05-24-total-12pt5,mlb-stl-cin-2026-05-24-total-11pt5,0.28,0.21,0.07,0.055,2.2,0.07,True,True
2026-07-25T13:48:33+00:00,mlb-stl-cin-2026-05-24,over_ladder,mlb-stl-cin-2026-05-24-total-12pt5,mlb-stl-cin-2026-05-24-total-11pt5,0.28,0.21,0.07,0.055,2.2,0.07,True,True
2026-07-25T13:48:58+00:00,mlb-stl-cin-2026-05-24,over_ladder,mlb-stl-cin-2026-05-24-total-12pt5,mlb-stl-cin-2026-05-24-total-11pt5,0.28,0.21,0.07,0.055,2.2,0.07,True,True
2026-07-25T13:49:24+00:00,mlb-stl-cin-2026-05-24,over_ladder,mlb-stl-cin-2026-05-24-total-12pt5,mlb-stl-cin-2026-05-24-total-11pt5,0.28,0.21,0.07,0.055,2.2,0.07,True,True
2026-07-25T13:49:50+00:00,mlb-stl-cin-2026-05-24,over_ladder,mlb-stl-cin-2026-05-24-total-12pt5,mlb-stl-cin-2026-05-24-total-11pt5,0.28,0.21,0.07,0.055,2.2,0.07,True,True
2026-07-25T13:50:15+00:00,mlb-stl-cin-2026-05-24,over_ladder,mlb-stl-cin-2026-05-24-total-12pt5,mlb-stl-cin-2026-05-24-total-11pt5,0.28,0.21,0.07,0.055,2.2,0.07,True,True
2026-07-25T13:50:41+00:00,mlb-stl-cin-2026-05-24,over_ladder,mlb-stl-cin-2026-05-24-total-12pt5,mlb-stl-cin-2026-05-24-total-11pt5,0.28,0.21,0.07,0.055,2.2,0.07,True,True
2026-07-25T13:51:07+00:00,mlb-stl-cin-2026-05-24,over_ladder,mlb-stl-cin-2026-05-24-total-12pt5,mlb-stl-cin-2026-05-24-total-11pt5,0.28,0.21,0.07,0.055,2.2,0.07,True,True
2026-07-25T13:51:33+00:00,mlb-stl-cin-2026-05-24,over_ladder,mlb-stl-cin-2026-05-24-total-12pt5,mlb-stl-cin-2026-05-24-total-11pt5,0.28,0.21,0.07,0.055,2.2,0.07,True,True
2026-07-25T13:51:58+00:00,mlb-stl-cin-2026-05-24,over_ladder,mlb-stl-cin-2026-05-24-total-12pt5,mlb-stl-cin-2026-05-24-total-11pt5,0.28,0.21,0.07,0.055,2.2,0.07,True,True
2026-07-25T13:52:24+00:00,mlb-stl-cin-2026-05-24,over_ladder,mlb-stl-cin-2026-05-24-total-12pt5,mlb-stl-cin-2026-05-24-total-11pt5,0.28,0.21,0.07,0.055,2.2,0.07,True,True
2026-07-25T13:52:50+00:00,mlb-stl-cin-2026-05-24,over_ladder,mlb-stl-cin-2026-05-24-total-12pt5,mlb-stl-cin-2026-05-24-total-11pt5,0.28,0.21,0.07,0.055,2.2,0.07,True,True
2026-07-25T13:53:15+00:00,mlb-stl-cin-2026-05-24,over_ladder,mlb-stl-cin-2026-05-24-total-12pt5,mlb-stl-cin-2026-05-24-total-11pt5,0.28,0.21,0.07,0.055,2.2,0.07,True,True
2026-07-25T13:53:41+00:00,mlb-stl-cin-2026-05-24,over_ladder,mlb-stl-cin-2026-05-24-total-12pt5,mlb-stl-cin-2026-05-24-total-11pt5,0.28,0.21,0.07,0.055,2.2,0.07,True,True
2026-07-25T13:54:07+00:00,mlb-stl-cin-2026-05-24,over_ladder,mlb-stl-cin-2026-05-24-total-12pt5,mlb-stl-cin-2026-05-24-total-11pt5,0.28,0.21,0.07,0.055,2.2,0.07,True,True
2026-07-25T13:54:33+00:00,mlb-stl-cin-2026-05-24,over_ladder,mlb-stl-cin-2026-05-24-total-12pt5,mlb-stl-cin-2026-05-24-total-11pt5,0.28,0.21,0.07,0.055,2.2,0.07,True,True
2026-07-25T13:54:58+00:00,mlb-stl-cin-2026-05-24,over_ladder,mlb-stl-cin-2026-05-24-total-12pt5,mlb-stl-cin-2026-05-24-total-11pt5,0.28,0.21,0.07,0.055,2.2,0.07,True,True
2026-07-25T13:55:24+00:00,mlb-stl-cin-2026-05-24,over_ladder,mlb-stl-cin-2026-05-24-total-12pt5,mlb-stl-cin-2026-05-24-total-11pt5,0.28,0.21,0.07,0.055,2.2,0.07,True,True
2026-07-25T13:55:50+00:00,mlb-stl-cin-2026-05-24,over_ladder,mlb-stl-cin-2026-05-24-total-12pt5,mlb-stl-cin-2026-05-24-total-11pt5,0.28,0.21,0.07,0.055,2.2,0.07,True,True
2026-07-25T13:56:15+00:00,mlb-stl-cin-2026-05-24,over_ladder,mlb-stl-cin-2026-05-24-total-12pt5,mlb-stl-cin-2026-05-24-total-11pt5,0.28,0.21,0.07,0.055,2.2,0.07,True,True
2026-07-25T13:56:41+00:00,mlb-stl-cin-2026-05-24,over_ladder,mlb-stl-cin-2026-05-24-total-12pt5,mlb-stl-cin-2026-05-24-total-11pt5,0.28,0.21,0.07,0.055,2.2,0.07,True,True
2026-07-25T13:57:07+00:00,mlb-stl-cin-2026-05-24,over_ladder,mlb-stl-cin-2026-05-24-total-12pt5,mlb-stl-cin-2026-05-24-total-11pt5,0.28,0.21,0.07,0.055,2.2,0.07,True,True
2026-07-25T13:57:33+00:00,mlb-stl-cin-2026-05-24,over_ladder,mlb-stl-cin-2026-05-24-total-12pt5,mlb-stl-cin-2026-05-24-total-11pt5,0.28,0.21,0.07,0.055,2.2,0.07,True,True
2026-07-25T13:57:58+00:00,mlb-stl-cin-2026-05-24,over_ladder,mlb-stl-cin-2026-05-24-total-12pt5,mlb-stl-cin-2026-05-24-total-11pt5,0.28,0.21,0.07,0.055,2.2,0.07,True,True
2026-07-25T13:58:25+00:00,mlb-stl-cin-2026-05-24,over_ladder,mlb-stl-cin-2026-05-24-total-12pt5,mlb-stl-cin-2026-05-24-total-11pt5,0.28,0.21,0.07,0.055,2.2,0.07,True,True
2026-07-25T13:58:51+00:00,mlb-stl-cin-2026-05-24,over_ladder,mlb-stl-cin-2026-05-24-total-12pt5,mlb-stl-cin-2026-05-24-total-11pt5,0.28,0.21,0.07,0.055,2.2,0.07,True,True
2026-07-25T13:59:16+00:00,mlb-stl-cin-2026-05-24,over_ladder,mlb-stl-cin-2026-05-24-total-12pt5,mlb-stl-cin-2026-05-24-total-11pt5,0.28,0.21,0.07,0.055,2.2,0.07,True,True
2026-07-25T13:59:42+00:00,mlb-stl-cin-2026-05-24,over_ladder,mlb-stl-cin-2026-05-24-total-12pt5,mlb-stl-cin-2026-05-24-total-11pt5,0.28,0.21,0.07,0.055,2.2,0.07,True,True
2026-07-25T14:00:08+00:00,mlb-stl-cin-2026-05-24,over_ladder,mlb-stl-cin-2026-05-24-total-12pt5,mlb-stl-cin-2026-05-24-total-11pt5,0.28,0.21,0.07,0.055,2.2,0.07,True,True
2026-07-25T14:00:33+00:00,mlb-stl-cin-2026-05-24,over_ladder,mlb-stl-cin-2026-05-24-total-12pt5,mlb-stl-cin-2026-05-24-total-11pt5,0.28,0.21,0.07,0.055,2.2,0.07,True,True
2026-07-25T14:00:59+00:00,mlb-stl-cin-2026-05-24,over_ladder,mlb-stl-cin-2026-05-24-total-12pt5,mlb-stl-cin-2026-05-24-total-11pt5,0.28,0.21,0.07,0.055,2.2,0.07,True,True
2026-07-25T14:01:25+00:00,mlb-stl-cin-2026-05-24,over_ladder,mlb-stl-cin-2026-05-24-total-12pt5,mlb-stl-cin-2026-05-24-total-11pt5,0.28,0.21,0.07,0.055,2.2,0.07,True,True
2026-07-25T14:01:50+00:00,mlb-stl-cin-2026-05-24,over_ladder,mlb-stl-cin-2026-05-24-total-12pt5,mlb-stl-cin-2026-05-24-total-11pt5,0.28,0.21,0.07,0.055,2.2,0.07,True,True
2026-07-25T14:02:16+00:00,mlb-stl-cin-2026-05-24,over_ladder,mlb-stl-cin-2026-05-24-total-12pt5,mlb-stl-cin-2026-05-24-total-11pt5,0.28,0.21,0.07,0.055,2.2,0.07,True,True
2026-07-25T14:02:42+00:00,mlb-stl-cin-2026-05-24,over_ladder,mlb-stl-cin-2026-05-24-total-12pt5,mlb-stl-cin-2026-05-24-total-11pt5,0.28,0.21,0.07,0.055,2.2,0.07,True,True
2026-07-25T14:03:08+00:00,mlb-stl-cin-2026-05-24,over_ladder,mlb-stl-cin-2026-05-24-total-12pt5,mlb-stl-cin-2026-05-24-total-11pt5,0.28,0.21,0.07,0.055,2.2,0.07,True,True
2026-07-25T14:03:33+00:00,mlb-stl-cin-2026-05-24,over_ladder,mlb-stl-cin-2026-05-24-total-12pt5,mlb-stl-cin-2026-05-24-total-11pt5,0.28,0.21,0.07,0.055,2.2,0.07,True,True
2026-07-25T14:03:59+00:00,mlb-stl-cin-2026-05-24,over_ladder,mlb-stl-cin-2026-05-24-total-12pt5,mlb-stl-cin-2026-05-24-total-11pt5,0.28,0.21,0.07,0.055,2.2,0.07,True,True
2026-07-25T14:04:25+00:00,mlb-stl-cin-2026-05-24,over_ladder,mlb-stl-cin-2026-05-24-total-12pt5,mlb-stl-cin-2026-05-24-total-11pt5,0.28,0.21,0.07,0.055,2.2,0.07,True,True
2026-07-25T14:04:51+00:00,mlb-stl-cin-2026-05-24,over_ladder,mlb-stl-cin-2026-05-24-total-12pt5,mlb-stl-cin-2026-05-24-total-11pt5,0.28,0.21,0.07,0.055,2.2,0.07,True,True
2026-07-25T14:05:16+00:00,mlb-stl-cin-2026-05-24,over_ladder,mlb-stl-cin-2026-05-24-total-12pt5,mlb-stl-cin-2026-05-24-total-11pt5,0.28,0.21,0.07,0.055,2.2,0.07,True,True
2026-07-25T14:05:42+00:00,mlb-stl-cin-2026-05-24,over_ladder,mlb-stl-cin-2026-05-24-total-12pt5,mlb-stl-cin-2026-05-24-total-11pt5,0.28,0.21,0.07,0.055,2.2,0.07,True,True
2026-07-25T14:06:08+00:00,mlb-stl-cin-2026-05-24,over_ladder,mlb-stl-cin-2026-05-24-total-12pt5,mlb-stl-cin-2026-05-24-total-11pt5,0.28,0.21,0.07,0.055,2.2,0.07,True,True
2026-07-25T14:06:33+00:00,mlb-stl-cin-2026-05-24,over_ladder,mlb-stl-cin-2026-05-24-total-12pt5,mlb-stl-cin-2026-05-24-total-11pt5,0.28,0.21,0.07,0.055,2.2,0.07,True,True
2026-07-25T14:06:59+00:00,mlb-stl-cin-2026-05-24,over_ladder,mlb-stl-cin-2026-05-24-total-12pt5,mlb-stl-cin-2026-05-24-total-11pt5,0.28,0.21,0.07,0.055,2.2,0.07,True,True
2026-07-25T14:07:25+00:00,mlb-stl-cin-2026-05-24,over_ladder,mlb-stl-cin-2026-05-24-total-12pt5,mlb-stl-cin-2026-05-24-total-11pt5,0.28,0.21,0.07,0.055,2.2,0.07,True,True
2026-07-25T14:07:51+00:00,mlb-stl-cin-2026-05-24,over_ladder,mlb-stl-cin-2026-05-24-total-12pt5,mlb-stl-cin-2026-05-24-total-11pt5,0.28,0.21,0.07,0.055,2.2,0.07,True,True
2026-07-25T14:08:16+00:00,mlb-stl-cin-2026-05-24,over_ladder,mlb-stl-cin-2026-05-24-total-12pt5,mlb-stl-cin-2026-05-24-total-11pt5,0.28,0.21,0.07,0.055,2.2,0.07,True,True
2026-07-25T14:08:43+00:00,mlb-stl-cin-2026-05-24,over_ladder,mlb-stl-cin-2026-05-24-total-12pt5,mlb-stl-cin-2026-05-24-total-11pt5,0.28,0.21,0.07,0.055,2.2,0.07,True,True
2026-07-25T14:09:09+00:00,mlb-stl-cin-2026-05-24,over_ladder,mlb-stl-cin-2026-05-24-total-12pt5,mlb-stl-cin-2026-05-24-total-11pt5,0.28,0.21,0.07,0.055,2.2,0.07,True,True
2026-07-25T14:09:34+00:00,mlb-stl-cin-2026-05-24,over_ladder,mlb-stl-cin-2026-05-24-total-12pt5,mlb-stl-cin-2026-05-24-total-11pt5,0.28,0.21,0.07,0.055,2.2,0.07,True,True
2026-07-25T14:10:00+00:00,mlb-stl-cin-2026-05-24,over_ladder,mlb-stl-cin-2026-05-24-total-12pt5,mlb-stl-cin-2026-05-24-total-11pt5,0.28,0.21,0.07,0.055,2.2,0.07,True,True
2026-07-25T14:10:26+00:00,mlb-stl-cin-2026-05-24,over_ladder,mlb-stl-cin-2026-05-24-total-12pt5,mlb-stl-cin-2026-05-24-total-11pt5,0.28,0.21,0.07,0.055,2.2,0.07,True,True
2026-07-25T14:10:51+00:00,mlb-stl-cin-2026-05-24,over_ladder,mlb-stl-cin-2026-05-24-total-12pt5,mlb-stl-cin-2026-05-24-total-11pt5,0.28,0.21,0.07,0.055,2.2,0.07,True,True
2026-07-25T14:11:17+00:00,mlb-stl-cin-2026-05-24,over_ladder,mlb-stl-cin-2026-05-24-total-12pt5,mlb-stl-cin-2026-05-24-total-11pt5,0.28,0.21,0.07,0.055,2.2,0.07,True,True
2026-07-25T14:11:43+00:00,mlb-stl-cin-2026-05-24,over_ladder,mlb-stl-cin-2026-05-24-total-12pt5,mlb-stl-cin-2026-05-24-total-11pt5,0.28,0.21,0.07,0.055,2.2,0.07,True,True
2026-07-25T14:12:08+00:00,mlb-stl-cin-2026-05-24,over_ladder,mlb-stl-cin-2026-05-24-total-12pt5,mlb-stl-cin-2026-05-24-total-11pt5,0.28,0.21,0.07,0.055,2.2,0.07,True,True
2026-07-25T14:12:34+00:00,mlb-stl-cin-2026-05-24,over_ladder,mlb-stl-cin-2026-05-24-total-12pt5,mlb-stl-cin-2026-05-24-total-11pt5,0.28,0.21,0.07,0.055,2.2,0.07,True,True
2026-07-25T14:13:00+00:00,mlb-stl-cin-2026-05-24,over_ladder,mlb-stl-cin-2026-05-24-total-12pt5,mlb-stl-cin-2026-05-24-total-11pt5,0.28,0.21,0.07,0.055,2.2,0.07,True,True
2026-07-25T14:13:26+00:00,mlb-stl-cin-2026-05-24,over_ladder,mlb-stl-cin-2026-05-24-total-12pt5,mlb-stl-cin-2026-05-24-total-11pt5,0.28,0.21,0.07,0.055,2.2,0.07,True,True
2026-07-25T14:13:51+00:00,mlb-stl-cin-2026-05-24,over_ladder,mlb-stl-cin-2026-05-24-total-12pt5,mlb-stl-cin-2026-05-24-total-11pt5,0.28,0.21,0.07,0.055,2.2,0.07,True,True
2026-07-25T14:14:17+00:00,mlb-stl-cin-2026-05-24,over_ladder,mlb-stl-cin-2026-05-24-total-12pt5,mlb-stl-cin-2026-05-24-total-11pt5,0.28,0.21,0.07,0.055,2.2,0.07,True,True
2026-07-25T14:14:43+00:00,mlb-stl-cin-2026-05-24,over_ladder,mlb-stl-cin-2026-05-24-total-12pt5,mlb-stl-cin-2026-05-24-total-11pt5,0.28,0.21,0.07,0.055,2.2,0.07,True,True
2026-07-25T14:15:08+00:00,mlb-stl-cin-2026-05-24,over_ladder,mlb-stl-cin-2026-05-24-total-12pt5,mlb-stl-cin-2026-05-24-total-11pt5,0.28,0.21,0.07,0.055,2.2,0.07,True,True
2026-07-25T14:15:34+00:00,mlb-stl-cin-2026-05-24,over_ladder,mlb-stl-cin-2026-05-24-total-12pt5,mlb-stl-cin-2026-05-24-total-11pt5,0.28,0.21,0.07,0.055,2.2,0.07,True,True
2026-07-25T14:15:59+00:00,mlb-stl-cin-2026-05-24,over_ladder,mlb-stl-cin-2026-05-24-total-12pt5,mlb-stl-cin-2026-05-24-total-11pt5,0.28,0.21,0.07,0.055,2.2,0.07,True,True
2026-07-25T14:16:25+00:00,mlb-stl-cin-2026-05-24,over_ladder,mlb-stl-cin-2026-05-24-total-12pt5,mlb-stl-cin-2026-05-24-total-11pt5,0.28,0.21,0.07,0.055,2.2,0.07,True,True
2026-07-25T14:16:51+00:00,mlb-stl-cin-2026-05-24,over_ladder,mlb-stl-cin-2026-05-24-total-12pt5,mlb-stl-cin-2026-05-24-total-11pt5,0.28,0.21,0.07,0.055,2.2,0.07,True,True
2026-07-25T14:17:16+00:00,mlb-stl-cin-2026-05-24,over_ladder,mlb-stl-cin-2026-05-24-total-12pt5,mlb-stl-cin-2026-05-24-total-11pt5,0.28,0.21,0.07,0.055,2.2,0.07,True,True
2026-07-25T14:17:42+00:00,mlb-stl-cin-2026-05-24,over_ladder,mlb-stl-cin-2026-05-24-total-12pt5,mlb-stl-cin-2026-05-24-total-11pt5,0.28,0.21,0.07,0.055,2.2,0.07,True,True
2026-07-25T14:18:08+00:00,mlb-stl-cin-2026-05-24,over_ladder,mlb-stl-cin-2026-05-24-total-12pt5,mlb-stl-cin-2026-05-24-total-11pt5,0.28,0.21,0.07,0.055,2.2,0.07,True,True
2026-07-25T14:18:33+00:00,mlb-stl-cin-2026-05-24,over_ladder,mlb-stl-cin-2026-05-24-total-12pt5,mlb-stl-cin-2026-05-24-total-11pt5,0.28,0.21,0.07,0.055,2.2,0.07,True,True
2026-07-25T14:19:00+00:00,mlb-stl-cin-2026-05-24,over_ladder,mlb-stl-cin-2026-05-24-total-12pt5,mlb-stl-cin-2026-05-24-total-11pt5,0.28,0.21,0.07,0.055,2.2,0.07,True,True
2026-07-25T14:19:26+00:00,mlb-stl-cin-2026-05-24,over_ladder,mlb-stl-cin-2026-05-24-total-12pt5,mlb-stl-cin-2026-05-24-total-11pt5,0.28,0.21,0.07,0.055,2.2,0.07,True,True
2026-07-25T14:19:51+00:00,mlb-stl-cin-2026-05-24,over_ladder,mlb-stl-cin-2026-05-24-total-12pt5,mlb-stl-cin-2026-05-24-total-11pt5,0.28,0.21,0.07,0.055,2.2,0.07,True,True
2026-07-25T14:20:17+00:00,mlb-stl-cin-2026-05-24,over_ladder,mlb-stl-cin-2026-05-24-total-12pt5,mlb-stl-cin-2026-05-24-total-11pt5,0.28,0.21,0.07,0.055,2.2,0.07,True,True
2026-07-25T14:20:43+00:00,mlb-stl-cin-2026-05-24,over_ladder,mlb-stl-cin-2026-05-24-total-12pt5,mlb-stl-cin-2026-05-24-total-11pt5,0.28,0.21,0.07,0.055,2.2,0.07,True,True
2026-07-25T14:21:08+00:00,mlb-stl-cin-2026-05-24,over_ladder,mlb-stl-cin-2026-05-24-total-12pt5,mlb-stl-cin-2026-05-24-total-11pt5,0.28,0.21,0.07,0.055,2.2,0.07,True,True
2026-07-25T14:21:34+00:00,mlb-stl-cin-2026-05-24,over_ladder,mlb-stl-cin-2026-05-24-total-12pt5,mlb-stl-cin-2026-05-24-total-11pt5,0.28,0.21,0.07,0.055,2.2,0.07,True,True
2026-07-25T14:22:00+00:00,mlb-stl-cin-2026-05-24,over_ladder,mlb-stl-cin-2026-05-24-total-12pt5,mlb-stl-cin-2026-05-24-total-11pt5,0.28,0.21,0.07,0.055,2.2,0.07,True,True
2026-07-25T14:22:25+00:00,mlb-stl-cin-2026-05-24,over_ladder,mlb-stl-cin-2026-05-24-total-12pt5,mlb-stl-cin-2026-05-24-total-11pt5,0.28,0.21,0.07,0.055,2.2,0.07,True,True
2026-07-25T14:22:51+00:00,mlb-stl-cin-2026-05-24,over_ladder,mlb-stl-cin-2026-05-24-total-12pt5,mlb-stl-cin-2026-05-24-total-11pt5,0.28,0.21,0.07,0.055,2.2,0.07,True,True
2026-07-25T14:23:17+00:00,mlb-stl-cin-2026-05-24,over_ladder,mlb-stl-cin-2026-05-24-total-12pt5,mlb-stl-cin-2026-05-24-total-11pt5,0.28,0.21,0.07,0.055,2.2,0.07,True,True
2026-07-25T14:23:43+00:00,mlb-stl-cin-2026-05-24,over_ladder,mlb-stl-cin-2026-05-24-total-12pt5,mlb-stl-cin-2026-05-24-total-11pt5,0.28,0.21,0.07,0.055,2.2,0.07,True,True
2026-07-25T14:24:08+00:00,mlb-stl-cin-2026-05-24,over_ladder,mlb-stl-cin-2026-05-24-total-12pt5,mlb-stl-cin-2026-05-24-total-11pt5,0.28,0.21,0.07,0.055,2.2,0.07,True,True
2026-07-25T14:24:34+00:00,mlb-stl-cin-2026-05-24,over_ladder,mlb-stl-cin-2026-05-24-total-12pt5,mlb-stl-cin-2026-05-24-total-11pt5,0.28,0.21,0.07,0.055,2.2,0.07,True,True
2026-07-25T14:25:00+00:00,mlb-stl-cin-2026-05-24,over_ladder,mlb-stl-cin-2026-05-24-total-12pt5,mlb-stl-cin-2026-05-24-total-11pt5,0.28,0.21,0.07,0.055,2.2,0.07,True,True
2026-07-25T14:25:26+00:00,mlb-stl-cin-2026-05-24,over_ladder,mlb-stl-cin-2026-05-24-total-12pt5,mlb-stl-cin-2026-05-24-total-11pt5,0.28,0.21,0.07,0.055,2.2,0.07,True,True
2026-07-25T14:25:51+00:00,mlb-stl-cin-2026-05-24,over_ladder,mlb-stl-cin-2026-05-24-total-12pt5,mlb-stl-cin-2026-05-24-total-11pt5,0.28,0.21,0.07,0.055,2.2,0.07,True,True
2026-07-25T14:26:17+00:00,mlb-stl-cin-2026-05-24,over_ladder,mlb-stl-cin-2026-05-24-total-12pt5,mlb-stl-cin-2026-05-24-total-11pt5,0.28,0.21,0.07,0.055,2.2,0.07,True,True
2026-07-25T14:26:43+00:00,mlb-stl-cin-2026-05-24,over_ladder,mlb-stl-cin-2026-05-24-total-12pt5,mlb-stl-cin-2026-05-24-total-11pt5,0.28,0.21,0.07,0.055,2.2,0.07,True,True
2026-07-25T14:27:08+00:00,mlb-stl-cin-2026-05-24,over_ladder,mlb-stl-cin-2026-05-24-total-12pt5,mlb-stl-cin-2026-05-24-total-11pt5,0.28,0.21,0.07,0.055,2.2,0.07,True,True
2026-07-25T14:27:34+00:00,mlb-stl-cin-2026-05-24,over_ladder,mlb-stl-cin-2026-05-24-total-12pt5,mlb-stl-cin-2026-05-24-total-11pt5,0.28,0.21,0.07,0.055,2.2,0.07,True,True
2026-07-25T14:28:00+00:00,mlb-stl-cin-2026-05-24,over_ladder,mlb-stl-cin-2026-05-24-total-12pt5,mlb-stl-cin-2026-05-24-total-11pt5,0.28,0.21,0.07,0.055,2.2,0.07,True,True
2026-07-25T14:28:25+00:00,mlb-stl-cin-2026-05-24,over_ladder,mlb-stl-cin-2026-05-24-total-12pt5,mlb-stl-cin-2026-05-24-total-11pt5,0.28,0.21,0.07,0.055,2.2,0.07,True,True
2026-07-25T14:28:51+00:00,mlb-stl-cin-2026-05-24,over_ladder,mlb-stl-cin-2026-05-24-total-12pt5,mlb-stl-cin-2026-05-24-total-11pt5,0.28,0.21,0.07,0.055,2.2,0.07,True,True
2026-07-25T14:29:18+00:00,mlb-stl-cin-2026-05-24,over_ladder,mlb-stl-cin-2026-05-24-total-12pt5,mlb-stl-cin-2026-05-24-total-11pt5,0.28,0.21,0.07,0.055,2.2,0.07,True,True
2026-07-25T14:29:44+00:00,mlb-stl-cin-2026-05-24,over_ladder,mlb-stl-cin-2026-05-24-total-12pt5,mlb-stl-cin-2026-05-24-total-11pt5,0.28,0.21,0.07,0.055,2.2,0.07,True,True
2026-07-25T14:30:09+00:00,mlb-stl-cin-2026-05-24,over_ladder,mlb-stl-cin-2026-05-24-total-12pt5,mlb-stl-cin-2026-05-24-total-11pt5,0.28,0.21,0.07,0.055,2.2,0.07,True,True
2026-07-25T14:30:35+00:00,mlb-stl-cin-2026-05-24,over_ladder,mlb-stl-cin-2026-05-24-total-12pt5,mlb-stl-cin-2026-05-24-total-11pt5,0.28,0.21,0.07,0.055,2.2,0.07,True,True
2026-07-25T14:31:01+00:00,mlb-stl-cin-2026-05-24,over_ladder,mlb-stl-cin-2026-05-24-total-12pt5,mlb-stl-cin-2026-05-24-total-11pt5,0.28,0.21,0.07,0.055,2.2,0.07,True,True
2026-07-25T14:31:26+00:00,mlb-stl-cin-2026-05-24,over_ladder,mlb-stl-cin-2026-05-24-total-12pt5,mlb-stl-cin-2026-05-24-total-11pt5,0.28,0.21,0.07,0.055,2.2,0.07,True,True
2026-07-25T14:31:52+00:00,mlb-stl-cin-2026-05-24,over_ladder,mlb-stl-cin-2026-05-24-total-12pt5,mlb-stl-cin-2026-05-24-total-11pt5,0.28,0.21,0.07,0.055,2.2,0.07,True,True
2026-07-25T14:32:18+00:00,mlb-stl-cin-2026-05-24,over_ladder,mlb-stl-cin-2026-05-24-total-12pt5,mlb-stl-cin-2026-05-24-total-11pt5,0.28,0.21,0.07,0.055,2.2,0.07,True,True
2026-07-25T14:32:43+00:00,mlb-stl-cin-2026-05-24,over_ladder,mlb-stl-cin-2026-05-24-total-12pt5,mlb-stl-cin-2026-05-24-total-11pt5,0.28,0.21,0.07,0.055,2.2,0.07,True,True
2026-07-25T14:33:09+00:00,mlb-stl-cin-2026-05-24,over_ladder,mlb-stl-cin-2026-05-24-total-12pt5,mlb-stl-cin-2026-05-24-total-11pt5,0.28,0.21,0.07,0.055,2.2,0.07,True,True
2026-07-25T14:33:35+00:00,mlb-stl-cin-2026-05-24,over_ladder,mlb-stl-cin-2026-05-24-total-12pt5,mlb-stl-cin-2026-05-24-total-11pt5,0.28,0.21,0.07,0.055,2.2,0.07,True,True
2026-07-25T14:34:01+00:00,mlb-stl-cin-2026-05-24,over_ladder,mlb-stl-cin-2026-05-24-total-12pt5,mlb-stl-cin-2026-05-24-total-11pt5,0.28,0.21,0.07,0.055,2.2,0.07,True,True
2026-07-25T14:34:26+00:00,mlb-stl-cin-2026-05-24,over_ladder,mlb-stl-cin-2026-05-24-total-12pt5,mlb-stl-cin-2026-05-24-total-11pt5,0.28,0.21,0.07,0.055,2.2,0.07,True,True
2026-07-25T14:34:52+00:00,mlb-stl-cin-2026-05-24,over_ladder,mlb-stl-cin-2026-05-24-total-12pt5,mlb-stl-cin-2026-05-24-total-11pt5,0.28,0.21,0.07,0.055,2.2,0.07,True,True
2026-07-25T14:35:18+00:00,mlb-stl-cin-2026-05-24,over_ladder,mlb-stl-cin-2026-05-24-total-12pt5,mlb-stl-cin-2026-05-24-total-11pt5,0.28,0.21,0.07,0.055,2.2,0.07,True,True
2026-07-25T14:35:44+00:00,mlb-stl-cin-2026-05-24,over_ladder,mlb-stl-cin-2026-05-24-total-12pt5,mlb-stl-cin-2026-05-24-total-11pt5,0.28,0.21,0.07,0.055,2.2,0.07,True,True
2026-07-25T14:36:09+00:00,mlb-stl-cin-2026-05-24,over_ladder,mlb-stl-cin-2026-05-24-total-12pt5,mlb-stl-cin-2026-05-24-total-11pt5,0.28,0.21,0.07,0.055,2.2,0.07,True,True
2026-07-25T14:36:35+00:00,mlb-stl-cin-2026-05-24,over_ladder,mlb-stl-cin-2026-05-24-total-12pt5,mlb-stl-cin-2026-05-24-total-11pt5,0.28,0.21,0.07,0.055,2.2,0.07,True,True
2026-07-25T14:37:01+00:00,mlb-stl-cin-2026-05-24,over_ladder,mlb-stl-cin-2026-05-24-total-12pt5,mlb-stl-cin-2026-05-24-total-11pt5,0.28,0.21,0.07,0.055,2.2,0.07,True,True
2026-07-25T14:37:26+00:00,mlb-stl-cin-2026-05-24,over_ladder,mlb-stl-cin-2026-05-24-total-12pt5,mlb-stl-cin-2026-05-24-total-11pt5,0.28,0.21,0.07,0.055,2.2,0.07,True,True
2026-07-25T14:37:52+00:00,mlb-stl-cin-2026-05-24,over_ladder,mlb-stl-cin-2026-05-24-total-12pt5,mlb-stl-cin-2026-05-24-total-11pt5,0.28,0.21,0.07,0.055,2.2,0.07,True,True
2026-07-25T14:38:18+00:00,mlb-stl-cin-2026-05-24,over_ladder,mlb-stl-cin-2026-05-24-total-12pt5,mlb-stl-cin-2026-05-24-total-11pt5,0.28,0.21,0.07,0.055,2.2,0.07,True,True
2026-07-25T14:38:44+00:00,mlb-stl-cin-2026-05-24,over_ladder,mlb-stl-cin-2026-05-24-total-12pt5,mlb-stl-cin-2026-05-24-total-11pt5,0.28,0.21,0.07,0.055,2.2,0.07,True,True
2026-07-25T14:39:09+00:00,mlb-stl-cin-2026-05-24,over_ladder,mlb-stl-cin-2026-05-24-total-12pt5,mlb-stl-cin-2026-05-24-total-11pt5,0.28,0.21,0.07,0.055,2.2,0.07,True,True
2026-07-25T14:39:36+00:00,mlb-stl-cin-2026-05-24,over_ladder,mlb-stl-cin-2026-05-24-total-12pt5,mlb-stl-cin-2026-05-24-total-11pt5,0.28,0.21,0.07,0.055,2.2,0.07,True,True
2026-07-25T14:40:02+00:00,mlb-stl-cin-2026-05-24,over_ladder,mlb-stl-cin-2026-05-24-total-12pt5,mlb-stl-cin-2026-05-24-total-11pt5,0.28,0.21,0.07,0.055,2.2,0.07,True,True
2026-07-25T14:40:28+00:00,mlb-stl-cin-2026-05-24,over_ladder,mlb-stl-cin-2026-05-24-total-12pt5,mlb-stl-cin-2026-05-24-total-11pt5,0.28,0.21,0.07,0.055,2.2,0.07,True,True
2026-07-25T14:40:53+00:00,mlb-stl-cin-2026-05-24,over_ladder,mlb-stl-cin-2026-05-24-total-12pt5,mlb-stl-cin-2026-05-24-total-11pt5,0.28,0.21,0.07,0.055,2.2,0.07,True,True
2026-07-25T14:41:19+00:00,mlb-stl-cin-2026-05-24,over_ladder,mlb-stl-cin-2026-05-24-total-12pt5,mlb-stl-cin-2026-05-24-total-11pt5,0.28,0.21,0.07,0.055,2.2,0.07,True,True
2026-07-25T14:41:45+00:00,mlb-stl-cin-2026-05-24,over_ladder,mlb-stl-cin-2026-05-24-total-12pt5,mlb-stl-cin-2026-05-24-total-11pt5,0.28,0.21,0.07,0.055,2.2,0.07,True,True
2026-07-25T14:42:10+00:00,mlb-stl-cin-2026-05-24,over_ladder,mlb-stl-cin-2026-05-24-total-12pt5,mlb-stl-cin-2026-05-24-total-11pt5,0.28,0.21,0.07,0.055,2.2,0.07,True,True
2026-07-25T14:42:36+00:00,mlb-stl-cin-2026-05-24,over_ladder,mlb-stl-cin-2026-05-24-total-12pt5,mlb-stl-cin-2026-05-24-total-11pt5,0.28,0.21,0.07,0.055,2.2,0.07,True,True
2026-07-25T14:43:02+00:00,mlb-stl-cin-2026-05-24,over_ladder,mlb-stl-cin-2026-05-24-total-12pt5,mlb-stl-cin-2026-05-24-total-11pt5,0.28,0.21,0.07,0.055,2.2,0.07,True,True
2026-07-25T14:43:28+00:00,mlb-stl-cin-2026-05-24,over_ladder,mlb-stl-cin-2026-05-24-total-12pt5,mlb-stl-cin-2026-05-24-total-11pt5,0.28,0.21,0.07,0.055,2.2,0.07,True,True
2026-07-25T14:43:53+00:00,mlb-stl-cin-2026-05-24,over_ladder,mlb-stl-cin-2026-05-24-total-12pt5,mlb-stl-cin-2026-05-24-total-11pt5,0.28,0.21,0.07,0.055,2.2,0.07,True,True
2026-07-25T14:44:19+00:00,mlb-stl-cin-2026-05-24,over_ladder,mlb-stl-cin-2026-05-24-total-12pt5,mlb-stl-cin-2026-05-24-total-11pt5,0.28,0.21,0.07,0.055,2.2,0.07,True,True
2026-07-25T14:44:45+00:00,mlb-stl-cin-2026-05-24,over_ladder,mlb-stl-cin-2026-05-24-total-12pt5,mlb-stl-cin-2026-05-24-total-11pt5,0.28,0.21,0.07,0.055,2.2,0.07,True,True
2026-07-25T14:45:11+00:00,mlb-stl-cin-2026-05-24,over_ladder,mlb-stl-cin-2026-05-24-total-12pt5,mlb-stl-cin-2026-05-24-total-11pt5,0.28,0.21,0.07,0.055,2.2,0.07,True,True
2026-07-25T14:45:36+00:00,mlb-stl-cin-2026-05-24,over_ladder,mlb-stl-cin-2026-05-24-total-12pt5,mlb-stl-cin-2026-05-24-total-11pt5,0.28,0.21,0.07,0.055,2.2,0.07,True,True
2026-07-25T14:46:02+00:00,mlb-stl-cin-2026-05-24,over_ladder,mlb-stl-cin-2026-05-24-total-12pt5,mlb-stl-cin-2026-05-24-total-11pt5,0.28,0.21,0.07,0.055,2.2,0.07,True,True
2026-07-25T14:46:28+00:00,mlb-stl-cin-2026-05-24,over_ladder,mlb-stl-cin-2026-05-24-total-12pt5,mlb-stl-cin-2026-05-24-total-11pt5,0.28,0.21,0.07,0.055,2.2,0.07,True,True
2026-07-25T14:46:53+00:00,mlb-stl-cin-2026-05-24,over_ladder,mlb-stl-cin-2026-05-24-total-12pt5,mlb-stl-cin-2026-05-24-total-11pt5,0.28,0.21,0.07,0.055,2.2,0.07,True,True
2026-07-25T14:47:19+00:00,mlb-stl-cin-2026-05-24,over_ladder,mlb-stl-cin-2026-05-24-total-12pt5,mlb-stl-cin-2026-05-24-total-11pt5,0.28,0.21,0.07,0.055,2.2,0.07,True,True
2026-07-25T14:47:45+00:00,mlb-stl-cin-2026-05-24,over_ladder,mlb-stl-cin-2026-05-24-total-12pt5,mlb-stl-cin-2026-05-24-total-11pt5,0.28,0.21,0.07,0.055,2.2,0.07,True,True
2026-07-25T14:48:10+00:00,mlb-stl-cin-2026-05-24,over_ladder,mlb-stl-cin-2026-05-24-total-12pt5,mlb-stl-cin-2026-05-24-total-11pt5,0.28,0.21,0.07,0.055,2.2,0.07,True,True
2026-07-25T14:48:36+00:00,mlb-stl-cin-2026-05-24,over_ladder,mlb-stl-cin-2026-05-24-total-12pt5,mlb-stl-cin-2026-05-24-total-11pt5,0.28,0.21,0.07,0.055,2.2,0.07,True,True
2026-07-25T14:49:02+00:00,mlb-stl-cin-2026-05-24,over_ladder,mlb-stl-cin-2026-05-24-total-12pt5,mlb-stl-cin-2026-05-24-total-11pt5,0.28,0.21,0.07,0.055,2.2,0.07,True,True
2026-07-25T14:49:28+00:00,mlb-stl-cin-2026-05-24,over_ladder,mlb-stl-cin-2026-05-24-total-12pt5,mlb-stl-cin-2026-05-24-total-11pt5,0.28,0.21,0.07,0.055,2.2,0.07,True,True
2026-07-25T14:49:54+00:00,mlb-stl-cin-2026-05-24,over_ladder,mlb-stl-cin-2026-05-24-total-12pt5,mlb-stl-cin-2026-05-24-total-11pt5,0.28,0.21,0.07,0.055,2.2,0.07,True,True
2026-07-25T14:50:20+00:00,mlb-stl-cin-2026-05-24,over_ladder,mlb-stl-cin-2026-05-24-total-12pt5,mlb-stl-cin-2026-05-24-total-11pt5,0.28,0.21,0.07,0.055,2.2,0.07,True,True
2026-07-25T14:50:46+00:00,mlb-stl-cin-2026-05-24,over_ladder,mlb-stl-cin-2026-05-24-total-12pt5,mlb-stl-cin-2026-05-24-total-11pt5,0.28,0.21,0.07,0.055,2.2,0.07,True,True
2026-07-25T14:51:12+00:00,mlb-stl-cin-2026-05-24,over_ladder,mlb-stl-cin-2026-05-24-total-12pt5,mlb-stl-cin-2026-05-24-total-11pt5,0.28,0.21,0.07,0.055,2.2,0.07,True,True
2026-07-25T14:51:37+00:00,mlb-stl-cin-2026-05-24,over_ladder,mlb-stl-cin-2026-05-24-total-12pt5,mlb-stl-cin-2026-05-24-total-11pt5,0.28,0.21,0.07,0.055,2.2,0.07,True,True
2026-07-25T14:52:03+00:00,mlb-stl-cin-2026-05-24,over_ladder,mlb-stl-cin-2026-05-24-total-12pt5,mlb-stl-cin-2026-05-24-total-11pt5,0.28,0.21,0.07,0.055,2.2,0.07,True,True
2026-07-25T14:52:29+00:00,mlb-stl-cin-2026-05-24,over_ladder,mlb-stl-cin-2026-05-24-total-12pt5,mlb-stl-cin-2026-05-24-total-11pt5,0.28,0.21,0.07,0.055,2.2,0.07,True,True
2026-07-25T14:52:54+00:00,mlb-stl-cin-2026-05-24,over_ladder,mlb-stl-cin-2026-05-24-total-12pt5,mlb-stl-cin-2026-05-24-total-11pt5,0.28,0.21,0.07,0.055,2.2,0.07,True,True
2026-07-25T14:53:20+00:00,mlb-stl-cin-2026-05-24,over_ladder,mlb-stl-cin-2026-05-24-total-12pt5,mlb-stl-cin-2026-05-24-total-11pt5,0.28,0.21,0.07,0.055,2.2,0.07,True,True
2026-07-25T14:53:46+00:00,mlb-stl-cin-2026-05-24,over_ladder,mlb-stl-cin-2026-05-24-total-12pt5,mlb-stl-cin-2026-05-24-total-11pt5,0.28,0.21,0.07,0.055,2.2,0.07,True,True
2026-07-25T14:54:12+00:00,mlb-stl-cin-2026-05-24,over_ladder,mlb-stl-cin-2026-05-24-total-12pt5,mlb-stl-cin-2026-05-24-total-11pt5,0.28,0.21,0.07,0.055,2.2,0.07,True,True
2026-07-25T14:54:37+00:00,mlb-stl-cin-2026-05-24,over_ladder,mlb-stl-cin-2026-05-24-total-12pt5,mlb-stl-cin-2026-05-24-total-11pt5,0.28,0.21,0.07,0.055,2.2,0.07,True,True
2026-07-25T14:55:03+00:00,mlb-stl-cin-2026-05-24,over_ladder,mlb-stl-cin-2026-05-24-total-12pt5,mlb-stl-cin-2026-05-24-total-11pt5,0.28,0.21,0.07,0.055,2.2,0.07,True,True
2026-07-25T14:55:29+00:00,mlb-stl-cin-2026-05-24,over_ladder,mlb-stl-cin-2026-05-24-total-12pt5,mlb-stl-cin-2026-05-24-total-11pt5,0.28,0.21,0.07,0.055,2.2,0.07,True,True
2026-07-25T14:55:55+00:00,mlb-stl-cin-2026-05-24,over_ladder,mlb-stl-cin-2026-05-24-total-12pt5,mlb-stl-cin-2026-05-24-total-11pt5,0.28,0.21,0.07,0.055,2.2,0.07,True,True
2026-07-25T14:56:20+00:00,mlb-stl-cin-2026-05-24,over_ladder,mlb-stl-cin-2026-05-24-total-12pt5,mlb-stl-cin-2026-05-24-total-11pt5,0.28,0.21,0.07,0.055,2.2,0.07,True,True
2026-07-25T14:56:46+00:00,mlb-stl-cin-2026-05-24,over_ladder,mlb-stl-cin-2026-05-24-total-12pt5,mlb-stl-cin-2026-05-24-total-11pt5,0.28,0.21,0.07,0.055,2.2,0.07,True,True
2026-07-25T14:57:12+00:00,mlb-stl-cin-2026-05-24,over_ladder,mlb-stl-cin-2026-05-24-total-12pt5,mlb-stl-cin-2026-05-24-total-11pt5,0.28,0.21,0.07,0.055,2.2,0.07,True,True
2026-07-25T14:57:37+00:00,mlb-stl-cin-2026-05-24,over_ladder,mlb-stl-cin-2026-05-24-total-12pt5,mlb-stl-cin-2026-05-24-total-11pt5,0.28,0.21,0.07,0.055,2.2,0.07,True,True
2026-07-25T14:58:03+00:00,mlb-stl-cin-2026-05-24,over_ladder,mlb-stl-cin-2026-05-24-total-12pt5,mlb-stl-cin-2026-05-24-total-11pt5,0.28,0.21,0.07,0.055,2.2,0.07,True,True
2026-07-25T14:58:29+00:00,mlb-stl-cin-2026-05-24,over_ladder,mlb-stl-cin-2026-05-24-total-12pt5,mlb-stl-cin-2026-05-24-total-11pt5,0.28,0.21,0.07,0.055,2.2,0.07,True,True
2026-07-25T14:58:54+00:00,mlb-stl-cin-2026-05-24,over_ladder,mlb-stl-cin-2026-05-24-total-12pt5,mlb-stl-cin-2026-05-24-total-11pt5,0.28,0.21,0.07,0.055,2.2,0.07,True,True
2026-07-25T14:59:20+00:00,mlb-stl-cin-2026-05-24,over_ladder,mlb-stl-cin-2026-05-24-total-12pt5,mlb-stl-cin-2026-05-24-total-11pt5,0.28,0.21,0.07,0.055,2.2,0.07,True,True
2026-07-25T14:59:46+00:00,mlb-stl-cin-2026-05-24,over_ladder,mlb-stl-cin-2026-05-24-total-12pt5,mlb-stl-cin-2026-05-24-total-11pt5,0.28,0.21,0.07,0.055,2.2,0.07,True,True
2026-07-25T15:00:12+00:00,mlb-stl-cin-2026-05-24,over_ladder,mlb-stl-cin-2026-05-24-total-12pt5,mlb-stl-cin-2026-05-24-total-11pt5,0.28,0.21,0.07,0.055,2.2,0.07,True,True
2026-07-25T15:00:38+00:00,mlb-stl-cin-2026-05-24,over_ladder,mlb-stl-cin-2026-05-24-total-12pt5,mlb-stl-cin-2026-05-24-total-11pt5,0.28,0.21,0.07,0.055,2.2,0.07,True,True
2026-07-25T15:01:04+00:00,mlb-stl-cin-2026-05-24,over_ladder,mlb-stl-cin-2026-05-24-total-12pt5,mlb-stl-cin-2026-05-24-total-11pt5,0.28,0.21,0.07,0.055,2.2,0.07,True,True
2026-07-25T15:01:30+00:00,mlb-stl-cin-2026-05-24,over_ladder,mlb-stl-cin-2026-05-24-total-12pt5,mlb-stl-cin-2026-05-24-total-11pt5,0.28,0.21,0.07,0.055,2.2,0.07,True,True
2026-07-25T15:01:55+00:00,mlb-stl-cin-2026-05-24,over_ladder,mlb-stl-cin-2026-05-24-total-12pt5,mlb-stl-cin-2026-05-24-total-11pt5,0.28,0.21,0.07,0.055,2.2,0.07,True,True
2026-07-25T15:02:21+00:00,mlb-stl-cin-2026-05-24,over_ladder,mlb-stl-cin-2026-05-24-total-12pt5,mlb-stl-cin-2026-05-24-total-11pt5,0.28,0.21,0.07,0.055,2.2,0.07,True,True
2026-07-25T15:02:47+00:00,mlb-stl-cin-2026-05-24,over_ladder,mlb-stl-cin-2026-05-24-total-12pt5,mlb-stl-cin-2026-05-24-total-11pt5,0.28,0.21,0.07,0.055,2.2,0.07,True,True
2026-07-25T15:03:12+00:00,mlb-stl-cin-2026-05-24,over_ladder,mlb-stl-cin-2026-05-24-total-12pt5,mlb-stl-cin-2026-05-24-total-11pt5,0.28,0.21,0.07,0.055,2.2,0.07,True,True
2026-07-25T15:03:38+00:00,mlb-stl-cin-2026-05-24,over_ladder,mlb-stl-cin-2026-05-24-total-12pt5,mlb-stl-cin-2026-05-24-total-11pt5,0.28,0.21,0.07,0.055,2.2,0.07,True,True
2026-07-25T15:04:04+00:00,mlb-stl-cin-2026-05-24,over_ladder,mlb-stl-cin-2026-05-24-total-12pt5,mlb-stl-cin-2026-05-24-total-11pt5,0.28,0.21,0.07,0.055,2.2,0.07,True,True
2026-07-25T15:04:30+00:00,mlb-stl-cin-2026-05-24,over_ladder,mlb-stl-cin-2026-05-24-total-12pt5,mlb-stl-cin-2026-05-24-total-11pt5,0.28,0.21,0.07,0.055,2.2,0.07,True,True
2026-07-25T15:04:55+00:00,mlb-stl-cin-2026-05-24,over_ladder,mlb-stl-cin-2026-05-24-total-12pt5,mlb-stl-cin-2026-05-24-total-11pt5,0.28,0.21,0.07,0.055,2.2,0.07,True,True
2026-07-25T15:05:21+00:00,mlb-stl-cin-2026-05-24,over_ladder,mlb-stl-cin-2026-05-24-total-12pt5,mlb-stl-cin-2026-05-24-total-11pt5,0.28,0.21,0.07,0.055,2.2,0.07,True,True
2026-07-25T15:05:47+00:00,mlb-stl-cin-2026-05-24,over_ladder,mlb-stl-cin-2026-05-24-total-12pt5,mlb-stl-cin-2026-05-24-total-11pt5,0.28,0.21,0.07,0.055,2.2,0.07,True,True
2026-07-25T15:06:13+00:00,mlb-stl-cin-2026-05-24,over_ladder,mlb-stl-cin-2026-05-24-total-12pt5,mlb-stl-cin-2026-05-24-total-11pt5,0.28,0.21,0.07,0.055,2.2,0.07,True,True
2026-07-25T15:06:38+00:00,mlb-stl-cin-2026-05-24,over_ladder,mlb-stl-cin-2026-05-24-total-12pt5,mlb-stl-cin-2026-05-24-total-11pt5,0.28,0.21,0.07,0.055,2.2,0.07,True,True
2026-07-25T15:07:04+00:00,mlb-stl-cin-2026-05-24,over_ladder,mlb-stl-cin-2026-05-24-total-12pt5,mlb-stl-cin-2026-05-24-total-11pt5,0.28,0.21,0.07,0.055,2.2,0.07,True,True
2026-07-25T15:07:30+00:00,mlb-stl-cin-2026-05-24,over_ladder,mlb-stl-cin-2026-05-24-total-12pt5,mlb-stl-cin-2026-05-24-total-11pt5,0.28,0.21,0.07,0.055,2.2,0.07,True,True
2026-07-25T15:07:55+00:00,mlb-stl-cin-2026-05-24,over_ladder,mlb-stl-cin-2026-05-24-total-12pt5,mlb-stl-cin-2026-05-24-total-11pt5,0.28,0.21,0.07,0.055,2.2,0.07,True,True
2026-07-25T15:08:21+00:00,mlb-stl-cin-2026-05-24,over_ladder,mlb-stl-cin-2026-05-24-total-12pt5,mlb-stl-cin-2026-05-24-total-11pt5,0.28,0.21,0.07,0.055,2.2,0.07,True,True
2026-07-25T15:08:47+00:00,mlb-stl-cin-2026-05-24,over_ladder,mlb-stl-cin-2026-05-24-total-12pt5,mlb-stl-cin-2026-05-24-total-11pt5,0.28,0.21,0.07,0.055,2.2,0.07,True,True
2026-07-25T15:09:13+00:00,mlb-stl-cin-2026-05-24,over_ladder,mlb-stl-cin-2026-05-24-total-12pt5,mlb-stl-cin-2026-05-24-total-11pt5,0.28,0.21,0.07,0.055,2.2,0.07,True,True
2026-07-25T15:09:38+00:00,mlb-stl-cin-2026-05-24,over_ladder,mlb-stl-cin-2026-05-24-total-12pt5,mlb-stl-cin-2026-05-24-total-11pt5,0.28,0.21,0.07,0.055,2.2,0.07,True,True
2026-07-25T15:10:04+00:00,mlb-stl-cin-2026-05-24,over_ladder,mlb-stl-cin-2026-05-24-total-12pt5,mlb-stl-cin-2026-05-24-total-11pt5,0.28,0.21,0.07,0.055,2.2,0.07,True,True
2026-07-25T15:10:31+00:00,mlb-stl-cin-2026-05-24,over_ladder,mlb-stl-cin-2026-05-24-total-12pt5,mlb-stl-cin-2026-05-24-total-11pt5,0.28,0.21,0.07,0.055,2.2,0.07,True,True
2026-07-25T15:10:56+00:00,mlb-stl-cin-2026-05-24,over_ladder,mlb-stl-cin-2026-05-24-total-12pt5,mlb-stl-cin-2026-05-24-total-11pt5,0.28,0.21,0.07,0.055,2.2,0.07,True,True
2026-07-25T15:11:22+00:00,mlb-stl-cin-2026-05-24,over_ladder,mlb-stl-cin-2026-05-24-total-12pt5,mlb-stl-cin-2026-05-24-total-11pt5,0.28,0.21,0.07,0.055,2.2,0.07,True,True
2026-07-25T15:11:48+00:00,mlb-stl-cin-2026-05-24,over_ladder,mlb-stl-cin-2026-05-24-total-12pt5,mlb-stl-cin-2026-05-24-total-11pt5,0.28,0.21,0.07,0.055,2.2,0.07,True,True
2026-07-25T15:12:13+00:00,mlb-stl-cin-2026-05-24,over_ladder,mlb-stl-cin-2026-05-24-total-12pt5,mlb-stl-cin-2026-05-24-total-11pt5,0.28,0.21,0.07,0.055,2.2,0.07,True,True
2026-07-25T15:12:39+00:00,mlb-stl-cin-2026-05-24,over_ladder,mlb-stl-cin-2026-05-24-total-12pt5,mlb-stl-cin-2026-05-24-total-11pt5,0.28,0.21,0.07,0.055,2.2,0.07,True,True
2026-07-25T15:13:05+00:00,mlb-stl-cin-2026-05-24,over_ladder,mlb-stl-cin-2026-05-24-total-12pt5,mlb-stl-cin-2026-05-24-total-11pt5,0.28,0.21,0.07,0.055,2.2,0.07,True,True
2026-07-25T15:13:30+00:00,mlb-stl-cin-2026-05-24,over_ladder,mlb-stl-cin-2026-05-24-total-12pt5,mlb-stl-cin-2026-05-24-total-11pt5,0.28,0.21,0.07,0.055,2.2,0.07,True,True
2026-07-25T15:13:56+00:00,mlb-stl-cin-2026-05-24,over_ladder,mlb-stl-cin-2026-05-24-total-12pt5,mlb-stl-cin-2026-05-24-total-11pt5,0.28,0.21,0.07,0.055,2.2,0.07,True,True
2026-07-25T15:14:22+00:00,mlb-stl-cin-2026-05-24,over_ladder,mlb-stl-cin-2026-05-24-total-12pt5,mlb-stl-cin-2026-05-24-total-11pt5,0.28,0.21,0.07,0.055,2.2,0.07,True,True
2026-07-25T15:14:48+00:00,mlb-stl-cin-2026-05-24,over_ladder,mlb-stl-cin-2026-05-24-total-12pt5,mlb-stl-cin-2026-05-24-total-11pt5,0.28,0.21,0.07,0.055,2.2,0.07,True,True
2026-07-25T15:15:13+00:00,mlb-stl-cin-2026-05-24,over_ladder,mlb-stl-cin-2026-05-24-total-12pt5,mlb-stl-cin-2026-05-24-total-11pt5,0.28,0.21,0.07,0.055,2.2,0.07,True,True
2026-07-25T15:15:39+00:00,mlb-stl-cin-2026-05-24,over_ladder,mlb-stl-cin-2026-05-24-total-12pt5,mlb-stl-cin-2026-05-24-total-11pt5,0.28,0.21,0.07,0.055,2.2,0.07,True,True
2026-07-25T15:16:05+00:00,mlb-stl-cin-2026-05-24,over_ladder,mlb-stl-cin-2026-05-24-total-12pt5,mlb-stl-cin-2026-05-24-total-11pt5,0.28,0.21,0.07,0.055,2.2,0.07,True,True
2026-07-25T15:16:31+00:00,mlb-stl-cin-2026-05-24,over_ladder,mlb-stl-cin-2026-05-24-total-12pt5,mlb-stl-cin-2026-05-24-total-11pt5,0.28,0.21,0.07,0.055,2.2,0.07,True,True
2026-07-25T15:16:56+00:00,mlb-stl-cin-2026-05-24,over_ladder,mlb-stl-cin-2026-05-24-total-12pt5,mlb-stl-cin-2026-05-24-total-11pt5,0.28,0.21,0.07,0.055,2.2,0.07,True,True
2026-07-25T15:17:22+00:00,mlb-stl-cin-2026-05-24,over_ladder,mlb-stl-cin-2026-05-24-total-12pt5,mlb-stl-cin-2026-05-24-total-11pt5,0.28,0.21,0.07,0.055,2.2,0.07,True,True
2026-07-25T15:17:48+00:00,mlb-stl-cin-2026-05-24,over_ladder,mlb-stl-cin-2026-05-24-total-12pt5,mlb-stl-cin-2026-05-24-total-11pt5,0.28,0.21,0.07,0.055,2.2,0.07,True,True
2026-07-25T15:17:48+00:00,fin1-mar-aco-2026-07-25-more-markets,cover_ladder,fin1-mar-aco-2026-07-25-spread-home-2pt5,fin1-mar-aco-2026-07-25-spread-home-1pt5,0.02,0.01,0.01,0.007,5.4,0.01,True,True
2026-07-25T15:18:13+00:00,mlb-stl-cin-2026-05-24,over_ladder,mlb-stl-cin-2026-05-24-total-12pt5,mlb-stl-cin-2026-05-24-total-11pt5,0.28,0.21,0.07,0.055,2.2,0.07,True,True
2026-07-25T15:18:39+00:00,mlb-stl-cin-2026-05-24,over_ladder,mlb-stl-cin-2026-05-24-total-12pt5,mlb-stl-cin-2026-05-24-total-11pt5,0.28,0.21,0.07,0.055,2.2,0.07,True,True
2026-07-25T15:19:05+00:00,mlb-stl-cin-2026-05-24,over_ladder,mlb-stl-cin-2026-05-24-total-12pt5,mlb-stl-cin-2026-05-24-total-11pt5,0.28,0.21,0.07,0.055,2.2,0.07,True,True
2026-07-25T15:19:31+00:00,mlb-stl-cin-2026-05-24,over_ladder,mlb-stl-cin-2026-05-24-total-12pt5,mlb-stl-cin-2026-05-24-total-11pt5,0.28,0.21,0.07,0.055,2.2,0.07,True,True
2026-07-25T15:19:56+00:00,mlb-stl-cin-2026-05-24,over_ladder,mlb-stl-cin-2026-05-24-total-12pt5,mlb-stl-cin-2026-05-24-total-11pt5,0.28,0.21,0.07,0.055,2.2,0.07,True,True
2026-07-25T15:20:22+00:00,mlb-stl-cin-2026-05-24,over_ladder,mlb-stl-cin-2026-05-24-total-12pt5,mlb-stl-cin-2026-05-24-total-11pt5,0.28,0.21,0.07,0.055,2.2,0.07,True,True
2026-07-25T15:20:49+00:00,mlb-stl-cin-2026-05-24,over_ladder,mlb-stl-cin-2026-05-24-total-12pt5,mlb-stl-cin-2026-05-24-total-11pt5,0.28,0.21,0.07,0.055,2.2,0.07,True,True
2026-07-25T15:21:14+00:00,mlb-stl-cin-2026-05-24,over_ladder,mlb-stl-cin-2026-05-24-total-12pt5,mlb-stl-cin-2026-05-24-total-11pt5,0.28,0.21,0.07,0.055,2.2,0.07,True,True
2026-07-25T15:21:40+00:00,mlb-stl-cin-2026-05-24,over_ladder,mlb-stl-cin-2026-05-24-total-12pt5,mlb-stl-cin-2026-05-24-total-11pt5,0.28,0.21,0.07,0.055,2.2,0.07,True,True
2026-07-25T15:22:06+00:00,mlb-stl-cin-2026-05-24,over_ladder,mlb-stl-cin-2026-05-24-total-12pt5,mlb-stl-cin-2026-05-24-total-11pt5,0.28,0.21,0.07,0.055,2.2,0.07,True,True
2026-07-25T15:22:32+00:00,mlb-stl-cin-2026-05-24,over_ladder,mlb-stl-cin-2026-05-24-total-12pt5,mlb-stl-cin-2026-05-24-total-11pt5,0.28,0.21,0.07,0.055,2.2,0.07,True,True
2026-07-25T15:22:57+00:00,mlb-stl-cin-2026-05-24,over_ladder,mlb-stl-cin-2026-05-24-total-12pt5,mlb-stl-cin-2026-05-24-total-11pt5,0.28,0.21,0.07,0.055,2.2,0.07,True,True
2026-07-25T15:23:23+00:00,mlb-stl-cin-2026-05-24,over_ladder,mlb-stl-cin-2026-05-24-total-12pt5,mlb-stl-cin-2026-05-24-total-11pt5,0.28,0.21,0.07,0.055,2.2,0.07,True,True
2026-07-25T15:23:49+00:00,mlb-stl-cin-2026-05-24,over_ladder,mlb-stl-cin-2026-05-24-total-12pt5,mlb-stl-cin-2026-05-24-total-11pt5,0.28,0.21,0.07,0.055,2.2,0.07,True,True
2026-07-25T15:24:14+00:00,mlb-stl-cin-2026-05-24,over_ladder,mlb-stl-cin-2026-05-24-total-12pt5,mlb-stl-cin-2026-05-24-total-11pt5,0.28,0.21,0.07,0.055,2.2,0.07,True,True
2026-07-25T15:24:40+00:00,mlb-stl-cin-2026-05-24,over_ladder,mlb-stl-cin-2026-05-24-total-12pt5,mlb-stl-cin-2026-05-24-total-11pt5,0.28,0.21,0.07,0.055,2.2,0.07,True,True
2026-07-25T15:25:06+00:00,mlb-stl-cin-2026-05-24,over_ladder,mlb-stl-cin-2026-05-24-total-12pt5,mlb-stl-cin-2026-05-24-total-11pt5,0.28,0.21,0.07,0.055,2.2,0.07,True,True
2026-07-25T15:25:32+00:00,mlb-stl-cin-2026-05-24,over_ladder,mlb-stl-cin-2026-05-24-total-12pt5,mlb-stl-cin-2026-05-24-total-11pt5,0.28,0.21,0.07,0.055,2.2,0.07,True,True
2026-07-25T15:25:57+00:00,mlb-stl-cin-2026-05-24,over_ladder,mlb-stl-cin-2026-05-24-total-12pt5,mlb-stl-cin-2026-05-24-total-11pt5,0.28,0.21,0.07,0.055,2.2,0.07,True,True
2026-07-25T15:26:23+00:00,mlb-stl-cin-2026-05-24,over_ladder,mlb-stl-cin-2026-05-24-total-12pt5,mlb-stl-cin-2026-05-24-total-11pt5,0.28,0.21,0.07,0.055,2.2,0.07,True,True
2026-07-25T15:26:49+00:00,mlb-stl-cin-2026-05-24,over_ladder,mlb-stl-cin-2026-05-24-total-12pt5,mlb-stl-cin-2026-05-24-total-11pt5,0.28,0.21,0.07,0.055,2.2,0.07,True,True
2026-07-25T15:27:15+00:00,mlb-stl-cin-2026-05-24,over_ladder,mlb-stl-cin-2026-05-24-total-12pt5,mlb-stl-cin-2026-05-24-total-11pt5,0.28,0.21,0.07,0.055,2.2,0.07,True,True
2026-07-25T15:27:40+00:00,mlb-stl-cin-2026-05-24,over_ladder,mlb-stl-cin-2026-05-24-total-12pt5,mlb-stl-cin-2026-05-24-total-11pt5,0.28,0.21,0.07,0.055,2.2,0.07,True,True
2026-07-25T15:28:06+00:00,mlb-stl-cin-2026-05-24,over_ladder,mlb-stl-cin-2026-05-24-total-12pt5,mlb-stl-cin-2026-05-24-total-11pt5,0.28,0.21,0.07,0.055,2.2,0.07,True,True
2026-07-25T15:28:32+00:00,mlb-stl-cin-2026-05-24,over_ladder,mlb-stl-cin-2026-05-24-total-12pt5,mlb-stl-cin-2026-05-24-total-11pt5,0.28,0.21,0.07,0.055,2.2,0.07,True,True
2026-07-25T15:28:57+00:00,mlb-stl-cin-2026-05-24,over_ladder,mlb-stl-cin-2026-05-24-total-12pt5,mlb-stl-cin-2026-05-24-total-11pt5,0.28,0.21,0.07,0.055,2.2,0.07,True,True
2026-07-25T15:29:23+00:00,mlb-stl-cin-2026-05-24,over_ladder,mlb-stl-cin-2026-05-24-total-12pt5,mlb-stl-cin-2026-05-24-total-11pt5,0.28,0.21,0.07,0.055,2.2,0.07,True,True
2026-07-25T15:29:49+00:00,mlb-stl-cin-2026-05-24,over_ladder,mlb-stl-cin-2026-05-24-total-12pt5,mlb-stl-cin-2026-05-24-total-11pt5,0.28,0.21,0.07,0.055,2.2,0.07,True,True
2026-07-25T15:30:14+00:00,mlb-stl-cin-2026-05-24,over_ladder,mlb-stl-cin-2026-05-24-total-12pt5,mlb-stl-cin-2026-05-24-total-11pt5,0.28,0.21,0.07,0.055,2.2,0.07,True,True
2026-07-25T15:30:40+00:00,mlb-stl-cin-2026-05-24,over_ladder,mlb-stl-cin-2026-05-24-total-12pt5,mlb-stl-cin-2026-05-24-total-11pt5,0.28,0.21,0.07,0.055,2.2,0.07,True,True
2026-07-25T15:31:07+00:00,mlb-stl-cin-2026-05-24,over_ladder,mlb-stl-cin-2026-05-24-total-12pt5,mlb-stl-cin-2026-05-24-total-11pt5,0.28,0.21,0.07,0.055,2.2,0.07,True,True
2026-07-25T15:31:33+00:00,mlb-stl-cin-2026-05-24,over_ladder,mlb-stl-cin-2026-05-24-total-12pt5,mlb-stl-cin-2026-05-24-total-11pt5,0.28,0.21,0.07,0.055,2.2,0.07,True,True
2026-07-25T15:31:58+00:00,mlb-stl-cin-2026-05-24,over_ladder,mlb-stl-cin-2026-05-24-total-12pt5,mlb-stl-cin-2026-05-24-total-11pt5,0.28,0.21,0.07,0.055,2.2,0.07,True,True
2026-07-25T15:32:24+00:00,mlb-stl-cin-2026-05-24,over_ladder,mlb-stl-cin-2026-05-24-total-12pt5,mlb-stl-cin-2026-05-24-total-11pt5,0.28,0.21,0.07,0.055,2.2,0.07,True,True
2026-07-25T15:32:50+00:00,mlb-stl-cin-2026-05-24,over_ladder,mlb-stl-cin-2026-05-24-total-12pt5,mlb-stl-cin-2026-05-24-total-11pt5,0.28,0.21,0.07,0.055,2.2,0.07,True,True
2026-07-25T15:33:16+00:00,mlb-stl-cin-2026-05-24,over_ladder,mlb-stl-cin-2026-05-24-total-12pt5,mlb-stl-cin-2026-05-24-total-11pt5,0.28,0.21,0.07,0.055,2.2,0.07,True,True
2026-07-25T15:33:41+00:00,mlb-stl-cin-2026-05-24,over_ladder,mlb-stl-cin-2026-05-24-total-12pt5,mlb-stl-cin-2026-05-24-total-11pt5,0.28,0.21,0.07,0.055,2.2,0.07,True,True
2026-07-25T15:34:07+00:00,mlb-stl-cin-2026-05-24,over_ladder,mlb-stl-cin-2026-05-24-total-12pt5,mlb-stl-cin-2026-05-24-total-11pt5,0.28,0.21,0.07,0.055,2.2,0.07,True,True
2026-07-25T15:34:33+00:00,mlb-stl-cin-2026-05-24,over_ladder,mlb-stl-cin-2026-05-24-total-12pt5,mlb-stl-cin-2026-05-24-total-11pt5,0.28,0.21,0.07,0.055,2.2,0.07,True,True
2026-07-25T15:34:58+00:00,mlb-stl-cin-2026-05-24,over_ladder,mlb-stl-cin-2026-05-24-total-12pt5,mlb-stl-cin-2026-05-24-total-11pt5,0.28,0.21,0.07,0.055,2.2,0.07,True,True
2026-07-25T15:35:24+00:00,mlb-stl-cin-2026-05-24,over_ladder,mlb-stl-cin-2026-05-24-total-12pt5,mlb-stl-cin-2026-05-24-total-11pt5,0.28,0.21,0.07,0.055,2.2,0.07,True,True
2026-07-25T15:35:50+00:00,mlb-stl-cin-2026-05-24,over_ladder,mlb-stl-cin-2026-05-24-total-12pt5,mlb-stl-cin-2026-05-24-total-11pt5,0.28,0.21,0.07,0.055,2.2,0.07,True,True
2026-07-25T15:36:15+00:00,mlb-stl-cin-2026-05-24,over_ladder,mlb-stl-cin-2026-05-24-total-12pt5,mlb-stl-cin-2026-05-24-total-11pt5,0.28,0.21,0.07,0.055,2.2,0.07,True,True
2026-07-25T15:36:41+00:00,mlb-stl-cin-2026-05-24,over_ladder,mlb-stl-cin-2026-05-24-total-12pt5,mlb-stl-cin-2026-05-24-total-11pt5,0.28,0.21,0.07,0.055,2.2,0.07,True,True
2026-07-25T15:37:07+00:00,mlb-stl-cin-2026-05-24,over_ladder,mlb-stl-cin-2026-05-24-total-12pt5,mlb-stl-cin-2026-05-24-total-11pt5,0.28,0.21,0.07,0.055,2.2,0.07,True,True
2026-07-25T15:37:33+00:00,mlb-stl-cin-2026-05-24,over_ladder,mlb-stl-cin-2026-05-24-total-12pt5,mlb-stl-cin-2026-05-24-total-11pt5,0.28,0.21,0.07,0.055,2.2,0.07,True,True
2026-07-25T15:37:58+00:00,mlb-stl-cin-2026-05-24,over_ladder,mlb-stl-cin-2026-05-24-total-12pt5,mlb-stl-cin-2026-05-24-total-11pt5,0.28,0.21,0.07,0.055,2.2,0.07,True,True
2026-07-25T15:38:24+00:00,mlb-stl-cin-2026-05-24,over_ladder,mlb-stl-cin-2026-05-24-total-12pt5,mlb-stl-cin-2026-05-24-total-11pt5,0.28,0.21,0.07,0.055,2.2,0.07,True,True
2026-07-25T15:38:50+00:00,mlb-stl-cin-2026-05-24,over_ladder,mlb-stl-cin-2026-05-24-total-12pt5,mlb-stl-cin-2026-05-24-total-11pt5,0.28,0.21,0.07,0.055,2.2,0.07,True,True
2026-07-25T15:39:15+00:00,mlb-stl-cin-2026-05-24,over_ladder,mlb-stl-cin-2026-05-24-total-12pt5,mlb-stl-cin-2026-05-24-total-11pt5,0.28,0.21,0.07,0.055,2.2,0.07,True,True
2026-07-25T15:39:41+00:00,mlb-stl-cin-2026-05-24,over_ladder,mlb-stl-cin-2026-05-24-total-12pt5,mlb-stl-cin-2026-05-24-total-11pt5,0.28,0.21,0.07,0.055,2.2,0.07,True,True
2026-07-25T15:40:07+00:00,mlb-stl-cin-2026-05-24,over_ladder,mlb-stl-cin-2026-05-24-total-12pt5,mlb-stl-cin-2026-05-24-total-11pt5,0.28,0.21,0.07,0.055,2.2,0.07,True,True
2026-07-25T15:40:33+00:00,mlb-stl-cin-2026-05-24,over_ladder,mlb-stl-cin-2026-05-24-total-12pt5,mlb-stl-cin-2026-05-24-total-11pt5,0.28,0.21,0.07,0.055,2.2,0.07,True,True
2026-07-25T15:40:58+00:00,mlb-stl-cin-2026-05-24,over_ladder,mlb-stl-cin-2026-05-24-total-12pt5,mlb-stl-cin-2026-05-24-total-11pt5,0.28,0.21,0.07,0.055,2.2,0.07,True,True
2026-07-25T15:41:25+00:00,mlb-stl-cin-2026-05-24,over_ladder,mlb-stl-cin-2026-05-24-total-12pt5,mlb-stl-cin-2026-05-24-total-11pt5,0.28,0.21,0.07,0.055,2.2,0.07,True,True
2026-07-25T15:41:51+00:00,mlb-stl-cin-2026-05-24,over_ladder,mlb-stl-cin-2026-05-24-total-12pt5,mlb-stl-cin-2026-05-24-total-11pt5,0.28,0.21,0.07,0.055,2.2,0.07,True,True
2026-07-25T15:42:17+00:00,mlb-stl-cin-2026-05-24,over_ladder,mlb-stl-cin-2026-05-24-total-12pt5,mlb-stl-cin-2026-05-24-total-11pt5,0.28,0.21,0.07,0.055,2.2,0.07,True,True
2026-07-25T15:42:42+00:00,mlb-stl-cin-2026-05-24,over_ladder,mlb-stl-cin-2026-05-24-total-12pt5,mlb-stl-cin-2026-05-24-total-11pt5,0.28,0.21,0.07,0.055,2.2,0.07,True,True
2026-07-25T15:43:08+00:00,mlb-stl-cin-2026-05-24,over_ladder,mlb-stl-cin-2026-05-24-total-12pt5,mlb-stl-cin-2026-05-24-total-11pt5,0.28,0.21,0.07,0.055,2.2,0.07,True,True
2026-07-25T15:43:34+00:00,mlb-stl-cin-2026-05-24,over_ladder,mlb-stl-cin-2026-05-24-total-12pt5,mlb-stl-cin-2026-05-24-total-11pt5,0.28,0.21,0.07,0.055,2.2,0.07,True,True
2026-07-25T15:44:00+00:00,mlb-stl-cin-2026-05-24,over_ladder,mlb-stl-cin-2026-05-24-total-12pt5,mlb-stl-cin-2026-05-24-total-11pt5,0.28,0.21,0.07,0.055,2.2,0.07,True,True
2026-07-25T15:44:25+00:00,mlb-stl-cin-2026-05-24,over_ladder,mlb-stl-cin-2026-05-24-total-12pt5,mlb-stl-cin-2026-05-24-total-11pt5,0.28,0.21,0.07,0.055,2.2,0.07,True,True
2026-07-25T15:44:51+00:00,mlb-stl-cin-2026-05-24,over_ladder,mlb-stl-cin-2026-05-24-total-12pt5,mlb-stl-cin-2026-05-24-total-11pt5,0.28,0.21,0.07,0.055,2.2,0.07,True,True
2026-07-25T15:45:17+00:00,mlb-stl-cin-2026-05-24,over_ladder,mlb-stl-cin-2026-05-24-total-12pt5,mlb-stl-cin-2026-05-24-total-11pt5,0.28,0.21,0.07,0.055,2.2,0.07,True,True
2026-07-25T15:45:42+00:00,mlb-stl-cin-2026-05-24,over_ladder,mlb-stl-cin-2026-05-24-total-12pt5,mlb-stl-cin-2026-05-24-total-11pt5,0.28,0.21,0.07,0.055,2.2,0.07,True,True
2026-07-25T15:46:08+00:00,mlb-stl-cin-2026-05-24,over_ladder,mlb-stl-cin-2026-05-24-total-12pt5,mlb-stl-cin-2026-05-24-total-11pt5,0.28,0.21,0.07,0.055,2.2,0.07,True,True
2026-07-25T15:46:34+00:00,mlb-stl-cin-2026-05-24,over_ladder,mlb-stl-cin-2026-05-24-total-12pt5,mlb-stl-cin-2026-05-24-total-11pt5,0.28,0.21,0.07,0.055,2.2,0.07,True,True
2026-07-25T15:47:00+00:00,mlb-stl-cin-2026-05-24,over_ladder,mlb-stl-cin-2026-05-24-total-12pt5,mlb-stl-cin-2026-05-24-total-11pt5,0.28,0.21,0.07,0.055,2.2,0.07,True,True
2026-07-25T15:47:25+00:00,mlb-stl-cin-2026-05-24,over_ladder,mlb-stl-cin-2026-05-24-total-12pt5,mlb-stl-cin-2026-05-24-total-11pt5,0.28,0.21,0.07,0.055,2.2,0.07,True,True
2026-07-25T15:47:51+00:00,mlb-stl-cin-2026-05-24,over_ladder,mlb-stl-cin-2026-05-24-total-12pt5,mlb-stl-cin-2026-05-24-total-11pt5,0.28,0.21,0.07,0.055,2.2,0.07,True,True
2026-07-25T15:48:17+00:00,mlb-stl-cin-2026-05-24,over_ladder,mlb-stl-cin-2026-05-24-total-12pt5,mlb-stl-cin-2026-05-24-total-11pt5,0.28,0.21,0.07,0.055,2.2,0.07,True,True
2026-07-25T15:48:42+00:00,mlb-stl-cin-2026-05-24,over_ladder,mlb-stl-cin-2026-05-24-total-12pt5,mlb-stl-cin-2026-05-24-total-11pt5,0.28,0.21,0.07,0.055,2.2,0.07,True,True
2026-07-25T15:49:08+00:00,mlb-stl-cin-2026-05-24,over_ladder,mlb-stl-cin-2026-05-24-total-12pt5,mlb-stl-cin-2026-05-24-total-11pt5,0.28,0.21,0.07,0.055,2.2,0.07,True,True
2026-07-25T15:49:34+00:00,mlb-stl-cin-2026-05-24,over_ladder,mlb-stl-cin-2026-05-24-total-12pt5,mlb-stl-cin-2026-05-24-total-11pt5,0.28,0.21,0.07,0.055,2.2,0.07,True,True
2026-07-25T15:49:59+00:00,mlb-stl-cin-2026-05-24,over_ladder,mlb-stl-cin-2026-05-24-total-12pt5,mlb-stl-cin-2026-05-24-total-11pt5,0.28,0.21,0.07,0.055,2.2,0.07,True,True
2026-07-25T15:50:25+00:00,mlb-stl-cin-2026-05-24,over_ladder,mlb-stl-cin-2026-05-24-total-12pt5,mlb-stl-cin-2026-05-24-total-11pt5,0.28,0.21,0.07,0.055,2.2,0.07,True,True
2026-07-25T15:50:51+00:00,mlb-stl-cin-2026-05-24,over_ladder,mlb-stl-cin-2026-05-24-total-12pt5,mlb-stl-cin-2026-05-24-total-11pt5,0.28,0.21,0.07,0.055,2.2,0.07,True,True
2026-07-25T15:51:17+00:00,mlb-stl-cin-2026-05-24,over_ladder,mlb-stl-cin-2026-05-24-total-12pt5,mlb-stl-cin-2026-05-24-total-11pt5,0.28,0.21,0.07,0.055,2.2,0.07,True,True
2026-07-25T15:51:43+00:00,mlb-stl-cin-2026-05-24,over_ladder,mlb-stl-cin-2026-05-24-total-12pt5,mlb-stl-cin-2026-05-24-total-11pt5,0.28,0.21,0.07,0.055,2.2,0.07,True,True
2026-07-25T15:52:09+00:00,mlb-stl-cin-2026-05-24,over_ladder,mlb-stl-cin-2026-05-24-total-12pt5,mlb-stl-cin-2026-05-24-total-11pt5,0.28,0.21,0.07,0.055,2.2,0.07,True,True
2026-07-25T15:52:35+00:00,mlb-stl-cin-2026-05-24,over_ladder,mlb-stl-cin-2026-05-24-total-12pt5,mlb-stl-cin-2026-05-24-total-11pt5,0.28,0.21,0.07,0.055,2.2,0.07,True,True
2026-07-25T15:53:01+00:00,mlb-stl-cin-2026-05-24,over_ladder,mlb-stl-cin-2026-05-24-total-12pt5,mlb-stl-cin-2026-05-24-total-11pt5,0.28,0.21,0.07,0.055,2.2,0.07,True,True
2026-07-25T15:53:26+00:00,mlb-stl-cin-2026-05-24,over_ladder,mlb-stl-cin-2026-05-24-total-12pt5,mlb-stl-cin-2026-05-24-total-11pt5,0.28,0.21,0.07,0.055,2.2,0.07,True,True
2026-07-25T15:53:52+00:00,mlb-stl-cin-2026-05-24,over_ladder,mlb-stl-cin-2026-05-24-total-12pt5,mlb-stl-cin-2026-05-24-total-11pt5,0.28,0.21,0.07,0.055,2.2,0.07,True,True
2026-07-25T15:54:18+00:00,mlb-stl-cin-2026-05-24,over_ladder,mlb-stl-cin-2026-05-24-total-12pt5,mlb-stl-cin-2026-05-24-total-11pt5,0.28,0.21,0.07,0.055,2.2,0.07,True,True
2026-07-25T15:54:43+00:00,mlb-stl-cin-2026-05-24,over_ladder,mlb-stl-cin-2026-05-24-total-12pt5,mlb-stl-cin-2026-05-24-total-11pt5,0.28,0.21,0.07,0.055,2.2,0.07,True,True
2026-07-25T15:55:09+00:00,mlb-stl-cin-2026-05-24,over_ladder,mlb-stl-cin-2026-05-24-total-12pt5,mlb-stl-cin-2026-05-24-total-11pt5,0.28,0.21,0.07,0.055,2.2,0.07,True,True
2026-07-25T15:55:35+00:00,mlb-stl-cin-2026-05-24,over_ladder,mlb-stl-cin-2026-05-24-total-12pt5,mlb-stl-cin-2026-05-24-total-11pt5,0.28,0.21,0.07,0.055,2.2,0.07,True,True
2026-07-25T15:56:01+00:00,mlb-stl-cin-2026-05-24,over_ladder,mlb-stl-cin-2026-05-24-total-12pt5,mlb-stl-cin-2026-05-24-total-11pt5,0.28,0.21,0.07,0.055,2.2,0.07,True,True
2026-07-25T15:56:26+00:00,mlb-stl-cin-2026-05-24,over_ladder,mlb-stl-cin-2026-05-24-total-12pt5,mlb-stl-cin-2026-05-24-total-11pt5,0.28,0.21,0.07,0.055,2.2,0.07,True,True
2026-07-25T15:56:52+00:00,mlb-stl-cin-2026-05-24,over_ladder,mlb-stl-cin-2026-05-24-total-12pt5,mlb-stl-cin-2026-05-24-total-11pt5,0.28,0.21,0.07,0.055,2.2,0.07,True,True
2026-07-25T15:57:18+00:00,mlb-stl-cin-2026-05-24,over_ladder,mlb-stl-cin-2026-05-24-total-12pt5,mlb-stl-cin-2026-05-24-total-11pt5,0.28,0.21,0.07,0.055,2.2,0.07,True,True
2026-07-25T15:57:43+00:00,mlb-stl-cin-2026-05-24,over_ladder,mlb-stl-cin-2026-05-24-total-12pt5,mlb-stl-cin-2026-05-24-total-11pt5,0.28,0.21,0.07,0.055,2.2,0.07,True,True
2026-07-25T15:58:09+00:00,mlb-stl-cin-2026-05-24,over_ladder,mlb-stl-cin-2026-05-24-total-12pt5,mlb-stl-cin-2026-05-24-total-11pt5,0.28,0.21,0.07,0.055,2.2,0.07,True,True
2026-07-25T15:58:35+00:00,mlb-stl-cin-2026-05-24,over_ladder,mlb-stl-cin-2026-05-24-total-12pt5,mlb-stl-cin-2026-05-24-total-11pt5,0.28,0.21,0.07,0.055,2.2,0.07,True,True
2026-07-25T15:59:01+00:00,mlb-stl-cin-2026-05-24,over_ladder,mlb-stl-cin-2026-05-24-total-12pt5,mlb-stl-cin-2026-05-24-total-11pt5,0.28,0.21,0.07,0.055,2.2,0.07,True,True
2026-07-25T15:59:26+00:00,mlb-stl-cin-2026-05-24,over_ladder,mlb-stl-cin-2026-05-24-total-12pt5,mlb-stl-cin-2026-05-24-total-11pt5,0.28,0.21,0.07,0.055,2.2,0.07,True,True
2026-07-25T15:59:52+00:00,mlb-stl-cin-2026-05-24,over_ladder,mlb-stl-cin-2026-05-24-total-12pt5,mlb-stl-cin-2026-05-24-total-11pt5,0.28,0.21,0.07,0.055,2.2,0.07,True,True
2026-07-25T16:00:18+00:00,mlb-stl-cin-2026-05-24,over_ladder,mlb-stl-cin-2026-05-24-total-12pt5,mlb-stl-cin-2026-05-24-total-11pt5,0.28,0.21,0.07,0.055,2.2,0.07,True,True
2026-07-25T16:00:43+00:00,mlb-stl-cin-2026-05-24,over_ladder,mlb-stl-cin-2026-05-24-total-12pt5,mlb-stl-cin-2026-05-24-total-11pt5,0.28,0.21,0.07,0.055,2.2,0.07,True,True
2026-07-25T16:01:09+00:00,mlb-stl-cin-2026-05-24,over_ladder,mlb-stl-cin-2026-05-24-total-12pt5,mlb-stl-cin-2026-05-24-total-11pt5,0.28,0.21,0.07,0.055,2.2,0.07,True,True
2026-07-25T16:01:35+00:00,mlb-stl-cin-2026-05-24,over_ladder,mlb-stl-cin-2026-05-24-total-12pt5,mlb-stl-cin-2026-05-24-total-11pt5,0.28,0.21,0.07,0.055,2.2,0.07,True,True
2026-07-25T16:02:02+00:00,mlb-stl-cin-2026-05-24,over_ladder,mlb-stl-cin-2026-05-24-total-12pt5,mlb-stl-cin-2026-05-24-total-11pt5,0.28,0.21,0.07,0.055,2.2,0.07,True,True
2026-07-25T16:02:28+00:00,mlb-stl-cin-2026-05-24,over_ladder,mlb-stl-cin-2026-05-24-total-12pt5,mlb-stl-cin-2026-05-24-total-11pt5,0.28,0.21,0.07,0.055,2.2,0.07,True,True
2026-07-25T16:02:53+00:00,mlb-stl-cin-2026-05-24,over_ladder,mlb-stl-cin-2026-05-24-total-12pt5,mlb-stl-cin-2026-05-24-total-11pt5,0.28,0.21,0.07,0.055,2.2,0.07,True,True
2026-07-25T16:03:19+00:00,mlb-stl-cin-2026-05-24,over_ladder,mlb-stl-cin-2026-05-24-total-12pt5,mlb-stl-cin-2026-05-24-total-11pt5,0.28,0.21,0.07,0.055,2.2,0.07,True,True
2026-07-25T16:03:45+00:00,mlb-stl-cin-2026-05-24,over_ladder,mlb-stl-cin-2026-05-24-total-12pt5,mlb-stl-cin-2026-05-24-total-11pt5,0.28,0.21,0.07,0.055,2.2,0.07,True,True
2026-07-25T16:04:10+00:00,mlb-stl-cin-2026-05-24,over_ladder,mlb-stl-cin-2026-05-24-total-12pt5,mlb-stl-cin-2026-05-24-total-11pt5,0.28,0.21,0.07,0.055,2.2,0.07,True,True
2026-07-25T16:04:36+00:00,mlb-stl-cin-2026-05-24,over_ladder,mlb-stl-cin-2026-05-24-total-12pt5,mlb-stl-cin-2026-05-24-total-11pt5,0.28,0.21,0.07,0.055,2.2,0.07,True,True
2026-07-25T16:05:02+00:00,mlb-stl-cin-2026-05-24,over_ladder,mlb-stl-cin-2026-05-24-total-12pt5,mlb-stl-cin-2026-05-24-total-11pt5,0.28,0.21,0.07,0.055,2.2,0.07,True,True
2026-07-25T16:05:27+00:00,mlb-stl-cin-2026-05-24,over_ladder,mlb-stl-cin-2026-05-24-total-12pt5,mlb-stl-cin-2026-05-24-total-11pt5,0.28,0.21,0.07,0.055,2.2,0.07,True,True
2026-07-25T16:05:53+00:00,mlb-stl-cin-2026-05-24,over_ladder,mlb-stl-cin-2026-05-24-total-12pt5,mlb-stl-cin-2026-05-24-total-11pt5,0.28,0.21,0.07,0.055,2.2,0.07,True,True
2026-07-25T16:06:19+00:00,mlb-stl-cin-2026-05-24,over_ladder,mlb-stl-cin-2026-05-24-total-12pt5,mlb-stl-cin-2026-05-24-total-11pt5,0.28,0.21,0.07,0.055,2.2,0.07,True,True
2026-07-25T16:06:45+00:00,mlb-stl-cin-2026-05-24,over_ladder,mlb-stl-cin-2026-05-24-total-12pt5,mlb-stl-cin-2026-05-24-total-11pt5,0.28,0.21,0.07,0.055,2.2,0.07,True,True
2026-07-25T16:07:10+00:00,mlb-stl-cin-2026-05-24,over_ladder,mlb-stl-cin-2026-05-24-total-12pt5,mlb-stl-cin-2026-05-24-total-11pt5,0.28,0.21,0.07,0.055,2.2,0.07,True,True
2026-07-25T16:07:36+00:00,mlb-stl-cin-2026-05-24,over_ladder,mlb-stl-cin-2026-05-24-total-12pt5,mlb-stl-cin-2026-05-24-total-11pt5,0.28,0.21,0.07,0.055,2.2,0.07,True,True
2026-07-25T16:08:02+00:00,mlb-stl-cin-2026-05-24,over_ladder,mlb-stl-cin-2026-05-24-total-12pt5,mlb-stl-cin-2026-05-24-total-11pt5,0.28,0.21,0.07,0.055,2.2,0.07,True,True
2026-07-25T16:08:28+00:00,mlb-stl-cin-2026-05-24,over_ladder,mlb-stl-cin-2026-05-24-total-12pt5,mlb-stl-cin-2026-05-24-total-11pt5,0.28,0.21,0.07,0.055,2.2,0.07,True,True
2026-07-25T16:08:53+00:00,mlb-stl-cin-2026-05-24,over_ladder,mlb-stl-cin-2026-05-24-total-12pt5,mlb-stl-cin-2026-05-24-total-11pt5,0.28,0.21,0.07,0.055,2.2,0.07,True,True
2026-07-25T16:09:19+00:00,mlb-stl-cin-2026-05-24,over_ladder,mlb-stl-cin-2026-05-24-total-12pt5,mlb-stl-cin-2026-05-24-total-11pt5,0.28,0.21,0.07,0.055,2.2,0.07,True,True
2026-07-25T16:09:45+00:00,mlb-stl-cin-2026-05-24,over_ladder,mlb-stl-cin-2026-05-24-total-12pt5,mlb-stl-cin-2026-05-24-total-11pt5,0.28,0.21,0.07,0.055,2.2,0.07,True,True
2026-07-25T16:10:10+00:00,mlb-stl-cin-2026-05-24,over_ladder,mlb-stl-cin-2026-05-24-total-12pt5,mlb-stl-cin-2026-05-24-total-11pt5,0.28,0.21,0.07,0.055,2.2,0.07,True,True
2026-07-25T16:10:36+00:00,mlb-stl-cin-2026-05-24,over_ladder,mlb-stl-cin-2026-05-24-total-12pt5,mlb-stl-cin-2026-05-24-total-11pt5,0.28,0.21,0.07,0.055,2.2,0.07,True,True
2026-07-25T16:11:02+00:00,mlb-stl-cin-2026-05-24,over_ladder,mlb-stl-cin-2026-05-24-total-12pt5,mlb-stl-cin-2026-05-24-total-11pt5,0.28,0.21,0.07,0.055,2.2,0.07,True,True
2026-07-25T16:11:28+00:00,mlb-stl-cin-2026-05-24,over_ladder,mlb-stl-cin-2026-05-24-total-12pt5,mlb-stl-cin-2026-05-24-total-11pt5,0.28,0.21,0.07,0.055,2.2,0.07,True,True
2026-07-25T16:11:53+00:00,mlb-stl-cin-2026-05-24,over_ladder,mlb-stl-cin-2026-05-24-total-12pt5,mlb-stl-cin-2026-05-24-total-11pt5,0.28,0.21,0.07,0.055,2.2,0.07,True,True
2026-07-25T16:12:20+00:00,mlb-stl-cin-2026-05-24,over_ladder,mlb-stl-cin-2026-05-24-total-12pt5,mlb-stl-cin-2026-05-24-total-11pt5,0.28,0.21,0.07,0.055,2.2,0.07,True,True
2026-07-25T16:12:46+00:00,mlb-stl-cin-2026-05-24,over_ladder,mlb-stl-cin-2026-05-24-total-12pt5,mlb-stl-cin-2026-05-24-total-11pt5,0.28,0.21,0.07,0.055,2.2,0.07,True,True
2026-07-25T16:13:12+00:00,mlb-stl-cin-2026-05-24,over_ladder,mlb-stl-cin-2026-05-24-total-12pt5,mlb-stl-cin-2026-05-24-total-11pt5,0.28,0.21,0.07,0.055,2.2,0.07,True,True
2026-07-25T16:13:37+00:00,mlb-stl-cin-2026-05-24,over_ladder,mlb-stl-cin-2026-05-24-total-12pt5,mlb-stl-cin-2026-05-24-total-11pt5,0.28,0.21,0.07,0.055,2.2,0.07,True,True
2026-07-25T16:14:03+00:00,mlb-stl-cin-2026-05-24,over_ladder,mlb-stl-cin-2026-05-24-total-12pt5,mlb-stl-cin-2026-05-24-total-11pt5,0.28,0.21,0.07,0.055,2.2,0.07,True,True
2026-07-25T16:14:29+00:00,mlb-stl-cin-2026-05-24,over_ladder,mlb-stl-cin-2026-05-24-total-12pt5,mlb-stl-cin-2026-05-24-total-11pt5,0.28,0.21,0.07,0.055,2.2,0.07,True,True
2026-07-25T16:14:54+00:00,mlb-stl-cin-2026-05-24,over_ladder,mlb-stl-cin-2026-05-24-total-12pt5,mlb-stl-cin-2026-05-24-total-11pt5,0.28,0.21,0.07,0.055,2.2,0.07,True,True
2026-07-25T16:15:20+00:00,mlb-stl-cin-2026-05-24,over_ladder,mlb-stl-cin-2026-05-24-total-12pt5,mlb-stl-cin-2026-05-24-total-11pt5,0.28,0.21,0.07,0.055,2.2,0.07,True,True
2026-07-25T16:15:46+00:00,mlb-stl-cin-2026-05-24,over_ladder,mlb-stl-cin-2026-05-24-total-12pt5,mlb-stl-cin-2026-05-24-total-11pt5,0.28,0.21,0.07,0.055,2.2,0.07,True,True
2026-07-25T16:16:12+00:00,mlb-stl-cin-2026-05-24,over_ladder,mlb-stl-cin-2026-05-24-total-12pt5,mlb-stl-cin-2026-05-24-total-11pt5,0.28,0.21,0.07,0.055,2.2,0.07,True,True
2026-07-25T16:16:38+00:00,mlb-stl-cin-2026-05-24,over_ladder,mlb-stl-cin-2026-05-24-total-12pt5,mlb-stl-cin-2026-05-24-total-11pt5,0.28,0.21,0.07,0.055,2.2,0.07,True,True
2026-07-25T16:17:03+00:00,mlb-stl-cin-2026-05-24,over_ladder,mlb-stl-cin-2026-05-24-total-12pt5,mlb-stl-cin-2026-05-24-total-11pt5,0.28,0.21,0.07,0.055,2.2,0.07,True,True
2026-07-25T16:17:29+00:00,mlb-stl-cin-2026-05-24,over_ladder,mlb-stl-cin-2026-05-24-total-12pt5,mlb-stl-cin-2026-05-24-total-11pt5,0.28,0.21,0.07,0.055,2.2,0.07,True,True
2026-07-25T16:17:55+00:00,mlb-stl-cin-2026-05-24,over_ladder,mlb-stl-cin-2026-05-24-total-12pt5,mlb-stl-cin-2026-05-24-total-11pt5,0.28,0.21,0.07,0.055,2.2,0.07,True,True
2026-07-25T16:18:21+00:00,mlb-stl-cin-2026-05-24,over_ladder,mlb-stl-cin-2026-05-24-total-12pt5,mlb-stl-cin-2026-05-24-total-11pt5,0.28,0.21,0.07,0.055,2.2,0.07,True,True
2026-07-25T16:18:46+00:00,mlb-stl-cin-2026-05-24,over_ladder,mlb-stl-cin-2026-05-24-total-12pt5,mlb-stl-cin-2026-05-24-total-11pt5,0.28,0.21,0.07,0.055,2.2,0.07,True,True
2026-07-25T16:19:12+00:00,mlb-stl-cin-2026-05-24,over_ladder,mlb-stl-cin-2026-05-24-total-12pt5,mlb-stl-cin-2026-05-24-total-11pt5,0.28,0.21,0.07,0.055,2.2,0.07,True,True
2026-07-25T16:19:38+00:00,mlb-stl-cin-2026-05-24,over_ladder,mlb-stl-cin-2026-05-24-total-12pt5,mlb-stl-cin-2026-05-24-total-11pt5,0.28,0.21,0.07,0.055,2.2,0.07,True,True
2026-07-25T16:20:03+00:00,mlb-stl-cin-2026-05-24,over_ladder,mlb-stl-cin-2026-05-24-total-12pt5,mlb-stl-cin-2026-05-24-total-11pt5,0.28,0.21,0.07,0.055,2.2,0.07,True,True
2026-07-25T16:20:29+00:00,mlb-stl-cin-2026-05-24,over_ladder,mlb-stl-cin-2026-05-24-total-12pt5,mlb-stl-cin-2026-05-24-total-11pt5,0.28,0.21,0.07,0.055,2.2,0.07,True,True
2026-07-25T16:20:55+00:00,mlb-stl-cin-2026-05-24,over_ladder,mlb-stl-cin-2026-05-24-total-12pt5,mlb-stl-cin-2026-05-24-total-11pt5,0.28,0.21,0.07,0.055,2.2,0.07,True,True
2026-07-25T16:21:21+00:00,mlb-stl-cin-2026-05-24,over_ladder,mlb-stl-cin-2026-05-24-total-12pt5,mlb-stl-cin-2026-05-24-total-11pt5,0.28,0.21,0.07,0.055,2.2,0.07,True,True
2026-07-25T16:21:46+00:00,mlb-stl-cin-2026-05-24,over_ladder,mlb-stl-cin-2026-05-24-total-12pt5,mlb-stl-cin-2026-05-24-total-11pt5,0.28,0.21,0.07,0.055,2.2,0.07,True,True
2026-07-25T16:22:12+00:00,mlb-stl-cin-2026-05-24,over_ladder,mlb-stl-cin-2026-05-24-total-12pt5,mlb-stl-cin-2026-05-24-total-11pt5,0.28,0.21,0.07,0.055,2.2,0.07,True,True
2026-07-25T16:22:39+00:00,mlb-stl-cin-2026-05-24,over_ladder,mlb-stl-cin-2026-05-24-total-12pt5,mlb-stl-cin-2026-05-24-total-11pt5,0.28,0.21,0.07,0.055,2.2,0.07,True,True
2026-07-25T16:23:05+00:00,mlb-stl-cin-2026-05-24,over_ladder,mlb-stl-cin-2026-05-24-total-12pt5,mlb-stl-cin-2026-05-24-total-11pt5,0.28,0.21,0.07,0.055,2.2,0.07,True,True
2026-07-25T16:23:30+00:00,mlb-stl-cin-2026-05-24,over_ladder,mlb-stl-cin-2026-05-24-total-12pt5,mlb-stl-cin-2026-05-24-total-11pt5,0.28,0.21,0.07,0.055,2.2,0.07,True,True
2026-07-25T16:23:56+00:00,mlb-stl-cin-2026-05-24,over_ladder,mlb-stl-cin-2026-05-24-total-12pt5,mlb-stl-cin-2026-05-24-total-11pt5,0.28,0.21,0.07,0.055,2.2,0.07,True,True
2026-07-25T16:24:22+00:00,mlb-stl-cin-2026-05-24,over_ladder,mlb-stl-cin-2026-05-24-total-12pt5,mlb-stl-cin-2026-05-24-total-11pt5,0.28,0.21,0.07,0.055,2.2,0.07,True,True
2026-07-25T16:24:47+00:00,mlb-stl-cin-2026-05-24,over_ladder,mlb-stl-cin-2026-05-24-total-12pt5,mlb-stl-cin-2026-05-24-total-11pt5,0.28,0.21,0.07,0.055,2.2,0.07,True,True
2026-07-25T16:25:13+00:00,mlb-stl-cin-2026-05-24,over_ladder,mlb-stl-cin-2026-05-24-total-12pt5,mlb-stl-cin-2026-05-24-total-11pt5,0.28,0.21,0.07,0.055,2.2,0.07,True,True
2026-07-25T16:25:39+00:00,mlb-stl-cin-2026-05-24,over_ladder,mlb-stl-cin-2026-05-24-total-12pt5,mlb-stl-cin-2026-05-24-total-11pt5,0.28,0.21,0.07,0.055,2.2,0.07,True,True
2026-07-25T16:26:05+00:00,mlb-stl-cin-2026-05-24,over_ladder,mlb-stl-cin-2026-05-24-total-12pt5,mlb-stl-cin-2026-05-24-total-11pt5,0.28,0.21,0.07,0.055,2.2,0.07,True,True
2026-07-25T16:26:30+00:00,mlb-stl-cin-2026-05-24,over_ladder,mlb-stl-cin-2026-05-24-total-12pt5,mlb-stl-cin-2026-05-24-total-11pt5,0.28,0.21,0.07,0.055,2.2,0.07,True,True
2026-07-25T16:26:56+00:00,mlb-stl-cin-2026-05-24,over_ladder,mlb-stl-cin-2026-05-24-total-12pt5,mlb-stl-cin-2026-05-24-total-11pt5,0.28,0.21,0.07,0.055,2.2,0.07,True,True
2026-07-25T16:27:22+00:00,mlb-stl-cin-2026-05-24,over_ladder,mlb-stl-cin-2026-05-24-total-12pt5,mlb-stl-cin-2026-05-24-total-11pt5,0.28,0.21,0.07,0.055,2.2,0.07,True,True
2026-07-25T16:27:48+00:00,mlb-stl-cin-2026-05-24,over_ladder,mlb-stl-cin-2026-05-24-total-12pt5,mlb-stl-cin-2026-05-24-total-11pt5,0.28,0.21,0.07,0.055,2.2,0.07,True,True
2026-07-25T16:28:13+00:00,mlb-stl-cin-2026-05-24,over_ladder,mlb-stl-cin-2026-05-24-total-12pt5,mlb-stl-cin-2026-05-24-total-11pt5,0.28,0.21,0.07,0.055,2.2,0.07,True,True
2026-07-25T16:28:39+00:00,mlb-stl-cin-2026-05-24,over_ladder,mlb-stl-cin-2026-05-24-total-12pt5,mlb-stl-cin-2026-05-24-total-11pt5,0.28,0.21,0.07,0.055,2.2,0.07,True,True
2026-07-25T16:29:05+00:00,mlb-stl-cin-2026-05-24,over_ladder,mlb-stl-cin-2026-05-24-total-12pt5,mlb-stl-cin-2026-05-24-total-11pt5,0.28,0.21,0.07,0.055,2.2,0.07,True,True
2026-07-25T16:29:30+00:00,mlb-stl-cin-2026-05-24,over_ladder,mlb-stl-cin-2026-05-24-total-12pt5,mlb-stl-cin-2026-05-24-total-11pt5,0.28,0.21,0.07,0.055,2.2,0.07,True,True
2026-07-25T16:29:56+00:00,mlb-stl-cin-2026-05-24,over_ladder,mlb-stl-cin-2026-05-24-total-12pt5,mlb-stl-cin-2026-05-24-total-11pt5,0.28,0.21,0.07,0.055,2.2,0.07,True,True
2026-07-25T16:30:22+00:00,mlb-stl-cin-2026-05-24,over_ladder,mlb-stl-cin-2026-05-24-total-12pt5,mlb-stl-cin-2026-05-24-total-11pt5,0.28,0.21,0.07,0.055,2.2,0.07,True,True
2026-07-25T16:30:48+00:00,mlb-stl-cin-2026-05-24,over_ladder,mlb-stl-cin-2026-05-24-total-12pt5,mlb-stl-cin-2026-05-24-total-11pt5,0.28,0.21,0.07,0.055,2.2,0.07,True,True
2026-07-25T16:31:13+00:00,mlb-stl-cin-2026-05-24,over_ladder,mlb-stl-cin-2026-05-24-total-12pt5,mlb-stl-cin-2026-05-24-total-11pt5,0.28,0.21,0.07,0.055,2.2,0.07,True,True
2026-07-25T16:31:39+00:00,mlb-stl-cin-2026-05-24,over_ladder,mlb-stl-cin-2026-05-24-total-12pt5,mlb-stl-cin-2026-05-24-total-11pt5,0.28,0.21,0.07,0.055,2.2,0.07,True,True
2026-07-25T16:32:05+00:00,mlb-stl-cin-2026-05-24,over_ladder,mlb-stl-cin-2026-05-24-total-12pt5,mlb-stl-cin-2026-05-24-total-11pt5,0.28,0.21,0.07,0.055,2.2,0.07,True,True
2026-07-25T16:32:31+00:00,mlb-stl-cin-2026-05-24,over_ladder,mlb-stl-cin-2026-05-24-total-12pt5,mlb-stl-cin-2026-05-24-total-11pt5,0.28,0.21,0.07,0.055,2.2,0.07,True,True
2026-07-25T16:32:57+00:00,mlb-stl-cin-2026-05-24,over_ladder,mlb-stl-cin-2026-05-24-total-12pt5,mlb-stl-cin-2026-05-24-total-11pt5,0.28,0.21,0.07,0.055,2.2,0.07,True,True
2026-07-25T16:33:23+00:00,mlb-stl-cin-2026-05-24,over_ladder,mlb-stl-cin-2026-05-24-total-12pt5,mlb-stl-cin-2026-05-24-total-11pt5,0.28,0.21,0.07,0.055,2.2,0.07,True,True
2026-07-25T16:33:49+00:00,mlb-stl-cin-2026-05-24,over_ladder,mlb-stl-cin-2026-05-24-total-12pt5,mlb-stl-cin-2026-05-24-total-11pt5,0.28,0.21,0.07,0.055,2.2,0.07,True,True
2026-07-25T16:34:15+00:00,mlb-stl-cin-2026-05-24,over_ladder,mlb-stl-cin-2026-05-24-total-12pt5,mlb-stl-cin-2026-05-24-total-11pt5,0.28,0.21,0.07,0.055,2.2,0.07,True,True
2026-07-25T16:34:40+00:00,mlb-stl-cin-2026-05-24,over_ladder,mlb-stl-cin-2026-05-24-total-12pt5,mlb-stl-cin-2026-05-24-total-11pt5,0.28,0.21,0.07,0.055,2.2,0.07,True,True
2026-07-25T16:35:06+00:00,mlb-stl-cin-2026-05-24,over_ladder,mlb-stl-cin-2026-05-24-total-12pt5,mlb-stl-cin-2026-05-24-total-11pt5,0.28,0.21,0.07,0.055,2.2,0.07,True,True
2026-07-25T16:35:32+00:00,mlb-stl-cin-2026-05-24,over_ladder,mlb-stl-cin-2026-05-24-total-12pt5,mlb-stl-cin-2026-05-24-total-11pt5,0.28,0.21,0.07,0.055,2.2,0.07,True,True
2026-07-25T16:35:58+00:00,mlb-stl-cin-2026-05-24,over_ladder,mlb-stl-cin-2026-05-24-total-12pt5,mlb-stl-cin-2026-05-24-total-11pt5,0.28,0.21,0.07,0.055,2.2,0.07,True,True
2026-07-25T16:36:23+00:00,mlb-stl-cin-2026-05-24,over_ladder,mlb-stl-cin-2026-05-24-total-12pt5,mlb-stl-cin-2026-05-24-total-11pt5,0.28,0.21,0.07,0.055,2.2,0.07,True,True
2026-07-25T16:36:49+00:00,mlb-stl-cin-2026-05-24,over_ladder,mlb-stl-cin-2026-05-24-total-12pt5,mlb-stl-cin-2026-05-24-total-11pt5,0.28,0.21,0.07,0.055,2.2,0.07,True,True
2026-07-25T16:37:15+00:00,mlb-stl-cin-2026-05-24,over_ladder,mlb-stl-cin-2026-05-24-total-12pt5,mlb-stl-cin-2026-05-24-total-11pt5,0.28,0.21,0.07,0.055,2.2,0.07,True,True
2026-07-25T16:37:41+00:00,mlb-stl-cin-2026-05-24,over_ladder,mlb-stl-cin-2026-05-24-total-12pt5,mlb-stl-cin-2026-05-24-total-11pt5,0.28,0.21,0.07,0.055,2.2,0.07,True,True
2026-07-25T16:38:07+00:00,mlb-stl-cin-2026-05-24,over_ladder,mlb-stl-cin-2026-05-24-total-12pt5,mlb-stl-cin-2026-05-24-total-11pt5,0.28,0.21,0.07,0.055,2.2,0.07,True,True
2026-07-25T16:38:32+00:00,mlb-stl-cin-2026-05-24,over_ladder,mlb-stl-cin-2026-05-24-total-12pt5,mlb-stl-cin-2026-05-24-total-11pt5,0.28,0.21,0.07,0.055,2.2,0.07,True,True
2026-07-25T16:38:58+00:00,mlb-stl-cin-2026-05-24,over_ladder,mlb-stl-cin-2026-05-24-total-12pt5,mlb-stl-cin-2026-05-24-total-11pt5,0.28,0.21,0.07,0.055,2.2,0.07,True,True
2026-07-25T16:39:24+00:00,mlb-stl-cin-2026-05-24,over_ladder,mlb-stl-cin-2026-05-24-total-12pt5,mlb-stl-cin-2026-05-24-total-11pt5,0.28,0.21,0.07,0.055,2.2,0.07,True,True
2026-07-25T16:39:49+00:00,mlb-stl-cin-2026-05-24,over_ladder,mlb-stl-cin-2026-05-24-total-12pt5,mlb-stl-cin-2026-05-24-total-11pt5,0.28,0.21,0.07,0.055,2.2,0.07,True,True
2026-07-25T16:40:15+00:00,mlb-stl-cin-2026-05-24,over_ladder,mlb-stl-cin-2026-05-24-total-12pt5,mlb-stl-cin-2026-05-24-total-11pt5,0.28,0.21,0.07,0.055,2.2,0.07,True,True
2026-07-25T16:40:41+00:00,mlb-stl-cin-2026-05-24,over_ladder,mlb-stl-cin-2026-05-24-total-12pt5,mlb-stl-cin-2026-05-24-total-11pt5,0.28,0.21,0.07,0.055,2.2,0.07,True,True
2026-07-25T16:41:07+00:00,mlb-stl-cin-2026-05-24,over_ladder,mlb-stl-cin-2026-05-24-total-12pt5,mlb-stl-cin-2026-05-24-total-11pt5,0.28,0.21,0.07,0.055,2.2,0.07,True,True
2026-07-25T16:41:32+00:00,mlb-stl-cin-2026-05-24,over_ladder,mlb-stl-cin-2026-05-24-total-12pt5,mlb-stl-cin-2026-05-24-total-11pt5,0.28,0.21,0.07,0.055,2.2,0.07,True,True
2026-07-25T16:41:58+00:00,mlb-stl-cin-2026-05-24,over_ladder,mlb-stl-cin-2026-05-24-total-12pt5,mlb-stl-cin-2026-05-24-total-11pt5,0.28,0.21,0.07,0.055,2.2,0.07,True,True
2026-07-25T16:42:24+00:00,mlb-stl-cin-2026-05-24,over_ladder,mlb-stl-cin-2026-05-24-total-12pt5,mlb-stl-cin-2026-05-24-total-11pt5,0.28,0.21,0.07,0.055,2.2,0.07,True,True
2026-07-25T16:42:49+00:00,mlb-stl-cin-2026-05-24,over_ladder,mlb-stl-cin-2026-05-24-total-12pt5,mlb-stl-cin-2026-05-24-total-11pt5,0.28,0.21,0.07,0.055,2.2,0.07,True,True
2026-07-25T16:43:16+00:00,mlb-stl-cin-2026-05-24,over_ladder,mlb-stl-cin-2026-05-24-total-12pt5,mlb-stl-cin-2026-05-24-total-11pt5,0.28,0.21,0.07,0.055,2.2,0.07,True,True
2026-07-25T16:43:42+00:00,mlb-stl-cin-2026-05-24,over_ladder,mlb-stl-cin-2026-05-24-total-12pt5,mlb-stl-cin-2026-05-24-total-11pt5,0.28,0.21,0.07,0.055,2.2,0.07,True,True
2026-07-25T16:44:08+00:00,mlb-stl-cin-2026-05-24,over_ladder,mlb-stl-cin-2026-05-24-total-12pt5,mlb-stl-cin-2026-05-24-total-11pt5,0.28,0.21,0.07,0.055,2.2,0.07,True,True
2026-07-25T16:44:33+00:00,mlb-stl-cin-2026-05-24,over_ladder,mlb-stl-cin-2026-05-24-total-12pt5,mlb-stl-cin-2026-05-24-total-11pt5,0.28,0.21,0.07,0.055,2.2,0.07,True,True
2026-07-25T16:44:59+00:00,mlb-stl-cin-2026-05-24,over_ladder,mlb-stl-cin-2026-05-24-total-12pt5,mlb-stl-cin-2026-05-24-total-11pt5,0.28,0.21,0.07,0.055,2.2,0.07,True,True
2026-07-25T16:45:25+00:00,mlb-stl-cin-2026-05-24,over_ladder,mlb-stl-cin-2026-05-24-total-12pt5,mlb-stl-cin-2026-05-24-total-11pt5,0.28,0.21,0.07,0.055,2.2,0.07,True,True
2026-07-25T16:45:51+00:00,mlb-stl-cin-2026-05-24,over_ladder,mlb-stl-cin-2026-05-24-total-12pt5,mlb-stl-cin-2026-05-24-total-11pt5,0.28,0.21,0.07,0.055,2.2,0.07,True,True
2026-07-25T16:46:16+00:00,mlb-stl-cin-2026-05-24,over_ladder,mlb-stl-cin-2026-05-24-total-12pt5,mlb-stl-cin-2026-05-24-total-11pt5,0.28,0.21,0.07,0.055,2.2,0.07,True,True
2026-07-25T16:46:42+00:00,mlb-stl-cin-2026-05-24,over_ladder,mlb-stl-cin-2026-05-24-total-12pt5,mlb-stl-cin-2026-05-24-total-11pt5,0.28,0.21,0.07,0.055,2.2,0.07,True,True
2026-07-25T16:47:08+00:00,mlb-stl-cin-2026-05-24,over_ladder,mlb-stl-cin-2026-05-24-total-12pt5,mlb-stl-cin-2026-05-24-total-11pt5,0.28,0.21,0.07,0.055,2.2,0.07,True,True
2026-07-25T16:47:34+00:00,mlb-stl-cin-2026-05-24,over_ladder,mlb-stl-cin-2026-05-24-total-12pt5,mlb-stl-cin-2026-05-24-total-11pt5,0.28,0.21,0.07,0.055,2.2,0.07,True,True
2026-07-25T16:48:00+00:00,mlb-stl-cin-2026-05-24,over_ladder,mlb-stl-cin-2026-05-24-total-12pt5,mlb-stl-cin-2026-05-24-total-11pt5,0.28,0.21,0.07,0.055,2.2,0.07,True,True
2026-07-25T16:48:26+00:00,mlb-stl-cin-2026-05-24,over_ladder,mlb-stl-cin-2026-05-24-total-12pt5,mlb-stl-cin-2026-05-24-total-11pt5,0.28,0.21,0.07,0.055,2.2,0.07,True,True
2026-07-25T16:48:52+00:00,mlb-stl-cin-2026-05-24,over_ladder,mlb-stl-cin-2026-05-24-total-12pt5,mlb-stl-cin-2026-05-24-total-11pt5,0.28,0.21,0.07,0.055,2.2,0.07,True,True
2026-07-25T16:49:17+00:00,mlb-stl-cin-2026-05-24,over_ladder,mlb-stl-cin-2026-05-24-total-12pt5,mlb-stl-cin-2026-05-24-total-11pt5,0.28,0.21,0.07,0.055,2.2,0.07,True,True
2026-07-25T16:49:43+00:00,mlb-stl-cin-2026-05-24,over_ladder,mlb-stl-cin-2026-05-24-total-12pt5,mlb-stl-cin-2026-05-24-total-11pt5,0.28,0.21,0.07,0.055,2.2,0.07,True,True
2026-07-25T16:50:09+00:00,mlb-stl-cin-2026-05-24,over_ladder,mlb-stl-cin-2026-05-24-total-12pt5,mlb-stl-cin-2026-05-24-total-11pt5,0.28,0.21,0.07,0.055,2.2,0.07,True,True
2026-07-25T16:50:34+00:00,mlb-stl-cin-2026-05-24,over_ladder,mlb-stl-cin-2026-05-24-total-12pt5,mlb-stl-cin-2026-05-24-total-11pt5,0.28,0.21,0.07,0.055,2.2,0.07,True,True
2026-07-25T16:51:00+00:00,mlb-stl-cin-2026-05-24,over_ladder,mlb-stl-cin-2026-05-24-total-12pt5,mlb-stl-cin-2026-05-24-total-11pt5,0.28,0.21,0.07,0.055,2.2,0.07,True,True
2026-07-25T16:51:26+00:00,mlb-stl-cin-2026-05-24,over_ladder,mlb-stl-cin-2026-05-24-total-12pt5,mlb-stl-cin-2026-05-24-total-11pt5,0.28,0.21,0.07,0.055,2.2,0.07,True,True
2026-07-25T16:51:52+00:00,mlb-stl-cin-2026-05-24,over_ladder,mlb-stl-cin-2026-05-24-total-12pt5,mlb-stl-cin-2026-05-24-total-11pt5,0.28,0.21,0.07,0.055,2.2,0.07,True,True
2026-07-25T16:52:18+00:00,mlb-stl-cin-2026-05-24,over_ladder,mlb-stl-cin-2026-05-24-total-12pt5,mlb-stl-cin-2026-05-24-total-11pt5,0.28,0.21,0.07,0.055,2.2,0.07,True,True
2026-07-25T16:52:43+00:00,mlb-stl-cin-2026-05-24,over_ladder,mlb-stl-cin-2026-05-24-total-12pt5,mlb-stl-cin-2026-05-24-total-11pt5,0.28,0.21,0.07,0.055,2.2,0.07,True,True
2026-07-25T16:53:09+00:00,mlb-stl-cin-2026-05-24,over_ladder,mlb-stl-cin-2026-05-24-total-12pt5,mlb-stl-cin-2026-05-24-total-11pt5,0.28,0.21,0.07,0.055,2.2,0.07,True,True
2026-07-25T16:53:36+00:00,mlb-stl-cin-2026-05-24,over_ladder,mlb-stl-cin-2026-05-24-total-12pt5,mlb-stl-cin-2026-05-24-total-11pt5,0.28,0.21,0.07,0.055,2.2,0.07,True,True
2026-07-25T16:54:01+00:00,mlb-stl-cin-2026-05-24,over_ladder,mlb-stl-cin-2026-05-24-total-12pt5,mlb-stl-cin-2026-05-24-total-11pt5,0.28,0.21,0.07,0.055,2.2,0.07,True,True
2026-07-25T16:54:27+00:00,mlb-stl-cin-2026-05-24,over_ladder,mlb-stl-cin-2026-05-24-total-12pt5,mlb-stl-cin-2026-05-24-total-11pt5,0.28,0.21,0.07,0.055,2.2,0.07,True,True
2026-07-25T16:54:53+00:00,mlb-stl-cin-2026-05-24,over_ladder,mlb-stl-cin-2026-05-24-total-12pt5,mlb-stl-cin-2026-05-24-total-11pt5,0.28,0.21,0.07,0.055,2.2,0.07,True,True
2026-07-25T16:55:19+00:00,mlb-stl-cin-2026-05-24,over_ladder,mlb-stl-cin-2026-05-24-total-12pt5,mlb-stl-cin-2026-05-24-total-11pt5,0.28,0.21,0.07,0.055,2.2,0.07,True,True
2026-07-25T16:55:44+00:00,mlb-stl-cin-2026-05-24,over_ladder,mlb-stl-cin-2026-05-24-total-12pt5,mlb-stl-cin-2026-05-24-total-11pt5,0.28,0.21,0.07,0.055,2.2,0.07,True,True
2026-07-25T16:56:10+00:00,mlb-stl-cin-2026-05-24,over_ladder,mlb-stl-cin-2026-05-24-total-12pt5,mlb-stl-cin-2026-05-24-total-11pt5,0.28,0.21,0.07,0.055,2.2,0.07,True,True
2026-07-25T16:56:36+00:00,mlb-stl-cin-2026-05-24,over_ladder,mlb-stl-cin-2026-05-24-total-12pt5,mlb-stl-cin-2026-05-24-total-11pt5,0.28,0.21,0.07,0.055,2.2,0.07,True,True
2026-07-25T16:57:02+00:00,mlb-stl-cin-2026-05-24,over_ladder,mlb-stl-cin-2026-05-24-total-12pt5,mlb-stl-cin-2026-05-24-total-11pt5,0.28,0.21,0.07,0.055,2.2,0.07,True,True
2026-07-25T16:57:27+00:00,mlb-stl-cin-2026-05-24,over_ladder,mlb-stl-cin-2026-05-24-total-12pt5,mlb-stl-cin-2026-05-24-total-11pt5,0.28,0.21,0.07,0.055,2.2,0.07,True,True
2026-07-25T16:57:53+00:00,mlb-stl-cin-2026-05-24,over_ladder,mlb-stl-cin-2026-05-24-total-12pt5,mlb-stl-cin-2026-05-24-total-11pt5,0.28,0.21,0.07,0.055,2.2,0.07,True,True
2026-07-25T16:58:19+00:00,mlb-stl-cin-2026-05-24,over_ladder,mlb-stl-cin-2026-05-24-total-12pt5,mlb-stl-cin-2026-05-24-total-11pt5,0.28,0.21,0.07,0.055,2.2,0.07,True,True
2026-07-25T16:58:45+00:00,mlb-stl-cin-2026-05-24,over_ladder,mlb-stl-cin-2026-05-24-total-12pt5,mlb-stl-cin-2026-05-24-total-11pt5,0.28,0.21,0.07,0.055,2.2,0.07,True,True
2026-07-25T16:59:10+00:00,mlb-stl-cin-2026-05-24,over_ladder,mlb-stl-cin-2026-05-24-total-12pt5,mlb-stl-cin-2026-05-24-total-11pt5,0.28,0.21,0.07,0.055,2.2,0.07,True,True
2026-07-25T16:59:36+00:00,mlb-stl-cin-2026-05-24,over_ladder,mlb-stl-cin-2026-05-24-total-12pt5,mlb-stl-cin-2026-05-24-total-11pt5,0.28,0.21,0.07,0.055,2.2,0.07,True,True
2026-07-25T17:00:02+00:00,mlb-stl-cin-2026-05-24,over_ladder,mlb-stl-cin-2026-05-24-total-12pt5,mlb-stl-cin-2026-05-24-total-11pt5,0.28,0.21,0.07,0.055,2.2,0.07,True,True
2026-07-25T17:00:28+00:00,mlb-stl-cin-2026-05-24,over_ladder,mlb-stl-cin-2026-05-24-total-12pt5,mlb-stl-cin-2026-05-24-total-11pt5,0.28,0.21,0.07,0.055,2.2,0.07,True,True
2026-07-25T17:00:53+00:00,mlb-stl-cin-2026-05-24,over_ladder,mlb-stl-cin-2026-05-24-total-12pt5,mlb-stl-cin-2026-05-24-total-11pt5,0.28,0.21,0.07,0.055,2.2,0.07,True,True
2026-07-25T17:01:19+00:00,mlb-stl-cin-2026-05-24,over_ladder,mlb-stl-cin-2026-05-24-total-12pt5,mlb-stl-cin-2026-05-24-total-11pt5,0.28,0.21,0.07,0.055,2.2,0.07,True,True
2026-07-25T17:01:45+00:00,mlb-stl-cin-2026-05-24,over_ladder,mlb-stl-cin-2026-05-24-total-12pt5,mlb-stl-cin-2026-05-24-total-11pt5,0.28,0.21,0.07,0.055,2.2,0.07,True,True
2026-07-25T17:02:11+00:00,mlb-stl-cin-2026-05-24,over_ladder,mlb-stl-cin-2026-05-24-total-12pt5,mlb-stl-cin-2026-05-24-total-11pt5,0.28,0.21,0.07,0.055,2.2,0.07,True,True
2026-07-25T17:02:36+00:00,mlb-stl-cin-2026-05-24,over_ladder,mlb-stl-cin-2026-05-24-total-12pt5,mlb-stl-cin-2026-05-24-total-11pt5,0.28,0.21,0.07,0.055,2.2,0.07,True,True
2026-07-25T17:03:02+00:00,mlb-stl-cin-2026-05-24,over_ladder,mlb-stl-cin-2026-05-24-total-12pt5,mlb-stl-cin-2026-05-24-total-11pt5,0.28,0.21,0.07,0.055,2.2,0.07,True,True
2026-07-25T17:03:28+00:00,mlb-stl-cin-2026-05-24,over_ladder,mlb-stl-cin-2026-05-24-total-12pt5,mlb-stl-cin-2026-05-24-total-11pt5,0.28,0.21,0.07,0.055,2.2,0.07,True,True
2026-07-25T17:03:55+00:00,mlb-stl-cin-2026-05-24,over_ladder,mlb-stl-cin-2026-05-24-total-12pt5,mlb-stl-cin-2026-05-24-total-11pt5,0.28,0.21,0.07,0.055,2.2,0.07,True,True
2026-07-25T17:04:20+00:00,mlb-stl-cin-2026-05-24,over_ladder,mlb-stl-cin-2026-05-24-total-12pt5,mlb-stl-cin-2026-05-24-total-11pt5,0.28,0.21,0.07,0.055,2.2,0.07,True,True
2026-07-25T17:04:46+00:00,mlb-stl-cin-2026-05-24,over_ladder,mlb-stl-cin-2026-05-24-total-12pt5,mlb-stl-cin-2026-05-24-total-11pt5,0.28,0.21,0.07,0.055,2.2,0.07,True,True
2026-07-25T17:05:12+00:00,mlb-stl-cin-2026-05-24,over_ladder,mlb-stl-cin-2026-05-24-total-12pt5,mlb-stl-cin-2026-05-24-total-11pt5,0.28,0.21,0.07,0.055,2.2,0.07,True,True
2026-07-25T17:05:37+00:00,mlb-stl-cin-2026-05-24,over_ladder,mlb-stl-cin-2026-05-24-total-12pt5,mlb-stl-cin-2026-05-24-total-11pt5,0.28,0.21,0.07,0.055,2.2,0.07,True,True
2026-07-25T17:06:03+00:00,mlb-stl-cin-2026-05-24,over_ladder,mlb-stl-cin-2026-05-24-total-12pt5,mlb-stl-cin-2026-05-24-total-11pt5,0.28,0.21,0.07,0.055,2.2,0.07,True,True
2026-07-25T17:06:29+00:00,mlb-stl-cin-2026-05-24,over_ladder,mlb-stl-cin-2026-05-24-total-12pt5,mlb-stl-cin-2026-05-24-total-11pt5,0.28,0.21,0.07,0.055,2.2,0.07,True,True
2026-07-25T17:06:55+00:00,mlb-stl-cin-2026-05-24,over_ladder,mlb-stl-cin-2026-05-24-total-12pt5,mlb-stl-cin-2026-05-24-total-11pt5,0.28,0.21,0.07,0.055,2.2,0.07,True,True
2026-07-25T17:07:20+00:00,mlb-stl-cin-2026-05-24,over_ladder,mlb-stl-cin-2026-05-24-total-12pt5,mlb-stl-cin-2026-05-24-total-11pt5,0.28,0.21,0.07,0.055,2.2,0.07,True,True
2026-07-25T17:07:46+00:00,mlb-stl-cin-2026-05-24,over_ladder,mlb-stl-cin-2026-05-24-total-12pt5,mlb-stl-cin-2026-05-24-total-11pt5,0.28,0.21,0.07,0.055,2.2,0.07,True,True
2026-07-25T17:08:12+00:00,mlb-stl-cin-2026-05-24,over_ladder,mlb-stl-cin-2026-05-24-total-12pt5,mlb-stl-cin-2026-05-24-total-11pt5,0.28,0.21,0.07,0.055,2.2,0.07,True,True
2026-07-25T17:08:38+00:00,mlb-stl-cin-2026-05-24,over_ladder,mlb-stl-cin-2026-05-24-total-12pt5,mlb-stl-cin-2026-05-24-total-11pt5,0.28,0.21,0.07,0.055,2.2,0.07,True,True
2026-07-25T17:09:03+00:00,mlb-stl-cin-2026-05-24,over_ladder,mlb-stl-cin-2026-05-24-total-12pt5,mlb-stl-cin-2026-05-24-total-11pt5,0.28,0.21,0.07,0.055,2.2,0.07,True,True
2026-07-25T17:09:29+00:00,mlb-stl-cin-2026-05-24,over_ladder,mlb-stl-cin-2026-05-24-total-12pt5,mlb-stl-cin-2026-05-24-total-11pt5,0.28,0.21,0.07,0.055,2.2,0.07,True,True
2026-07-25T17:09:55+00:00,mlb-stl-cin-2026-05-24,over_ladder,mlb-stl-cin-2026-05-24-total-12pt5,mlb-stl-cin-2026-05-24-total-11pt5,0.28,0.21,0.07,0.055,2.2,0.07,True,True
2026-07-25T17:10:21+00:00,mlb-stl-cin-2026-05-24,over_ladder,mlb-stl-cin-2026-05-24-total-12pt5,mlb-stl-cin-2026-05-24-total-11pt5,0.28,0.21,0.07,0.055,2.2,0.07,True,True
2026-07-25T17:10:46+00:00,mlb-stl-cin-2026-05-24,over_ladder,mlb-stl-cin-2026-05-24-total-12pt5,mlb-stl-cin-2026-05-24-total-11pt5,0.28,0.21,0.07,0.055,2.2,0.07,True,True
2026-07-25T17:11:12+00:00,mlb-stl-cin-2026-05-24,over_ladder,mlb-stl-cin-2026-05-24-total-12pt5,mlb-stl-cin-2026-05-24-total-11pt5,0.28,0.21,0.07,0.055,2.2,0.07,True,True
2026-07-25T17:11:38+00:00,mlb-stl-cin-2026-05-24,over_ladder,mlb-stl-cin-2026-05-24-total-12pt5,mlb-stl-cin-2026-05-24-total-11pt5,0.28,0.21,0.07,0.055,2.2,0.07,True,True
2026-07-25T17:12:04+00:00,mlb-stl-cin-2026-05-24,over_ladder,mlb-stl-cin-2026-05-24-total-12pt5,mlb-stl-cin-2026-05-24-total-11pt5,0.28,0.21,0.07,0.055,2.2,0.07,True,True
2026-07-25T17:12:29+00:00,mlb-stl-cin-2026-05-24,over_ladder,mlb-stl-cin-2026-05-24-total-12pt5,mlb-stl-cin-2026-05-24-total-11pt5,0.28,0.21,0.07,0.055,2.2,0.07,True,True
2026-07-25T17:12:55+00:00,mlb-stl-cin-2026-05-24,over_ladder,mlb-stl-cin-2026-05-24-total-12pt5,mlb-stl-cin-2026-05-24-total-11pt5,0.28,0.21,0.07,0.055,2.2,0.07,True,True
2026-07-25T17:13:21+00:00,mlb-stl-cin-2026-05-24,over_ladder,mlb-stl-cin-2026-05-24-total-12pt5,mlb-stl-cin-2026-05-24-total-11pt5,0.28,0.21,0.07,0.055,2.2,0.07,True,True
2026-07-25T17:13:46+00:00,mlb-stl-cin-2026-05-24,over_ladder,mlb-stl-cin-2026-05-24-total-12pt5,mlb-stl-cin-2026-05-24-total-11pt5,0.28,0.21,0.07,0.055,2.2,0.07,True,True
2026-07-25T17:14:13+00:00,mlb-stl-cin-2026-05-24,over_ladder,mlb-stl-cin-2026-05-24-total-12pt5,mlb-stl-cin-2026-05-24-total-11pt5,0.28,0.21,0.07,0.055,2.2,0.07,True,True
2026-07-25T17:14:39+00:00,mlb-stl-cin-2026-05-24,over_ladder,mlb-stl-cin-2026-05-24-total-12pt5,mlb-stl-cin-2026-05-24-total-11pt5,0.28,0.21,0.07,0.055,2.2,0.07,True,True
2026-07-25T17:15:05+00:00,mlb-stl-cin-2026-05-24,over_ladder,mlb-stl-cin-2026-05-24-total-12pt5,mlb-stl-cin-2026-05-24-total-11pt5,0.28,0.21,0.07,0.055,2.2,0.07,True,True
2026-07-25T17:15:30+00:00,mlb-stl-cin-2026-05-24,over_ladder,mlb-stl-cin-2026-05-24-total-12pt5,mlb-stl-cin-2026-05-24-total-11pt5,0.28,0.21,0.07,0.055,2.2,0.07,True,True
2026-07-25T17:15:56+00:00,mlb-stl-cin-2026-05-24,over_ladder,mlb-stl-cin-2026-05-24-total-12pt5,mlb-stl-cin-2026-05-24-total-11pt5,0.28,0.21,0.07,0.055,2.2,0.07,True,True
2026-07-25T17:16:22+00:00,mlb-stl-cin-2026-05-24,over_ladder,mlb-stl-cin-2026-05-24-total-12pt5,mlb-stl-cin-2026-05-24-total-11pt5,0.28,0.21,0.07,0.055,2.2,0.07,True,True
2026-07-25T17:16:48+00:00,mlb-stl-cin-2026-05-24,over_ladder,mlb-stl-cin-2026-05-24-total-12pt5,mlb-stl-cin-2026-05-24-total-11pt5,0.28,0.21,0.07,0.055,2.2,0.07,True,True
2026-07-25T17:17:13+00:00,mlb-stl-cin-2026-05-24,over_ladder,mlb-stl-cin-2026-05-24-total-12pt5,mlb-stl-cin-2026-05-24-total-11pt5,0.28,0.21,0.07,0.055,2.2,0.07,True,True
2026-07-25T17:17:39+00:00,mlb-stl-cin-2026-05-24,over_ladder,mlb-stl-cin-2026-05-24-total-12pt5,mlb-stl-cin-2026-05-24-total-11pt5,0.28,0.21,0.07,0.055,2.2,0.07,True,True
2026-07-25T17:18:05+00:00,mlb-stl-cin-2026-05-24,over_ladder,mlb-stl-cin-2026-05-24-total-12pt5,mlb-stl-cin-2026-05-24-total-11pt5,0.28,0.21,0.07,0.055,2.2,0.07,True,True
2026-07-25T17:18:30+00:00,mlb-stl-cin-2026-05-24,over_ladder,mlb-stl-cin-2026-05-24-total-12pt5,mlb-stl-cin-2026-05-24-total-11pt5,0.28,0.21,0.07,0.055,2.2,0.07,True,True
2026-07-25T17:18:56+00:00,mlb-stl-cin-2026-05-24,over_ladder,mlb-stl-cin-2026-05-24-total-12pt5,mlb-stl-cin-2026-05-24-total-11pt5,0.28,0.21,0.07,0.055,2.2,0.07,True,True
2026-07-25T17:19:22+00:00,mlb-stl-cin-2026-05-24,over_ladder,mlb-stl-cin-2026-05-24-total-12pt5,mlb-stl-cin-2026-05-24-total-11pt5,0.28,0.21,0.07,0.055,2.2,0.07,True,True
2026-07-25T17:19:48+00:00,mlb-stl-cin-2026-05-24,over_ladder,mlb-stl-cin-2026-05-24-total-12pt5,mlb-stl-cin-2026-05-24-total-11pt5,0.28,0.21,0.07,0.055,2.2,0.07,True,True
2026-07-25T17:20:13+00:00,mlb-stl-cin-2026-05-24,over_ladder,mlb-stl-cin-2026-05-24-total-12pt5,mlb-stl-cin-2026-05-24-total-11pt5,0.28,0.21,0.07,0.055,2.2,0.07,True,True
2026-07-25T17:20:39+00:00,mlb-stl-cin-2026-05-24,over_ladder,mlb-stl-cin-2026-05-24-total-12pt5,mlb-stl-cin-2026-05-24-total-11pt5,0.28,0.21,0.07,0.055,2.2,0.07,True,True
2026-07-25T17:21:05+00:00,mlb-stl-cin-2026-05-24,over_ladder,mlb-stl-cin-2026-05-24-total-12pt5,mlb-stl-cin-2026-05-24-total-11pt5,0.28,0.21,0.07,0.055,2.2,0.07,True,True
2026-07-25T17:21:30+00:00,mlb-stl-cin-2026-05-24,over_ladder,mlb-stl-cin-2026-05-24-total-12pt5,mlb-stl-cin-2026-05-24-total-11pt5,0.28,0.21,0.07,0.055,2.2,0.07,True,True
2026-07-25T17:21:56+00:00,mlb-stl-cin-2026-05-24,over_ladder,mlb-stl-cin-2026-05-24-total-12pt5,mlb-stl-cin-2026-05-24-total-11pt5,0.28,0.21,0.07,0.055,2.2,0.07,True,True
2026-07-25T17:22:22+00:00,mlb-stl-cin-2026-05-24,over_ladder,mlb-stl-cin-2026-05-24-total-12pt5,mlb-stl-cin-2026-05-24-total-11pt5,0.28,0.21,0.07,0.055,2.2,0.07,True,True
2026-07-25T17:22:48+00:00,mlb-stl-cin-2026-05-24,over_ladder,mlb-stl-cin-2026-05-24-total-12pt5,mlb-stl-cin-2026-05-24-total-11pt5,0.28,0.21,0.07,0.055,2.2,0.07,True,True
2026-07-25T17:23:13+00:00,mlb-stl-cin-2026-05-24,over_ladder,mlb-stl-cin-2026-05-24-total-12pt5,mlb-stl-cin-2026-05-24-total-11pt5,0.28,0.21,0.07,0.055,2.2,0.07,True,True
2026-07-25T17:23:39+00:00,mlb-stl-cin-2026-05-24,over_ladder,mlb-stl-cin-2026-05-24-total-12pt5,mlb-stl-cin-2026-05-24-total-11pt5,0.28,0.21,0.07,0.055,2.2,0.07,True,True
2026-07-25T17:24:05+00:00,mlb-stl-cin-2026-05-24,over_ladder,mlb-stl-cin-2026-05-24-total-12pt5,mlb-stl-cin-2026-05-24-total-11pt5,0.28,0.21,0.07,0.055,2.2,0.07,True,True
2026-07-25T17:24:32+00:00,mlb-stl-cin-2026-05-24,over_ladder,mlb-stl-cin-2026-05-24-total-12pt5,mlb-stl-cin-2026-05-24-total-11pt5,0.28,0.21,0.07,0.055,2.2,0.07,True,True
2026-07-25T17:24:57+00:00,mlb-stl-cin-2026-05-24,over_ladder,mlb-stl-cin-2026-05-24-total-12pt5,mlb-stl-cin-2026-05-24-total-11pt5,0.28,0.21,0.07,0.055,2.2,0.07,True,True
2026-07-25T17:25:23+00:00,mlb-stl-cin-2026-05-24,over_ladder,mlb-stl-cin-2026-05-24-total-12pt5,mlb-stl-cin-2026-05-24-total-11pt5,0.28,0.21,0.07,0.055,2.2,0.07,True,True
2026-07-25T17:25:49+00:00,mlb-stl-cin-2026-05-24,over_ladder,mlb-stl-cin-2026-05-24-total-12pt5,mlb-stl-cin-2026-05-24-total-11pt5,0.28,0.21,0.07,0.055,2.2,0.07,True,True
2026-07-25T17:26:15+00:00,mlb-stl-cin-2026-05-24,over_ladder,mlb-stl-cin-2026-05-24-total-12pt5,mlb-stl-cin-2026-05-24-total-11pt5,0.28,0.21,0.07,0.055,2.2,0.07,True,True
2026-07-25T17:26:40+00:00,mlb-stl-cin-2026-05-24,over_ladder,mlb-stl-cin-2026-05-24-total-12pt5,mlb-stl-cin-2026-05-24-total-11pt5,0.28,0.21,0.07,0.055,2.2,0.07,True,True
2026-07-25T17:27:06+00:00,mlb-stl-cin-2026-05-24,over_ladder,mlb-stl-cin-2026-05-24-total-12pt5,mlb-stl-cin-2026-05-24-total-11pt5,0.28,0.21,0.07,0.055,2.2,0.07,True,True
2026-07-25T17:27:32+00:00,mlb-stl-cin-2026-05-24,over_ladder,mlb-stl-cin-2026-05-24-total-12pt5,mlb-stl-cin-2026-05-24-total-11pt5,0.28,0.21,0.07,0.055,2.2,0.07,True,True
2026-07-25T17:27:58+00:00,mlb-stl-cin-2026-05-24,over_ladder,mlb-stl-cin-2026-05-24-total-12pt5,mlb-stl-cin-2026-05-24-total-11pt5,0.28,0.21,0.07,0.055,2.2,0.07,True,True
2026-07-25T17:28:23+00:00,mlb-stl-cin-2026-05-24,over_ladder,mlb-stl-cin-2026-05-24-total-12pt5,mlb-stl-cin-2026-05-24-total-11pt5,0.28,0.21,0.07,0.055,2.2,0.07,True,True
2026-07-25T17:28:49+00:00,mlb-stl-cin-2026-05-24,over_ladder,mlb-stl-cin-2026-05-24-total-12pt5,mlb-stl-cin-2026-05-24-total-11pt5,0.28,0.21,0.07,0.055,2.2,0.07,True,True
2026-07-25T17:29:15+00:00,mlb-stl-cin-2026-05-24,over_ladder,mlb-stl-cin-2026-05-24-total-12pt5,mlb-stl-cin-2026-05-24-total-11pt5,0.28,0.21,0.07,0.055,2.2,0.07,True,True
2026-07-25T17:29:41+00:00,mlb-stl-cin-2026-05-24,over_ladder,mlb-stl-cin-2026-05-24-total-12pt5,mlb-stl-cin-2026-05-24-total-11pt5,0.28,0.21,0.07,0.055,2.2,0.07,True,True
2026-07-25T17:30:06+00:00,mlb-stl-cin-2026-05-24,over_ladder,mlb-stl-cin-2026-05-24-total-12pt5,mlb-stl-cin-2026-05-24-total-11pt5,0.28,0.21,0.07,0.055,2.2,0.07,True,True
2026-07-25T17:30:32+00:00,mlb-stl-cin-2026-05-24,over_ladder,mlb-stl-cin-2026-05-24-total-12pt5,mlb-stl-cin-2026-05-24-total-11pt5,0.28,0.21,0.07,0.055,2.2,0.07,True,True
2026-07-25T17:30:58+00:00,mlb-stl-cin-2026-05-24,over_ladder,mlb-stl-cin-2026-05-24-total-12pt5,mlb-stl-cin-2026-05-24-total-11pt5,0.28,0.21,0.07,0.055,2.2,0.07,True,True
2026-07-25T17:31:24+00:00,mlb-stl-cin-2026-05-24,over_ladder,mlb-stl-cin-2026-05-24-total-12pt5,mlb-stl-cin-2026-05-24-total-11pt5,0.28,0.21,0.07,0.055,2.2,0.07,True,True
2026-07-25T17:31:49+00:00,mlb-stl-cin-2026-05-24,over_ladder,mlb-stl-cin-2026-05-24-total-12pt5,mlb-stl-cin-2026-05-24-total-11pt5,0.28,0.21,0.07,0.055,2.2,0.07,True,True
2026-07-25T17:32:15+00:00,mlb-stl-cin-2026-05-24,over_ladder,mlb-stl-cin-2026-05-24-total-12pt5,mlb-stl-cin-2026-05-24-total-11pt5,0.28,0.21,0.07,0.055,2.2,0.07,True,True
2026-07-25T17:32:41+00:00,mlb-stl-cin-2026-05-24,over_ladder,mlb-stl-cin-2026-05-24-total-12pt5,mlb-stl-cin-2026-05-24-total-11pt5,0.28,0.21,0.07,0.055,2.2,0.07,True,True
2026-07-25T17:33:07+00:00,mlb-stl-cin-2026-05-24,over_ladder,mlb-stl-cin-2026-05-24-total-12pt5,mlb-stl-cin-2026-05-24-total-11pt5,0.28,0.21,0.07,0.055,2.2,0.07,True,True
2026-07-25T17:33:33+00:00,mlb-stl-cin-2026-05-24,over_ladder,mlb-stl-cin-2026-05-24-total-12pt5,mlb-stl-cin-2026-05-24-total-11pt5,0.28,0.21,0.07,0.055,2.2,0.07,True,True
2026-07-25T17:33:58+00:00,mlb-stl-cin-2026-05-24,over_ladder,mlb-stl-cin-2026-05-24-total-12pt5,mlb-stl-cin-2026-05-24-total-11pt5,0.28,0.21,0.07,0.055,2.2,0.07,True,True
2026-07-25T17:34:24+00:00,mlb-stl-cin-2026-05-24,over_ladder,mlb-stl-cin-2026-05-24-total-12pt5,mlb-stl-cin-2026-05-24-total-11pt5,0.28,0.21,0.07,0.055,2.2,0.07,True,True
2026-07-25T17:34:51+00:00,mlb-stl-cin-2026-05-24,over_ladder,mlb-stl-cin-2026-05-24-total-12pt5,mlb-stl-cin-2026-05-24-total-11pt5,0.28,0.21,0.07,0.055,2.2,0.07,True,True
2026-07-25T17:35:17+00:00,mlb-stl-cin-2026-05-24,over_ladder,mlb-stl-cin-2026-05-24-total-12pt5,mlb-stl-cin-2026-05-24-total-11pt5,0.28,0.21,0.07,0.055,2.2,0.07,True,True
2026-07-25T17:35:42+00:00,mlb-stl-cin-2026-05-24,over_ladder,mlb-stl-cin-2026-05-24-total-12pt5,mlb-stl-cin-2026-05-24-total-11pt5,0.28,0.21,0.07,0.055,2.2,0.07,True,True
2026-07-25T17:36:08+00:00,mlb-stl-cin-2026-05-24,over_ladder,mlb-stl-cin-2026-05-24-total-12pt5,mlb-stl-cin-2026-05-24-total-11pt5,0.28,0.21,0.07,0.055,2.2,0.07,True,True
2026-07-25T17:36:34+00:00,mlb-stl-cin-2026-05-24,over_ladder,mlb-stl-cin-2026-05-24-total-12pt5,mlb-stl-cin-2026-05-24-total-11pt5,0.28,0.21,0.07,0.055,2.2,0.07,True,True
2026-07-25T17:37:00+00:00,mlb-stl-cin-2026-05-24,over_ladder,mlb-stl-cin-2026-05-24-total-12pt5,mlb-stl-cin-2026-05-24-total-11pt5,0.28,0.21,0.07,0.055,2.2,0.07,True,True
2026-07-25T17:37:25+00:00,mlb-stl-cin-2026-05-24,over_ladder,mlb-stl-cin-2026-05-24-total-12pt5,mlb-stl-cin-2026-05-24-total-11pt5,0.28,0.21,0.07,0.055,2.2,0.07,True,True
2026-07-25T17:37:51+00:00,mlb-stl-cin-2026-05-24,over_ladder,mlb-stl-cin-2026-05-24-total-12pt5,mlb-stl-cin-2026-05-24-total-11pt5,0.28,0.21,0.07,0.055,2.2,0.07,True,True
2026-07-25T17:38:17+00:00,mlb-stl-cin-2026-05-24,over_ladder,mlb-stl-cin-2026-05-24-total-12pt5,mlb-stl-cin-2026-05-24-total-11pt5,0.28,0.21,0.07,0.055,2.2,0.07,True,True
2026-07-25T17:38:43+00:00,mlb-stl-cin-2026-05-24,over_ladder,mlb-stl-cin-2026-05-24-total-12pt5,mlb-stl-cin-2026-05-24-total-11pt5,0.28,0.21,0.07,0.055,2.2,0.07,True,True
2026-07-25T17:39:08+00:00,mlb-stl-cin-2026-05-24,over_ladder,mlb-stl-cin-2026-05-24-total-12pt5,mlb-stl-cin-2026-05-24-total-11pt5,0.28,0.21,0.07,0.055,2.2,0.07,True,True
2026-07-25T17:39:34+00:00,mlb-stl-cin-2026-05-24,over_ladder,mlb-stl-cin-2026-05-24-total-12pt5,mlb-stl-cin-2026-05-24-total-11pt5,0.28,0.21,0.07,0.055,2.2,0.07,True,True
2026-07-25T17:40:00+00:00,mlb-stl-cin-2026-05-24,over_ladder,mlb-stl-cin-2026-05-24-total-12pt5,mlb-stl-cin-2026-05-24-total-11pt5,0.28,0.21,0.07,0.055,2.2,0.07,True,True
2026-07-25T17:40:26+00:00,mlb-stl-cin-2026-05-24,over_ladder,mlb-stl-cin-2026-05-24-total-12pt5,mlb-stl-cin-2026-05-24-total-11pt5,0.28,0.21,0.07,0.055,2.2,0.07,True,True
2026-07-25T17:40:51+00:00,mlb-stl-cin-2026-05-24,over_ladder,mlb-stl-cin-2026-05-24-total-12pt5,mlb-stl-cin-2026-05-24-total-11pt5,0.28,0.21,0.07,0.055,2.2,0.07,True,True
2026-07-25T17:41:17+00:00,mlb-stl-cin-2026-05-24,over_ladder,mlb-stl-cin-2026-05-24-total-12pt5,mlb-stl-cin-2026-05-24-total-11pt5,0.28,0.21,0.07,0.055,2.2,0.07,True,True
2026-07-25T17:41:43+00:00,mlb-stl-cin-2026-05-24,over_ladder,mlb-stl-cin-2026-05-24-total-12pt5,mlb-stl-cin-2026-05-24-total-11pt5,0.28,0.21,0.07,0.055,2.2,0.07,True,True
2026-07-25T17:42:09+00:00,mlb-stl-cin-2026-05-24,over_ladder,mlb-stl-cin-2026-05-24-total-12pt5,mlb-stl-cin-2026-05-24-total-11pt5,0.28,0.21,0.07,0.055,2.2,0.07,True,True
2026-07-25T17:42:35+00:00,mlb-stl-cin-2026-05-24,over_ladder,mlb-stl-cin-2026-05-24-total-12pt5,mlb-stl-cin-2026-05-24-total-11pt5,0.28,0.21,0.07,0.055,2.2,0.07,True,True
2026-07-25T17:43:00+00:00,mlb-stl-cin-2026-05-24,over_ladder,mlb-stl-cin-2026-05-24-total-12pt5,mlb-stl-cin-2026-05-24-total-11pt5,0.28,0.21,0.07,0.055,2.2,0.07,True,True
2026-07-25T17:43:26+00:00,mlb-stl-cin-2026-05-24,over_ladder,mlb-stl-cin-2026-05-24-total-12pt5,mlb-stl-cin-2026-05-24-total-11pt5,0.28,0.21,0.07,0.055,2.2,0.07,True,True
2026-07-25T17:43:52+00:00,mlb-stl-cin-2026-05-24,over_ladder,mlb-stl-cin-2026-05-24-total-12pt5,mlb-stl-cin-2026-05-24-total-11pt5,0.28,0.21,0.07,0.055,2.2,0.07,True,True
2026-07-25T17:44:18+00:00,mlb-stl-cin-2026-05-24,over_ladder,mlb-stl-cin-2026-05-24-total-12pt5,mlb-stl-cin-2026-05-24-total-11pt5,0.28,0.21,0.07,0.055,2.2,0.07,True,True
2026-07-25T17:44:43+00:00,mlb-stl-cin-2026-05-24,over_ladder,mlb-stl-cin-2026-05-24-total-12pt5,mlb-stl-cin-2026-05-24-total-11pt5,0.28,0.21,0.07,0.055,2.2,0.07,True,True
2026-07-25T17:45:10+00:00,mlb-stl-cin-2026-05-24,over_ladder,mlb-stl-cin-2026-05-24-total-12pt5,mlb-stl-cin-2026-05-24-total-11pt5,0.28,0.21,0.07,0.055,2.2,0.07,True,True
2026-07-25T17:45:36+00:00,mlb-stl-cin-2026-05-24,over_ladder,mlb-stl-cin-2026-05-24-total-12pt5,mlb-stl-cin-2026-05-24-total-11pt5,0.28,0.21,0.07,0.055,2.2,0.07,True,True
2026-07-25T17:46:02+00:00,mlb-stl-cin-2026-05-24,over_ladder,mlb-stl-cin-2026-05-24-total-12pt5,mlb-stl-cin-2026-05-24-total-11pt5,0.28,0.21,0.07,0.055,2.2,0.07,True,True
2026-07-25T17:46:27+00:00,mlb-stl-cin-2026-05-24,over_ladder,mlb-stl-cin-2026-05-24-total-12pt5,mlb-stl-cin-2026-05-24-total-11pt5,0.28,0.21,0.07,0.055,2.2,0.07,True,True
2026-07-25T17:46:53+00:00,mlb-stl-cin-2026-05-24,over_ladder,mlb-stl-cin-2026-05-24-total-12pt5,mlb-stl-cin-2026-05-24-total-11pt5,0.28,0.21,0.07,0.055,2.2,0.07,True,True
2026-07-25T17:47:19+00:00,mlb-stl-cin-2026-05-24,over_ladder,mlb-stl-cin-2026-05-24-total-12pt5,mlb-stl-cin-2026-05-24-total-11pt5,0.28,0.21,0.07,0.055,2.2,0.07,True,True
2026-07-25T17:47:45+00:00,mlb-stl-cin-2026-05-24,over_ladder,mlb-stl-cin-2026-05-24-total-12pt5,mlb-stl-cin-2026-05-24-total-11pt5,0.28,0.21,0.07,0.055,2.2,0.07,True,True
2026-07-25T17:48:10+00:00,mlb-stl-cin-2026-05-24,over_ladder,mlb-stl-cin-2026-05-24-total-12pt5,mlb-stl-cin-2026-05-24-total-11pt5,0.28,0.21,0.07,0.055,2.2,0.07,True,True
2026-07-25T17:48:36+00:00,mlb-stl-cin-2026-05-24,over_ladder,mlb-stl-cin-2026-05-24-total-12pt5,mlb-stl-cin-2026-05-24-total-11pt5,0.28,0.21,0.07,0.055,2.2,0.07,True,True
2026-07-25T17:49:02+00:00,mlb-stl-cin-2026-05-24,over_ladder,mlb-stl-cin-2026-05-24-total-12pt5,mlb-stl-cin-2026-05-24-total-11pt5,0.28,0.21,0.07,0.055,2.2,0.07,True,True
2026-07-25T17:49:28+00:00,mlb-stl-cin-2026-05-24,over_ladder,mlb-stl-cin-2026-05-24-total-12pt5,mlb-stl-cin-2026-05-24-total-11pt5,0.28,0.21,0.07,0.055,2.2,0.07,True,True
2026-07-25T17:49:53+00:00,mlb-stl-cin-2026-05-24,over_ladder,mlb-stl-cin-2026-05-24-total-12pt5,mlb-stl-cin-2026-05-24-total-11pt5,0.28,0.21,0.07,0.055,2.2,0.07,True,True
2026-07-25T17:50:19+00:00,mlb-stl-cin-2026-05-24,over_ladder,mlb-stl-cin-2026-05-24-total-12pt5,mlb-stl-cin-2026-05-24-total-11pt5,0.28,0.21,0.07,0.055,2.2,0.07,True,True
2026-07-25T17:50:45+00:00,mlb-stl-cin-2026-05-24,over_ladder,mlb-stl-cin-2026-05-24-total-12pt5,mlb-stl-cin-2026-05-24-total-11pt5,0.28,0.21,0.07,0.055,2.2,0.07,True,True
2026-07-25T17:51:11+00:00,mlb-stl-cin-2026-05-24,over_ladder,mlb-stl-cin-2026-05-24-total-12pt5,mlb-stl-cin-2026-05-24-total-11pt5,0.28,0.21,0.07,0.055,2.2,0.07,True,True
2026-07-25T17:51:36+00:00,mlb-stl-cin-2026-05-24,over_ladder,mlb-stl-cin-2026-05-24-total-12pt5,mlb-stl-cin-2026-05-24-total-11pt5,0.28,0.21,0.07,0.055,2.2,0.07,True,True
2026-07-25T17:52:02+00:00,mlb-stl-cin-2026-05-24,over_ladder,mlb-stl-cin-2026-05-24-total-12pt5,mlb-stl-cin-2026-05-24-total-11pt5,0.28,0.21,0.07,0.055,2.2,0.07,True,True
2026-07-25T17:52:28+00:00,mlb-stl-cin-2026-05-24,over_ladder,mlb-stl-cin-2026-05-24-total-12pt5,mlb-stl-cin-2026-05-24-total-11pt5,0.28,0.21,0.07,0.055,2.2,0.07,True,True
2026-07-25T17:52:54+00:00,mlb-stl-cin-2026-05-24,over_ladder,mlb-stl-cin-2026-05-24-total-12pt5,mlb-stl-cin-2026-05-24-total-11pt5,0.28,0.21,0.07,0.055,2.2,0.07,True,True
2026-07-25T17:53:20+00:00,mlb-stl-cin-2026-05-24,over_ladder,mlb-stl-cin-2026-05-24-total-12pt5,mlb-stl-cin-2026-05-24-total-11pt5,0.28,0.21,0.07,0.055,2.2,0.07,True,True
2026-07-25T17:53:45+00:00,mlb-stl-cin-2026-05-24,over_ladder,mlb-stl-cin-2026-05-24-total-12pt5,mlb-stl-cin-2026-05-24-total-11pt5,0.28,0.21,0.07,0.055,2.2,0.07,True,True
2026-07-25T17:54:11+00:00,mlb-stl-cin-2026-05-24,over_ladder,mlb-stl-cin-2026-05-24-total-12pt5,mlb-stl-cin-2026-05-24-total-11pt5,0.28,0.21,0.07,0.055,2.2,0.07,True,True
2026-07-25T17:54:37+00:00,mlb-stl-cin-2026-05-24,over_ladder,mlb-stl-cin-2026-05-24-total-12pt5,mlb-stl-cin-2026-05-24-total-11pt5,0.28,0.21,0.07,0.055,2.2,0.07,True,True
2026-07-25T17:55:03+00:00,mlb-stl-cin-2026-05-24,over_ladder,mlb-stl-cin-2026-05-24-total-12pt5,mlb-stl-cin-2026-05-24-total-11pt5,0.28,0.21,0.07,0.055,2.2,0.07,True,True
2026-07-25T17:55:29+00:00,mlb-stl-cin-2026-05-24,over_ladder,mlb-stl-cin-2026-05-24-total-12pt5,mlb-stl-cin-2026-05-24-total-11pt5,0.28,0.21,0.07,0.055,2.2,0.07,True,True
2026-07-25T17:55:55+00:00,mlb-stl-cin-2026-05-24,over_ladder,mlb-stl-cin-2026-05-24-total-12pt5,mlb-stl-cin-2026-05-24-total-11pt5,0.28,0.21,0.07,0.055,2.2,0.07,True,True
2026-07-25T17:56:21+00:00,mlb-stl-cin-2026-05-24,over_ladder,mlb-stl-cin-2026-05-24-total-12pt5,mlb-stl-cin-2026-05-24-total-11pt5,0.28,0.21,0.07,0.055,2.2,0.07,True,True
2026-07-25T17:56:47+00:00,mlb-stl-cin-2026-05-24,over_ladder,mlb-stl-cin-2026-05-24-total-12pt5,mlb-stl-cin-2026-05-24-total-11pt5,0.28,0.21,0.07,0.055,2.2,0.07,True,True
2026-07-25T17:57:12+00:00,mlb-stl-cin-2026-05-24,over_ladder,mlb-stl-cin-2026-05-24-total-12pt5,mlb-stl-cin-2026-05-24-total-11pt5,0.28,0.21,0.07,0.055,2.2,0.07,True,True
2026-07-25T17:57:38+00:00,mlb-stl-cin-2026-05-24,over_ladder,mlb-stl-cin-2026-05-24-total-12pt5,mlb-stl-cin-2026-05-24-total-11pt5,0.28,0.21,0.07,0.055,2.2,0.07,True,True
2026-07-25T17:58:04+00:00,mlb-stl-cin-2026-05-24,over_ladder,mlb-stl-cin-2026-05-24-total-12pt5,mlb-stl-cin-2026-05-24-total-11pt5,0.28,0.21,0.07,0.055,2.2,0.07,True,True
2026-07-25T17:58:30+00:00,mlb-stl-cin-2026-05-24,over_ladder,mlb-stl-cin-2026-05-24-total-12pt5,mlb-stl-cin-2026-05-24-total-11pt5,0.28,0.21,0.07,0.055,2.2,0.07,True,True
2026-07-25T17:58:55+00:00,mlb-stl-cin-2026-05-24,over_ladder,mlb-stl-cin-2026-05-24-total-12pt5,mlb-stl-cin-2026-05-24-total-11pt5,0.28,0.21,0.07,0.055,2.2,0.07,True,True
2026-07-25T17:59:21+00:00,mlb-stl-cin-2026-05-24,over_ladder,mlb-stl-cin-2026-05-24-total-12pt5,mlb-stl-cin-2026-05-24-total-11pt5,0.28,0.21,0.07,0.055,2.2,0.07,True,True
2026-07-25T17:59:47+00:00,mlb-stl-cin-2026-05-24,over_ladder,mlb-stl-cin-2026-05-24-total-12pt5,mlb-stl-cin-2026-05-24-total-11pt5,0.28,0.21,0.07,0.055,2.2,0.07,True,True
2026-07-25T18:00:13+00:00,mlb-stl-cin-2026-05-24,over_ladder,mlb-stl-cin-2026-05-24-total-12pt5,mlb-stl-cin-2026-05-24-total-11pt5,0.28,0.21,0.07,0.055,2.2,0.07,True,True
2026-07-25T18:00:38+00:00,mlb-stl-cin-2026-05-24,over_ladder,mlb-stl-cin-2026-05-24-total-12pt5,mlb-stl-cin-2026-05-24-total-11pt5,0.28,0.21,0.07,0.055,2.2,0.07,True,True
2026-07-25T18:01:04+00:00,mlb-stl-cin-2026-05-24,over_ladder,mlb-stl-cin-2026-05-24-total-12pt5,mlb-stl-cin-2026-05-24-total-11pt5,0.28,0.21,0.07,0.055,2.2,0.07,True,True
2026-07-25T18:01:30+00:00,mlb-stl-cin-2026-05-24,over_ladder,mlb-stl-cin-2026-05-24-total-12pt5,mlb-stl-cin-2026-05-24-total-11pt5,0.28,0.21,0.07,0.055,2.2,0.07,True,True
2026-07-25T18:01:56+00:00,mlb-stl-cin-2026-05-24,over_ladder,mlb-stl-cin-2026-05-24-total-12pt5,mlb-stl-cin-2026-05-24-total-11pt5,0.28,0.21,0.07,0.055,2.2,0.07,True,True
2026-07-25T18:02:21+00:00,mlb-stl-cin-2026-05-24,over_ladder,mlb-stl-cin-2026-05-24-total-12pt5,mlb-stl-cin-2026-05-24-total-11pt5,0.28,0.21,0.07,0.055,2.2,0.07,True,True
2026-07-25T18:02:47+00:00,mlb-stl-cin-2026-05-24,over_ladder,mlb-stl-cin-2026-05-24-total-12pt5,mlb-stl-cin-2026-05-24-total-11pt5,0.28,0.21,0.07,0.055,2.2,0.07,True,True
2026-07-25T18:03:13+00:00,mlb-stl-cin-2026-05-24,over_ladder,mlb-stl-cin-2026-05-24-total-12pt5,mlb-stl-cin-2026-05-24-total-11pt5,0.28,0.21,0.07,0.055,2.2,0.07,True,True
2026-07-25T18:03:39+00:00,mlb-stl-cin-2026-05-24,over_ladder,mlb-stl-cin-2026-05-24-total-12pt5,mlb-stl-cin-2026-05-24-total-11pt5,0.28,0.21,0.07,0.055,2.2,0.07,True,True
2026-07-25T18:04:04+00:00,mlb-stl-cin-2026-05-24,over_ladder,mlb-stl-cin-2026-05-24-total-12pt5,mlb-stl-cin-2026-05-24-total-11pt5,0.28,0.21,0.07,0.055,2.2,0.07,True,True
2026-07-25T18:04:30+00:00,mlb-stl-cin-2026-05-24,over_ladder,mlb-stl-cin-2026-05-24-total-12pt5,mlb-stl-cin-2026-05-24-total-11pt5,0.28,0.21,0.07,0.055,2.2,0.07,True,True
2026-07-25T18:04:56+00:00,mlb-stl-cin-2026-05-24,over_ladder,mlb-stl-cin-2026-05-24-total-12pt5,mlb-stl-cin-2026-05-24-total-11pt5,0.28,0.21,0.07,0.055,2.2,0.07,True,True
2026-07-25T18:05:22+00:00,mlb-stl-cin-2026-05-24,over_ladder,mlb-stl-cin-2026-05-24-total-12pt5,mlb-stl-cin-2026-05-24-total-11pt5,0.28,0.21,0.07,0.055,2.2,0.07,True,True
2026-07-25T18:05:48+00:00,mlb-stl-cin-2026-05-24,over_ladder,mlb-stl-cin-2026-05-24-total-12pt5,mlb-stl-cin-2026-05-24-total-11pt5,0.28,0.21,0.07,0.055,2.2,0.07,True,True
2026-07-25T18:06:14+00:00,mlb-stl-cin-2026-05-24,over_ladder,mlb-stl-cin-2026-05-24-total-12pt5,mlb-stl-cin-2026-05-24-total-11pt5,0.28,0.21,0.07,0.055,2.2,0.07,True,True
2026-07-25T18:06:40+00:00,mlb-stl-cin-2026-05-24,over_ladder,mlb-stl-cin-2026-05-24-total-12pt5,mlb-stl-cin-2026-05-24-total-11pt5,0.28,0.21,0.07,0.055,2.2,0.07,True,True
2026-07-25T18:07:06+00:00,mlb-stl-cin-2026-05-24,over_ladder,mlb-stl-cin-2026-05-24-total-12pt5,mlb-stl-cin-2026-05-24-total-11pt5,0.28,0.21,0.07,0.055,2.2,0.07,True,True
2026-07-25T18:07:31+00:00,mlb-stl-cin-2026-05-24,over_ladder,mlb-stl-cin-2026-05-24-total-12pt5,mlb-stl-cin-2026-05-24-total-11pt5,0.28,0.21,0.07,0.055,2.2,0.07,True,True
2026-07-25T18:07:57+00:00,mlb-stl-cin-2026-05-24,over_ladder,mlb-stl-cin-2026-05-24-total-12pt5,mlb-stl-cin-2026-05-24-total-11pt5,0.28,0.21,0.07,0.055,2.2,0.07,True,True
2026-07-25T18:08:23+00:00,mlb-stl-cin-2026-05-24,over_ladder,mlb-stl-cin-2026-05-24-total-12pt5,mlb-stl-cin-2026-05-24-total-11pt5,0.28,0.21,0.07,0.055,2.2,0.07,True,True
2026-07-25T18:08:49+00:00,mlb-stl-cin-2026-05-24,over_ladder,mlb-stl-cin-2026-05-24-total-12pt5,mlb-stl-cin-2026-05-24-total-11pt5,0.28,0.21,0.07,0.055,2.2,0.07,True,True
2026-07-25T18:09:14+00:00,mlb-stl-cin-2026-05-24,over_ladder,mlb-stl-cin-2026-05-24-total-12pt5,mlb-stl-cin-2026-05-24-total-11pt5,0.28,0.21,0.07,0.055,2.2,0.07,True,True
2026-07-25T18:09:40+00:00,mlb-stl-cin-2026-05-24,over_ladder,mlb-stl-cin-2026-05-24-total-12pt5,mlb-stl-cin-2026-05-24-total-11pt5,0.28,0.21,0.07,0.055,2.2,0.07,True,True
2026-07-25T18:10:06+00:00,mlb-stl-cin-2026-05-24,over_ladder,mlb-stl-cin-2026-05-24-total-12pt5,mlb-stl-cin-2026-05-24-total-11pt5,0.28,0.21,0.07,0.055,2.2,0.07,True,True
2026-07-25T18:10:32+00:00,mlb-stl-cin-2026-05-24,over_ladder,mlb-stl-cin-2026-05-24-total-12pt5,mlb-stl-cin-2026-05-24-total-11pt5,0.28,0.21,0.07,0.055,2.2,0.07,True,True
2026-07-25T18:10:57+00:00,mlb-stl-cin-2026-05-24,over_ladder,mlb-stl-cin-2026-05-24-total-12pt5,mlb-stl-cin-2026-05-24-total-11pt5,0.28,0.21,0.07,0.055,2.2,0.07,True,True
2026-07-25T18:11:23+00:00,mlb-stl-cin-2026-05-24,over_ladder,mlb-stl-cin-2026-05-24-total-12pt5,mlb-stl-cin-2026-05-24-total-11pt5,0.28,0.21,0.07,0.055,2.2,0.07,True,True
2026-07-25T18:11:49+00:00,mlb-stl-cin-2026-05-24,over_ladder,mlb-stl-cin-2026-05-24-total-12pt5,mlb-stl-cin-2026-05-24-total-11pt5,0.28,0.21,0.07,0.055,2.2,0.07,True,True
2026-07-25T18:12:14+00:00,mlb-stl-cin-2026-05-24,over_ladder,mlb-stl-cin-2026-05-24-total-12pt5,mlb-stl-cin-2026-05-24-total-11pt5,0.28,0.21,0.07,0.055,2.2,0.07,True,True
2026-07-25T18:12:40+00:00,mlb-stl-cin-2026-05-24,over_ladder,mlb-stl-cin-2026-05-24-total-12pt5,mlb-stl-cin-2026-05-24-total-11pt5,0.28,0.21,0.07,0.055,2.2,0.07,True,True
2026-07-25T18:13:06+00:00,mlb-stl-cin-2026-05-24,over_ladder,mlb-stl-cin-2026-05-24-total-12pt5,mlb-stl-cin-2026-05-24-total-11pt5,0.28,0.21,0.07,0.055,2.2,0.07,True,True
2026-07-25T18:13:31+00:00,mlb-stl-cin-2026-05-24,over_ladder,mlb-stl-cin-2026-05-24-total-12pt5,mlb-stl-cin-2026-05-24-total-11pt5,0.28,0.21,0.07,0.055,2.2,0.07,True,True
2026-07-25T18:13:57+00:00,mlb-stl-cin-2026-05-24,over_ladder,mlb-stl-cin-2026-05-24-total-12pt5,mlb-stl-cin-2026-05-24-total-11pt5,0.28,0.21,0.07,0.055,2.2,0.07,True,True
2026-07-25T18:14:23+00:00,mlb-stl-cin-2026-05-24,over_ladder,mlb-stl-cin-2026-05-24-total-12pt5,mlb-stl-cin-2026-05-24-total-11pt5,0.28,0.21,0.07,0.055,2.2,0.07,True,True
2026-07-25T18:14:49+00:00,mlb-stl-cin-2026-05-24,over_ladder,mlb-stl-cin-2026-05-24-total-12pt5,mlb-stl-cin-2026-05-24-total-11pt5,0.28,0.21,0.07,0.055,2.2,0.07,True,True
2026-07-25T18:15:14+00:00,mlb-stl-cin-2026-05-24,over_ladder,mlb-stl-cin-2026-05-24-total-12pt5,mlb-stl-cin-2026-05-24-total-11pt5,0.28,0.21,0.07,0.055,2.2,0.07,True,True
2026-07-25T18:15:40+00:00,mlb-stl-cin-2026-05-24,over_ladder,mlb-stl-cin-2026-05-24-total-12pt5,mlb-stl-cin-2026-05-24-total-11pt5,0.28,0.21,0.07,0.055,2.2,0.07,True,True
2026-07-25T18:16:07+00:00,mlb-stl-cin-2026-05-24,over_ladder,mlb-stl-cin-2026-05-24-total-12pt5,mlb-stl-cin-2026-05-24-total-11pt5,0.28,0.21,0.07,0.055,2.2,0.07,True,True
2026-07-25T18:16:33+00:00,mlb-stl-cin-2026-05-24,over_ladder,mlb-stl-cin-2026-05-24-total-12pt5,mlb-stl-cin-2026-05-24-total-11pt5,0.28,0.21,0.07,0.055,2.2,0.07,True,True
2026-07-25T18:16:58+00:00,mlb-stl-cin-2026-05-24,over_ladder,mlb-stl-cin-2026-05-24-total-12pt5,mlb-stl-cin-2026-05-24-total-11pt5,0.28,0.21,0.07,0.055,2.2,0.07,True,True
2026-07-25T18:17:24+00:00,mlb-stl-cin-2026-05-24,over_ladder,mlb-stl-cin-2026-05-24-total-12pt5,mlb-stl-cin-2026-05-24-total-11pt5,0.28,0.21,0.07,0.055,2.2,0.07,True,True
2026-07-25T18:17:50+00:00,mlb-stl-cin-2026-05-24,over_ladder,mlb-stl-cin-2026-05-24-total-12pt5,mlb-stl-cin-2026-05-24-total-11pt5,0.28,0.21,0.07,0.055,2.2,0.07,True,True
2026-07-25T18:18:16+00:00,mlb-stl-cin-2026-05-24,over_ladder,mlb-stl-cin-2026-05-24-total-12pt5,mlb-stl-cin-2026-05-24-total-11pt5,0.28,0.21,0.07,0.055,2.2,0.07,True,True
2026-07-25T18:18:41+00:00,mlb-stl-cin-2026-05-24,over_ladder,mlb-stl-cin-2026-05-24-total-12pt5,mlb-stl-cin-2026-05-24-total-11pt5,0.28,0.21,0.07,0.055,2.2,0.07,True,True
2026-07-25T18:19:07+00:00,mlb-stl-cin-2026-05-24,over_ladder,mlb-stl-cin-2026-05-24-total-12pt5,mlb-stl-cin-2026-05-24-total-11pt5,0.28,0.21,0.07,0.055,2.2,0.07,True,True
2026-07-25T18:19:33+00:00,mlb-stl-cin-2026-05-24,over_ladder,mlb-stl-cin-2026-05-24-total-12pt5,mlb-stl-cin-2026-05-24-total-11pt5,0.28,0.21,0.07,0.055,2.2,0.07,True,True
2026-07-25T18:19:59+00:00,mlb-stl-cin-2026-05-24,over_ladder,mlb-stl-cin-2026-05-24-total-12pt5,mlb-stl-cin-2026-05-24-total-11pt5,0.28,0.21,0.07,0.055,2.2,0.07,True,True
2026-07-25T18:20:25+00:00,mlb-stl-cin-2026-05-24,over_ladder,mlb-stl-cin-2026-05-24-total-12pt5,mlb-stl-cin-2026-05-24-total-11pt5,0.28,0.21,0.07,0.055,2.2,0.07,True,True
2026-07-25T18:20:50+00:00,mlb-stl-cin-2026-05-24,over_ladder,mlb-stl-cin-2026-05-24-total-12pt5,mlb-stl-cin-2026-05-24-total-11pt5,0.28,0.21,0.07,0.055,2.2,0.07,True,True
2026-07-25T18:21:16+00:00,mlb-stl-cin-2026-05-24,over_ladder,mlb-stl-cin-2026-05-24-total-12pt5,mlb-stl-cin-2026-05-24-total-11pt5,0.28,0.21,0.07,0.055,2.2,0.07,True,True
2026-07-25T18:21:42+00:00,mlb-stl-cin-2026-05-24,over_ladder,mlb-stl-cin-2026-05-24-total-12pt5,mlb-stl-cin-2026-05-24-total-11pt5,0.28,0.21,0.07,0.055,2.2,0.07,True,True
2026-07-25T18:22:08+00:00,mlb-stl-cin-2026-05-24,over_ladder,mlb-stl-cin-2026-05-24-total-12pt5,mlb-stl-cin-2026-05-24-total-11pt5,0.28,0.21,0.07,0.055,2.2,0.07,True,True
2026-07-25T18:22:33+00:00,mlb-stl-cin-2026-05-24,over_ladder,mlb-stl-cin-2026-05-24-total-12pt5,mlb-stl-cin-2026-05-24-total-11pt5,0.28,0.21,0.07,0.055,2.2,0.07,True,True
2026-07-25T18:22:59+00:00,mlb-stl-cin-2026-05-24,over_ladder,mlb-stl-cin-2026-05-24-total-12pt5,mlb-stl-cin-2026-05-24-total-11pt5,0.28,0.21,0.07,0.055,2.2,0.07,True,True
2026-07-25T18:23:25+00:00,mlb-stl-cin-2026-05-24,over_ladder,mlb-stl-cin-2026-05-24-total-12pt5,mlb-stl-cin-2026-05-24-total-11pt5,0.28,0.21,0.07,0.055,2.2,0.07,True,True
2026-07-25T18:23:50+00:00,mlb-stl-cin-2026-05-24,over_ladder,mlb-stl-cin-2026-05-24-total-12pt5,mlb-stl-cin-2026-05-24-total-11pt5,0.28,0.21,0.07,0.055,2.2,0.07,True,True
2026-07-25T18:24:16+00:00,mlb-stl-cin-2026-05-24,over_ladder,mlb-stl-cin-2026-05-24-total-12pt5,mlb-stl-cin-2026-05-24-total-11pt5,0.28,0.21,0.07,0.055,2.2,0.07,True,True
2026-07-25T18:24:42+00:00,mlb-stl-cin-2026-05-24,over_ladder,mlb-stl-cin-2026-05-24-total-12pt5,mlb-stl-cin-2026-05-24-total-11pt5,0.28,0.21,0.07,0.055,2.2,0.07,True,True
2026-07-25T18:25:08+00:00,mlb-stl-cin-2026-05-24,over_ladder,mlb-stl-cin-2026-05-24-total-12pt5,mlb-stl-cin-2026-05-24-total-11pt5,0.28,0.21,0.07,0.055,2.2,0.07,True,True
2026-07-25T18:25:33+00:00,mlb-stl-cin-2026-05-24,over_ladder,mlb-stl-cin-2026-05-24-total-12pt5,mlb-stl-cin-2026-05-24-total-11pt5,0.28,0.21,0.07,0.055,2.2,0.07,True,True
2026-07-25T18:25:59+00:00,mlb-stl-cin-2026-05-24,over_ladder,mlb-stl-cin-2026-05-24-total-12pt5,mlb-stl-cin-2026-05-24-total-11pt5,0.28,0.21,0.07,0.055,2.2,0.07,True,True
2026-07-25T18:26:26+00:00,mlb-stl-cin-2026-05-24,over_ladder,mlb-stl-cin-2026-05-24-total-12pt5,mlb-stl-cin-2026-05-24-total-11pt5,0.28,0.21,0.07,0.055,2.2,0.07,True,True
2026-07-25T18:26:52+00:00,mlb-stl-cin-2026-05-24,over_ladder,mlb-stl-cin-2026-05-24-total-12pt5,mlb-stl-cin-2026-05-24-total-11pt5,0.28,0.21,0.07,0.055,2.2,0.07,True,True
2026-07-25T18:27:17+00:00,mlb-stl-cin-2026-05-24,over_ladder,mlb-stl-cin-2026-05-24-total-12pt5,mlb-stl-cin-2026-05-24-total-11pt5,0.28,0.21,0.07,0.055,2.2,0.07,True,True
2026-07-25T18:27:43+00:00,mlb-stl-cin-2026-05-24,over_ladder,mlb-stl-cin-2026-05-24-total-12pt5,mlb-stl-cin-2026-05-24-total-11pt5,0.28,0.21,0.07,0.055,2.2,0.07,True,True
2026-07-25T18:28:09+00:00,mlb-stl-cin-2026-05-24,over_ladder,mlb-stl-cin-2026-05-24-total-12pt5,mlb-stl-cin-2026-05-24-total-11pt5,0.28,0.21,0.07,0.055,2.2,0.07,True,True
2026-07-25T18:28:34+00:00,mlb-stl-cin-2026-05-24,over_ladder,mlb-stl-cin-2026-05-24-total-12pt5,mlb-stl-cin-2026-05-24-total-11pt5,0.28,0.21,0.07,0.055,2.2,0.07,True,True
2026-07-25T18:29:00+00:00,mlb-stl-cin-2026-05-24,over_ladder,mlb-stl-cin-2026-05-24-total-12pt5,mlb-stl-cin-2026-05-24-total-11pt5,0.28,0.21,0.07,0.055,2.2,0.07,True,True
2026-07-25T18:29:26+00:00,mlb-stl-cin-2026-05-24,over_ladder,mlb-stl-cin-2026-05-24-total-12pt5,mlb-stl-cin-2026-05-24-total-11pt5,0.28,0.21,0.07,0.055,2.2,0.07,True,True
2026-07-25T18:29:52+00:00,mlb-stl-cin-2026-05-24,over_ladder,mlb-stl-cin-2026-05-24-total-12pt5,mlb-stl-cin-2026-05-24-total-11pt5,0.28,0.21,0.07,0.055,2.2,0.07,True,True
2026-07-25T18:30:17+00:00,mlb-stl-cin-2026-05-24,over_ladder,mlb-stl-cin-2026-05-24-total-12pt5,mlb-stl-cin-2026-05-24-total-11pt5,0.28,0.21,0.07,0.055,2.2,0.07,True,True
2026-07-25T18:30:43+00:00,mlb-stl-cin-2026-05-24,over_ladder,mlb-stl-cin-2026-05-24-total-12pt5,mlb-stl-cin-2026-05-24-total-11pt5,0.28,0.21,0.07,0.055,2.2,0.07,True,True
2026-07-25T18:31:09+00:00,mlb-stl-cin-2026-05-24,over_ladder,mlb-stl-cin-2026-05-24-total-12pt5,mlb-stl-cin-2026-05-24-total-11pt5,0.28,0.21,0.07,0.055,2.2,0.07,True,True
2026-07-25T18:31:35+00:00,mlb-stl-cin-2026-05-24,over_ladder,mlb-stl-cin-2026-05-24-total-12pt5,mlb-stl-cin-2026-05-24-total-11pt5,0.28,0.21,0.07,0.055,2.2,0.07,True,True
2026-07-25T18:32:01+00:00,mlb-stl-cin-2026-05-24,over_ladder,mlb-stl-cin-2026-05-24-total-12pt5,mlb-stl-cin-2026-05-24-total-11pt5,0.28,0.21,0.07,0.055,2.2,0.07,True,True
2026-07-25T18:32:26+00:00,mlb-stl-cin-2026-05-24,over_ladder,mlb-stl-cin-2026-05-24-total-12pt5,mlb-stl-cin-2026-05-24-total-11pt5,0.28,0.21,0.07,0.055,2.2,0.07,True,True
2026-07-25T18:32:52+00:00,mlb-stl-cin-2026-05-24,over_ladder,mlb-stl-cin-2026-05-24-total-12pt5,mlb-stl-cin-2026-05-24-total-11pt5,0.28,0.21,0.07,0.055,2.2,0.07,True,True
2026-07-25T18:33:18+00:00,mlb-stl-cin-2026-05-24,over_ladder,mlb-stl-cin-2026-05-24-total-12pt5,mlb-stl-cin-2026-05-24-total-11pt5,0.28,0.21,0.07,0.055,2.2,0.07,True,True
2026-07-25T18:33:44+00:00,mlb-stl-cin-2026-05-24,over_ladder,mlb-stl-cin-2026-05-24-total-12pt5,mlb-stl-cin-2026-05-24-total-11pt5,0.28,0.21,0.07,0.055,2.2,0.07,True,True
2026-07-25T18:34:09+00:00,mlb-stl-cin-2026-05-24,over_ladder,mlb-stl-cin-2026-05-24-total-12pt5,mlb-stl-cin-2026-05-24-total-11pt5,0.28,0.21,0.07,0.055,2.2,0.07,True,True
2026-07-25T18:34:35+00:00,mlb-stl-cin-2026-05-24,over_ladder,mlb-stl-cin-2026-05-24-total-12pt5,mlb-stl-cin-2026-05-24-total-11pt5,0.28,0.21,0.07,0.055,2.2,0.07,True,True
2026-07-25T18:35:01+00:00,mlb-stl-cin-2026-05-24,over_ladder,mlb-stl-cin-2026-05-24-total-12pt5,mlb-stl-cin-2026-05-24-total-11pt5,0.28,0.21,0.07,0.055,2.2,0.07,True,True
2026-07-25T18:35:27+00:00,mlb-stl-cin-2026-05-24,over_ladder,mlb-stl-cin-2026-05-24-total-12pt5,mlb-stl-cin-2026-05-24-total-11pt5,0.28,0.21,0.07,0.055,2.2,0.07,True,True
2026-07-25T18:35:52+00:00,mlb-stl-cin-2026-05-24,over_ladder,mlb-stl-cin-2026-05-24-total-12pt5,mlb-stl-cin-2026-05-24-total-11pt5,0.28,0.21,0.07,0.055,2.2,0.07,True,True
2026-07-25T18:36:18+00:00,mlb-stl-cin-2026-05-24,over_ladder,mlb-stl-cin-2026-05-24-total-12pt5,mlb-stl-cin-2026-05-24-total-11pt5,0.28,0.21,0.07,0.055,2.2,0.07,True,True
2026-07-25T18:36:45+00:00,mlb-stl-cin-2026-05-24,over_ladder,mlb-stl-cin-2026-05-24-total-12pt5,mlb-stl-cin-2026-05-24-total-11pt5,0.28,0.21,0.07,0.055,2.2,0.07,True,True
2026-07-25T18:37:11+00:00,mlb-stl-cin-2026-05-24,over_ladder,mlb-stl-cin-2026-05-24-total-12pt5,mlb-stl-cin-2026-05-24-total-11pt5,0.28,0.21,0.07,0.055,2.2,0.07,True,True
2026-07-25T18:37:37+00:00,mlb-stl-cin-2026-05-24,over_ladder,mlb-stl-cin-2026-05-24-total-12pt5,mlb-stl-cin-2026-05-24-total-11pt5,0.28,0.21,0.07,0.055,2.2,0.07,True,True
2026-07-25T18:38:02+00:00,mlb-stl-cin-2026-05-24,over_ladder,mlb-stl-cin-2026-05-24-total-12pt5,mlb-stl-cin-2026-05-24-total-11pt5,0.28,0.21,0.07,0.055,2.2,0.07,True,True
2026-07-25T18:38:28+00:00,mlb-stl-cin-2026-05-24,over_ladder,mlb-stl-cin-2026-05-24-total-12pt5,mlb-stl-cin-2026-05-24-total-11pt5,0.28,0.21,0.07,0.055,2.2,0.07,True,True
2026-07-25T18:38:54+00:00,mlb-stl-cin-2026-05-24,over_ladder,mlb-stl-cin-2026-05-24-total-12pt5,mlb-stl-cin-2026-05-24-total-11pt5,0.28,0.21,0.07,0.055,2.2,0.07,True,True
2026-07-25T18:39:20+00:00,mlb-stl-cin-2026-05-24,over_ladder,mlb-stl-cin-2026-05-24-total-12pt5,mlb-stl-cin-2026-05-24-total-11pt5,0.28,0.21,0.07,0.055,2.2,0.07,True,True
2026-07-25T18:39:46+00:00,mlb-stl-cin-2026-05-24,over_ladder,mlb-stl-cin-2026-05-24-total-12pt5,mlb-stl-cin-2026-05-24-total-11pt5,0.28,0.21,0.07,0.055,2.2,0.07,True,True
2026-07-25T18:40:12+00:00,mlb-stl-cin-2026-05-24,over_ladder,mlb-stl-cin-2026-05-24-total-12pt5,mlb-stl-cin-2026-05-24-total-11pt5,0.28,0.21,0.07,0.055,2.2,0.07,True,True
2026-07-25T18:40:38+00:00,mlb-stl-cin-2026-05-24,over_ladder,mlb-stl-cin-2026-05-24-total-12pt5,mlb-stl-cin-2026-05-24-total-11pt5,0.28,0.21,0.07,0.055,2.2,0.07,True,True
2026-07-25T18:41:03+00:00,mlb-stl-cin-2026-05-24,over_ladder,mlb-stl-cin-2026-05-24-total-12pt5,mlb-stl-cin-2026-05-24-total-11pt5,0.28,0.21,0.07,0.055,2.2,0.07,True,True
2026-07-25T18:41:29+00:00,mlb-stl-cin-2026-05-24,over_ladder,mlb-stl-cin-2026-05-24-total-12pt5,mlb-stl-cin-2026-05-24-total-11pt5,0.28,0.21,0.07,0.055,2.2,0.07,True,True
2026-07-25T18:41:55+00:00,mlb-stl-cin-2026-05-24,over_ladder,mlb-stl-cin-2026-05-24-total-12pt5,mlb-stl-cin-2026-05-24-total-11pt5,0.28,0.21,0.07,0.055,2.2,0.07,True,True
2026-07-25T18:42:21+00:00,mlb-stl-cin-2026-05-24,over_ladder,mlb-stl-cin-2026-05-24-total-12pt5,mlb-stl-cin-2026-05-24-total-11pt5,0.28,0.21,0.07,0.055,2.2,0.07,True,True
2026-07-25T18:42:47+00:00,mlb-stl-cin-2026-05-24,over_ladder,mlb-stl-cin-2026-05-24-total-12pt5,mlb-stl-cin-2026-05-24-total-11pt5,0.28,0.21,0.07,0.055,2.2,0.07,True,True
2026-07-25T18:43:13+00:00,mlb-stl-cin-2026-05-24,over_ladder,mlb-stl-cin-2026-05-24-total-12pt5,mlb-stl-cin-2026-05-24-total-11pt5,0.28,0.21,0.07,0.055,2.2,0.07,True,True
2026-07-25T18:43:38+00:00,mlb-stl-cin-2026-05-24,over_ladder,mlb-stl-cin-2026-05-24-total-12pt5,mlb-stl-cin-2026-05-24-total-11pt5,0.28,0.21,0.07,0.055,2.2,0.07,True,True
2026-07-25T18:44:04+00:00,mlb-stl-cin-2026-05-24,over_ladder,mlb-stl-cin-2026-05-24-total-12pt5,mlb-stl-cin-2026-05-24-total-11pt5,0.28,0.21,0.07,0.055,2.2,0.07,True,True
2026-07-25T18:44:30+00:00,mlb-stl-cin-2026-05-24,over_ladder,mlb-stl-cin-2026-05-24-total-12pt5,mlb-stl-cin-2026-05-24-total-11pt5,0.28,0.21,0.07,0.055,2.2,0.07,True,True
2026-07-25T18:44:56+00:00,mlb-stl-cin-2026-05-24,over_ladder,mlb-stl-cin-2026-05-24-total-12pt5,mlb-stl-cin-2026-05-24-total-11pt5,0.28,0.21,0.07,0.055,2.2,0.07,True,True
2026-07-25T18:45:22+00:00,mlb-stl-cin-2026-05-24,over_ladder,mlb-stl-cin-2026-05-24-total-12pt5,mlb-stl-cin-2026-05-24-total-11pt5,0.28,0.21,0.07,0.055,2.2,0.07,True,True
2026-07-25T18:45:48+00:00,mlb-stl-cin-2026-05-24,over_ladder,mlb-stl-cin-2026-05-24-total-12pt5,mlb-stl-cin-2026-05-24-total-11pt5,0.28,0.21,0.07,0.055,2.2,0.07,True,True
2026-07-25T18:46:14+00:00,mlb-stl-cin-2026-05-24,over_ladder,mlb-stl-cin-2026-05-24-total-12pt5,mlb-stl-cin-2026-05-24-total-11pt5,0.28,0.21,0.07,0.055,2.2,0.07,True,True
2026-07-25T18:46:39+00:00,mlb-stl-cin-2026-05-24,over_ladder,mlb-stl-cin-2026-05-24-total-12pt5,mlb-stl-cin-2026-05-24-total-11pt5,0.28,0.21,0.07,0.055,2.2,0.07,True,True
2026-07-25T18:47:06+00:00,mlb-stl-cin-2026-05-24,over_ladder,mlb-stl-cin-2026-05-24-total-12pt5,mlb-stl-cin-2026-05-24-total-11pt5,0.28,0.21,0.07,0.055,2.2,0.07,True,True
2026-07-25T18:47:32+00:00,mlb-stl-cin-2026-05-24,over_ladder,mlb-stl-cin-2026-05-24-total-12pt5,mlb-stl-cin-2026-05-24-total-11pt5,0.28,0.21,0.07,0.055,2.2,0.07,True,True
2026-07-25T18:47:58+00:00,mlb-stl-cin-2026-05-24,over_ladder,mlb-stl-cin-2026-05-24-total-12pt5,mlb-stl-cin-2026-05-24-total-11pt5,0.28,0.21,0.07,0.055,2.2,0.07,True,True
2026-07-25T18:48:23+00:00,mlb-stl-cin-2026-05-24,over_ladder,mlb-stl-cin-2026-05-24-total-12pt5,mlb-stl-cin-2026-05-24-total-11pt5,0.28,0.21,0.07,0.055,2.2,0.07,True,True
2026-07-25T18:48:49+00:00,mlb-stl-cin-2026-05-24,over_ladder,mlb-stl-cin-2026-05-24-total-12pt5,mlb-stl-cin-2026-05-24-total-11pt5,0.28,0.21,0.07,0.055,2.2,0.07,True,True
2026-07-25T18:49:15+00:00,mlb-stl-cin-2026-05-24,over_ladder,mlb-stl-cin-2026-05-24-total-12pt5,mlb-stl-cin-2026-05-24-total-11pt5,0.28,0.21,0.07,0.055,2.2,0.07,True,True
2026-07-25T18:49:41+00:00,mlb-stl-cin-2026-05-24,over_ladder,mlb-stl-cin-2026-05-24-total-12pt5,mlb-stl-cin-2026-05-24-total-11pt5,0.28,0.21,0.07,0.055,2.2,0.07,True,True
2026-07-25T18:50:07+00:00,mlb-stl-cin-2026-05-24,over_ladder,mlb-stl-cin-2026-05-24-total-12pt5,mlb-stl-cin-2026-05-24-total-11pt5,0.28,0.21,0.07,0.055,2.2,0.07,True,True
2026-07-25T18:50:33+00:00,mlb-stl-cin-2026-05-24,over_ladder,mlb-stl-cin-2026-05-24-total-12pt5,mlb-stl-cin-2026-05-24-total-11pt5,0.28,0.21,0.07,0.055,2.2,0.07,True,True
2026-07-25T18:50:59+00:00,mlb-stl-cin-2026-05-24,over_ladder,mlb-stl-cin-2026-05-24-total-12pt5,mlb-stl-cin-2026-05-24-total-11pt5,0.28,0.21,0.07,0.055,2.2,0.07,True,True
2026-07-25T18:51:24+00:00,mlb-stl-cin-2026-05-24,over_ladder,mlb-stl-cin-2026-05-24-total-12pt5,mlb-stl-cin-2026-05-24-total-11pt5,0.28,0.21,0.07,0.055,2.2,0.07,True,True
2026-07-25T18:51:50+00:00,mlb-stl-cin-2026-05-24,over_ladder,mlb-stl-cin-2026-05-24-total-12pt5,mlb-stl-cin-2026-05-24-total-11pt5,0.28,0.21,0.07,0.055,2.2,0.07,True,True
2026-07-25T18:52:16+00:00,mlb-stl-cin-2026-05-24,over_ladder,mlb-stl-cin-2026-05-24-total-12pt5,mlb-stl-cin-2026-05-24-total-11pt5,0.28,0.21,0.07,0.055,2.2,0.07,True,True
2026-07-25T18:52:42+00:00,mlb-stl-cin-2026-05-24,over_ladder,mlb-stl-cin-2026-05-24-total-12pt5,mlb-stl-cin-2026-05-24-total-11pt5,0.28,0.21,0.07,0.055,2.2,0.07,True,True
2026-07-25T18:53:08+00:00,mlb-stl-cin-2026-05-24,over_ladder,mlb-stl-cin-2026-05-24-total-12pt5,mlb-stl-cin-2026-05-24-total-11pt5,0.28,0.21,0.07,0.055,2.2,0.07,True,True
2026-07-25T18:53:33+00:00,mlb-stl-cin-2026-05-24,over_ladder,mlb-stl-cin-2026-05-24-total-12pt5,mlb-stl-cin-2026-05-24-total-11pt5,0.28,0.21,0.07,0.055,2.2,0.07,True,True
2026-07-25T18:53:59+00:00,mlb-stl-cin-2026-05-24,over_ladder,mlb-stl-cin-2026-05-24-total-12pt5,mlb-stl-cin-2026-05-24-total-11pt5,0.28,0.21,0.07,0.055,2.2,0.07,True,True
2026-07-25T18:54:25+00:00,mlb-stl-cin-2026-05-24,over_ladder,mlb-stl-cin-2026-05-24-total-12pt5,mlb-stl-cin-2026-05-24-total-11pt5,0.28,0.21,0.07,0.055,2.2,0.07,True,True
2026-07-25T18:54:51+00:00,mlb-stl-cin-2026-05-24,over_ladder,mlb-stl-cin-2026-05-24-total-12pt5,mlb-stl-cin-2026-05-24-total-11pt5,0.28,0.21,0.07,0.055,2.2,0.07,True,True
2026-07-25T18:55:17+00:00,mlb-stl-cin-2026-05-24,over_ladder,mlb-stl-cin-2026-05-24-total-12pt5,mlb-stl-cin-2026-05-24-total-11pt5,0.28,0.21,0.07,0.055,2.2,0.07,True,True
2026-07-25T18:55:43+00:00,mlb-stl-cin-2026-05-24,over_ladder,mlb-stl-cin-2026-05-24-total-12pt5,mlb-stl-cin-2026-05-24-total-11pt5,0.28,0.21,0.07,0.055,2.2,0.07,True,True
2026-07-25T18:56:09+00:00,mlb-stl-cin-2026-05-24,over_ladder,mlb-stl-cin-2026-05-24-total-12pt5,mlb-stl-cin-2026-05-24-total-11pt5,0.28,0.21,0.07,0.055,2.2,0.07,True,True
2026-07-25T18:56:34+00:00,mlb-stl-cin-2026-05-24,over_ladder,mlb-stl-cin-2026-05-24-total-12pt5,mlb-stl-cin-2026-05-24-total-11pt5,0.28,0.21,0.07,0.055,2.2,0.07,True,True
2026-07-25T18:57:00+00:00,mlb-stl-cin-2026-05-24,over_ladder,mlb-stl-cin-2026-05-24-total-12pt5,mlb-stl-cin-2026-05-24-total-11pt5,0.28,0.21,0.07,0.055,2.2,0.07,True,True
2026-07-25T18:57:27+00:00,mlb-stl-cin-2026-05-24,over_ladder,mlb-stl-cin-2026-05-24-total-12pt5,mlb-stl-cin-2026-05-24-total-11pt5,0.28,0.21,0.07,0.055,2.2,0.07,True,True
2026-07-25T18:57:53+00:00,mlb-stl-cin-2026-05-24,over_ladder,mlb-stl-cin-2026-05-24-total-12pt5,mlb-stl-cin-2026-05-24-total-11pt5,0.28,0.21,0.07,0.055,2.2,0.07,True,True
2026-07-25T18:58:19+00:00,mlb-stl-cin-2026-05-24,over_ladder,mlb-stl-cin-2026-05-24-total-12pt5,mlb-stl-cin-2026-05-24-total-11pt5,0.28,0.21,0.07,0.055,2.2,0.07,True,True
2026-07-25T18:58:45+00:00,mlb-stl-cin-2026-05-24,over_ladder,mlb-stl-cin-2026-05-24-total-12pt5,mlb-stl-cin-2026-05-24-total-11pt5,0.28,0.21,0.07,0.055,2.2,0.07,True,True
2026-07-25T18:59:11+00:00,mlb-stl-cin-2026-05-24,over_ladder,mlb-stl-cin-2026-05-24-total-12pt5,mlb-stl-cin-2026-05-24-total-11pt5,0.28,0.21,0.07,0.055,2.2,0.07,True,True
2026-07-25T18:59:36+00:00,mlb-stl-cin-2026-05-24,over_ladder,mlb-stl-cin-2026-05-24-total-12pt5,mlb-stl-cin-2026-05-24-total-11pt5,0.28,0.21,0.07,0.055,2.2,0.07,True,True
2026-07-25T19:00:02+00:00,mlb-stl-cin-2026-05-24,over_ladder,mlb-stl-cin-2026-05-24-total-12pt5,mlb-stl-cin-2026-05-24-total-11pt5,0.28,0.21,0.07,0.055,2.2,0.07,True,True
2026-07-25T19:00:28+00:00,mlb-stl-cin-2026-05-24,over_ladder,mlb-stl-cin-2026-05-24-total-12pt5,mlb-stl-cin-2026-05-24-total-11pt5,0.28,0.21,0.07,0.055,2.2,0.07,True,True
2026-07-25T19:00:54+00:00,mlb-stl-cin-2026-05-24,over_ladder,mlb-stl-cin-2026-05-24-total-12pt5,mlb-stl-cin-2026-05-24-total-11pt5,0.28,0.21,0.07,0.055,2.2,0.07,True,True
2026-07-25T19:01:20+00:00,mlb-stl-cin-2026-05-24,over_ladder,mlb-stl-cin-2026-05-24-total-12pt5,mlb-stl-cin-2026-05-24-total-11pt5,0.28,0.21,0.07,0.055,2.2,0.07,True,True
2026-07-25T19:01:46+00:00,mlb-stl-cin-2026-05-24,over_ladder,mlb-stl-cin-2026-05-24-total-12pt5,mlb-stl-cin-2026-05-24-total-11pt5,0.28,0.21,0.07,0.055,2.2,0.07,True,True
2026-07-25T19:02:11+00:00,mlb-stl-cin-2026-05-24,over_ladder,mlb-stl-cin-2026-05-24-total-12pt5,mlb-stl-cin-2026-05-24-total-11pt5,0.28,0.21,0.07,0.055,2.2,0.07,True,True
2026-07-25T19:02:37+00:00,mlb-stl-cin-2026-05-24,over_ladder,mlb-stl-cin-2026-05-24-total-12pt5,mlb-stl-cin-2026-05-24-total-11pt5,0.28,0.21,0.07,0.055,2.2,0.07,True,True
2026-07-25T19:03:03+00:00,mlb-stl-cin-2026-05-24,over_ladder,mlb-stl-cin-2026-05-24-total-12pt5,mlb-stl-cin-2026-05-24-total-11pt5,0.28,0.21,0.07,0.055,2.2,0.07,True,True
2026-07-25T19:03:29+00:00,mlb-stl-cin-2026-05-24,over_ladder,mlb-stl-cin-2026-05-24-total-12pt5,mlb-stl-cin-2026-05-24-total-11pt5,0.28,0.21,0.07,0.055,2.2,0.07,True,True
2026-07-25T19:03:55+00:00,mlb-stl-cin-2026-05-24,over_ladder,mlb-stl-cin-2026-05-24-total-12pt5,mlb-stl-cin-2026-05-24-total-11pt5,0.28,0.21,0.07,0.055,2.2,0.07,True,True
2026-07-25T19:04:21+00:00,mlb-stl-cin-2026-05-24,over_ladder,mlb-stl-cin-2026-05-24-total-12pt5,mlb-stl-cin-2026-05-24-total-11pt5,0.28,0.21,0.07,0.055,2.2,0.07,True,True
2026-07-25T19:04:47+00:00,mlb-stl-cin-2026-05-24,over_ladder,mlb-stl-cin-2026-05-24-total-12pt5,mlb-stl-cin-2026-05-24-total-11pt5,0.28,0.21,0.07,0.055,2.2,0.07,True,True
2026-07-25T19:05:12+00:00,mlb-stl-cin-2026-05-24,over_ladder,mlb-stl-cin-2026-05-24-total-12pt5,mlb-stl-cin-2026-05-24-total-11pt5,0.28,0.21,0.07,0.055,2.2,0.07,True,True
2026-07-25T19:05:38+00:00,mlb-stl-cin-2026-05-24,over_ladder,mlb-stl-cin-2026-05-24-total-12pt5,mlb-stl-cin-2026-05-24-total-11pt5,0.28,0.21,0.07,0.055,2.2,0.07,True,True
2026-07-25T19:06:04+00:00,mlb-stl-cin-2026-05-24,over_ladder,mlb-stl-cin-2026-05-24-total-12pt5,mlb-stl-cin-2026-05-24-total-11pt5,0.28,0.21,0.07,0.055,2.2,0.07,True,True
2026-07-25T19:06:30+00:00,mlb-stl-cin-2026-05-24,over_ladder,mlb-stl-cin-2026-05-24-total-12pt5,mlb-stl-cin-2026-05-24-total-11pt5,0.28,0.21,0.07,0.055,2.2,0.07,True,True
2026-07-25T19:06:56+00:00,mlb-stl-cin-2026-05-24,over_ladder,mlb-stl-cin-2026-05-24-total-12pt5,mlb-stl-cin-2026-05-24-total-11pt5,0.28,0.21,0.07,0.055,2.2,0.07,True,True
2026-07-25T19:07:22+00:00,mlb-stl-cin-2026-05-24,over_ladder,mlb-stl-cin-2026-05-24-total-12pt5,mlb-stl-cin-2026-05-24-total-11pt5,0.28,0.21,0.07,0.055,2.2,0.07,True,True
2026-07-25T19:07:48+00:00,mlb-stl-cin-2026-05-24,over_ladder,mlb-stl-cin-2026-05-24-total-12pt5,mlb-stl-cin-2026-05-24-total-11pt5,0.28,0.21,0.07,0.055,2.2,0.07,True,True
2026-07-25T19:08:14+00:00,mlb-stl-cin-2026-05-24,over_ladder,mlb-stl-cin-2026-05-24-total-12pt5,mlb-stl-cin-2026-05-24-total-11pt5,0.28,0.21,0.07,0.055,2.2,0.07,True,True
2026-07-25T19:08:40+00:00,mlb-stl-cin-2026-05-24,over_ladder,mlb-stl-cin-2026-05-24-total-12pt5,mlb-stl-cin-2026-05-24-total-11pt5,0.28,0.21,0.07,0.055,2.2,0.07,True,True
2026-07-25T19:09:06+00:00,mlb-stl-cin-2026-05-24,over_ladder,mlb-stl-cin-2026-05-24-total-12pt5,mlb-stl-cin-2026-05-24-total-11pt5,0.28,0.21,0.07,0.055,2.2,0.07,True,True
2026-07-25T19:09:32+00:00,mlb-stl-cin-2026-05-24,over_ladder,mlb-stl-cin-2026-05-24-total-12pt5,mlb-stl-cin-2026-05-24-total-11pt5,0.28,0.21,0.07,0.055,2.2,0.07,True,True
2026-07-25T19:09:57+00:00,mlb-stl-cin-2026-05-24,over_ladder,mlb-stl-cin-2026-05-24-total-12pt5,mlb-stl-cin-2026-05-24-total-11pt5,0.28,0.21,0.07,0.055,2.2,0.07,True,True
2026-07-25T19:10:23+00:00,mlb-stl-cin-2026-05-24,over_ladder,mlb-stl-cin-2026-05-24-total-12pt5,mlb-stl-cin-2026-05-24-total-11pt5,0.28,0.21,0.07,0.055,2.2,0.07,True,True
2026-07-25T19:10:49+00:00,mlb-stl-cin-2026-05-24,over_ladder,mlb-stl-cin-2026-05-24-total-12pt5,mlb-stl-cin-2026-05-24-total-11pt5,0.28,0.21,0.07,0.055,2.2,0.07,True,True
2026-07-25T19:11:15+00:00,mlb-stl-cin-2026-05-24,over_ladder,mlb-stl-cin-2026-05-24-total-12pt5,mlb-stl-cin-2026-05-24-total-11pt5,0.28,0.21,0.07,0.055,2.2,0.07,True,True
2026-07-25T19:11:41+00:00,mlb-stl-cin-2026-05-24,over_ladder,mlb-stl-cin-2026-05-24-total-12pt5,mlb-stl-cin-2026-05-24-total-11pt5,0.28,0.21,0.07,0.055,2.2,0.07,True,True
2026-07-25T19:12:06+00:00,mlb-stl-cin-2026-05-24,over_ladder,mlb-stl-cin-2026-05-24-total-12pt5,mlb-stl-cin-2026-05-24-total-11pt5,0.28,0.21,0.07,0.055,2.2,0.07,True,True
2026-07-25T19:12:32+00:00,mlb-stl-cin-2026-05-24,over_ladder,mlb-stl-cin-2026-05-24-total-12pt5,mlb-stl-cin-2026-05-24-total-11pt5,0.28,0.21,0.07,0.055,2.2,0.07,True,True
2026-07-25T19:12:58+00:00,mlb-stl-cin-2026-05-24,over_ladder,mlb-stl-cin-2026-05-24-total-12pt5,mlb-stl-cin-2026-05-24-total-11pt5,0.28,0.21,0.07,0.055,2.2,0.07,True,True
2026-07-25T19:17:02+00:00,mlb-stl-cin-2026-05-24,over_ladder,mlb-stl-cin-2026-05-24-total-12pt5,mlb-stl-cin-2026-05-24-total-11pt5,0.28,0.21,0.07,0.055,2.2,0.07,True,True
2026-07-25T19:17:27+00:00,mlb-stl-cin-2026-05-24,over_ladder,mlb-stl-cin-2026-05-24-total-12pt5,mlb-stl-cin-2026-05-24-total-11pt5,0.28,0.21,0.07,0.055,2.2,0.07,True,True
2026-07-25T19:17:53+00:00,mlb-stl-cin-2026-05-24,over_ladder,mlb-stl-cin-2026-05-24-total-12pt5,mlb-stl-cin-2026-05-24-total-11pt5,0.28,0.21,0.07,0.055,2.2,0.07,True,True
2026-07-25T19:18:18+00:00,mlb-stl-cin-2026-05-24,over_ladder,mlb-stl-cin-2026-05-24-total-12pt5,mlb-stl-cin-2026-05-24-total-11pt5,0.28,0.21,0.07,0.055,2.2,0.07,True,True
2026-07-25T19:18:44+00:00,mlb-stl-cin-2026-05-24,over_ladder,mlb-stl-cin-2026-05-24-total-12pt5,mlb-stl-cin-2026-05-24-total-11pt5,0.28,0.21,0.07,0.055,2.2,0.07,True,True
2026-07-25T19:19:10+00:00,mlb-stl-cin-2026-05-24,over_ladder,mlb-stl-cin-2026-05-24-total-12pt5,mlb-stl-cin-2026-05-24-total-11pt5,0.28,0.21,0.07,0.055,2.2,0.07,True,True
2026-07-25T19:19:35+00:00,mlb-stl-cin-2026-05-24,over_ladder,mlb-stl-cin-2026-05-24-total-12pt5,mlb-stl-cin-2026-05-24-total-11pt5,0.28,0.21,0.07,0.055,2.2,0.07,True,True
2026-07-25T19:20:01+00:00,mlb-stl-cin-2026-05-24,over_ladder,mlb-stl-cin-2026-05-24-total-12pt5,mlb-stl-cin-2026-05-24-total-11pt5,0.28,0.21,0.07,0.055,2.2,0.07,True,True
2026-07-25T19:20:26+00:00,mlb-stl-cin-2026-05-24,over_ladder,mlb-stl-cin-2026-05-24-total-12pt5,mlb-stl-cin-2026-05-24-total-11pt5,0.28,0.21,0.07,0.055,2.2,0.07,True,True
2026-07-25T19:20:52+00:00,mlb-stl-cin-2026-05-24,over_ladder,mlb-stl-cin-2026-05-24-total-12pt5,mlb-stl-cin-2026-05-24-total-11pt5,0.28,0.21,0.07,0.055,2.2,0.07,True,True
2026-07-25T19:21:18+00:00,mlb-stl-cin-2026-05-24,over_ladder,mlb-stl-cin-2026-05-24-total-12pt5,mlb-stl-cin-2026-05-24-total-11pt5,0.28,0.21,0.07,0.055,2.2,0.07,True,True
2026-07-25T19:21:43+00:00,mlb-stl-cin-2026-05-24,over_ladder,mlb-stl-cin-2026-05-24-total-12pt5,mlb-stl-cin-2026-05-24-total-11pt5,0.28,0.21,0.07,0.055,2.2,0.07,True,True
2026-07-25T19:22:09+00:00,mlb-stl-cin-2026-05-24,over_ladder,mlb-stl-cin-2026-05-24-total-12pt5,mlb-stl-cin-2026-05-24-total-11pt5,0.28,0.21,0.07,0.055,2.2,0.07,True,True
2026-07-25T19:22:34+00:00,mlb-stl-cin-2026-05-24,over_ladder,mlb-stl-cin-2026-05-24-total-12pt5,mlb-stl-cin-2026-05-24-total-11pt5,0.28,0.21,0.07,0.055,2.2,0.07,True,True
2026-07-25T19:23:00+00:00,mlb-stl-cin-2026-05-24,over_ladder,mlb-stl-cin-2026-05-24-total-12pt5,mlb-stl-cin-2026-05-24-total-11pt5,0.28,0.21,0.07,0.055,2.2,0.07,True,True
2026-07-25T19:23:25+00:00,mlb-stl-cin-2026-05-24,over_ladder,mlb-stl-cin-2026-05-24-total-12pt5,mlb-stl-cin-2026-05-24-total-11pt5,0.28,0.21,0.07,0.055,2.2,0.07,True,True
2026-07-25T19:23:51+00:00,mlb-stl-cin-2026-05-24,over_ladder,mlb-stl-cin-2026-05-24-total-12pt5,mlb-stl-cin-2026-05-24-total-11pt5,0.28,0.21,0.07,0.055,2.2,0.07,True,True
2026-07-25T19:24:17+00:00,mlb-stl-cin-2026-05-24,over_ladder,mlb-stl-cin-2026-05-24-total-12pt5,mlb-stl-cin-2026-05-24-total-11pt5,0.28,0.21,0.07,0.055,2.2,0.07,True,True
2026-07-25T19:24:42+00:00,mlb-stl-cin-2026-05-24,over_ladder,mlb-stl-cin-2026-05-24-total-12pt5,mlb-stl-cin-2026-05-24-total-11pt5,0.28,0.21,0.07,0.055,2.2,0.07,True,True
2026-07-25T19:25:08+00:00,mlb-stl-cin-2026-05-24,over_ladder,mlb-stl-cin-2026-05-24-total-12pt5,mlb-stl-cin-2026-05-24-total-11pt5,0.28,0.21,0.07,0.055,2.2,0.07,True,True
2026-07-25T19:25:33+00:00,mlb-stl-cin-2026-05-24,over_ladder,mlb-stl-cin-2026-05-24-total-12pt5,mlb-stl-cin-2026-05-24-total-11pt5,0.28,0.21,0.07,0.055,2.2,0.07,True,True
2026-07-25T19:25:59+00:00,mlb-stl-cin-2026-05-24,over_ladder,mlb-stl-cin-2026-05-24-total-12pt5,mlb-stl-cin-2026-05-24-total-11pt5,0.28,0.21,0.07,0.055,2.2,0.07,True,True
2026-07-25T19:26:24+00:00,mlb-stl-cin-2026-05-24,over_ladder,mlb-stl-cin-2026-05-24-total-12pt5,mlb-stl-cin-2026-05-24-total-11pt5,0.28,0.21,0.07,0.055,2.2,0.07,True,True
2026-07-25T19:26:50+00:00,mlb-stl-cin-2026-05-24,over_ladder,mlb-stl-cin-2026-05-24-total-12pt5,mlb-stl-cin-2026-05-24-total-11pt5,0.28,0.21,0.07,0.055,2.2,0.07,True,True
2026-07-25T19:27:16+00:00,mlb-stl-cin-2026-05-24,over_ladder,mlb-stl-cin-2026-05-24-total-12pt5,mlb-stl-cin-2026-05-24-total-11pt5,0.28,0.21,0.07,0.055,2.2,0.07,True,True
2026-07-25T19:27:42+00:00,mlb-stl-cin-2026-05-24,over_ladder,mlb-stl-cin-2026-05-24-total-12pt5,mlb-stl-cin-2026-05-24-total-11pt5,0.28,0.21,0.07,0.055,2.2,0.07,True,True
2026-07-25T19:28:08+00:00,mlb-stl-cin-2026-05-24,over_ladder,mlb-stl-cin-2026-05-24-total-12pt5,mlb-stl-cin-2026-05-24-total-11pt5,0.28,0.21,0.07,0.055,2.2,0.07,True,True
2026-07-25T19:28:33+00:00,mlb-stl-cin-2026-05-24,over_ladder,mlb-stl-cin-2026-05-24-total-12pt5,mlb-stl-cin-2026-05-24-total-11pt5,0.28,0.21,0.07,0.055,2.2,0.07,True,True
2026-07-25T19:28:59+00:00,mlb-stl-cin-2026-05-24,over_ladder,mlb-stl-cin-2026-05-24-total-12pt5,mlb-stl-cin-2026-05-24-total-11pt5,0.28,0.21,0.07,0.055,2.2,0.07,True,True
2026-07-25T19:29:24+00:00,mlb-stl-cin-2026-05-24,over_ladder,mlb-stl-cin-2026-05-24-total-12pt5,mlb-stl-cin-2026-05-24-total-11pt5,0.28,0.21,0.07,0.055,2.2,0.07,True,True
2026-07-25T19:29:50+00:00,mlb-stl-cin-2026-05-24,over_ladder,mlb-stl-cin-2026-05-24-total-12pt5,mlb-stl-cin-2026-05-24-total-11pt5,0.28,0.21,0.07,0.055,2.2,0.07,True,True
2026-07-25T19:30:15+00:00,mlb-stl-cin-2026-05-24,over_ladder,mlb-stl-cin-2026-05-24-total-12pt5,mlb-stl-cin-2026-05-24-total-11pt5,0.28,0.21,0.07,0.055,2.2,0.07,True,True
2026-07-25T19:30:41+00:00,mlb-stl-cin-2026-05-24,over_ladder,mlb-stl-cin-2026-05-24-total-12pt5,mlb-stl-cin-2026-05-24-total-11pt5,0.28,0.21,0.07,0.055,2.2,0.07,True,True
2026-07-25T19:31:07+00:00,mlb-stl-cin-2026-05-24,over_ladder,mlb-stl-cin-2026-05-24-total-12pt5,mlb-stl-cin-2026-05-24-total-11pt5,0.28,0.21,0.07,0.055,2.2,0.07,True,True
2026-07-25T19:31:32+00:00,mlb-stl-cin-2026-05-24,over_ladder,mlb-stl-cin-2026-05-24-total-12pt5,mlb-stl-cin-2026-05-24-total-11pt5,0.28,0.21,0.07,0.055,2.2,0.07,True,True
2026-07-25T19:31:58+00:00,mlb-stl-cin-2026-05-24,over_ladder,mlb-stl-cin-2026-05-24-total-12pt5,mlb-stl-cin-2026-05-24-total-11pt5,0.28,0.21,0.07,0.055,2.2,0.07,True,True
2026-07-25T19:32:23+00:00,mlb-stl-cin-2026-05-24,over_ladder,mlb-stl-cin-2026-05-24-total-12pt5,mlb-stl-cin-2026-05-24-total-11pt5,0.28,0.21,0.07,0.055,2.2,0.07,True,True
2026-07-25T19:32:49+00:00,mlb-stl-cin-2026-05-24,over_ladder,mlb-stl-cin-2026-05-24-total-12pt5,mlb-stl-cin-2026-05-24-total-11pt5,0.28,0.21,0.07,0.055,2.2,0.07,True,True
2026-07-25T19:33:14+00:00,mlb-stl-cin-2026-05-24,over_ladder,mlb-stl-cin-2026-05-24-total-12pt5,mlb-stl-cin-2026-05-24-total-11pt5,0.28,0.21,0.07,0.055,2.2,0.07,True,True
2026-07-25T19:33:40+00:00,mlb-stl-cin-2026-05-24,over_ladder,mlb-stl-cin-2026-05-24-total-12pt5,mlb-stl-cin-2026-05-24-total-11pt5,0.28,0.21,0.07,0.055,2.2,0.07,True,True
2026-07-25T19:34:06+00:00,mlb-stl-cin-2026-05-24,over_ladder,mlb-stl-cin-2026-05-24-total-12pt5,mlb-stl-cin-2026-05-24-total-11pt5,0.28,0.21,0.07,0.055,2.2,0.07,True,True
2026-07-25T19:34:31+00:00,mlb-stl-cin-2026-05-24,over_ladder,mlb-stl-cin-2026-05-24-total-12pt5,mlb-stl-cin-2026-05-24-total-11pt5,0.28,0.21,0.07,0.055,2.2,0.07,True,True
2026-07-25T19:34:57+00:00,mlb-stl-cin-2026-05-24,over_ladder,mlb-stl-cin-2026-05-24-total-12pt5,mlb-stl-cin-2026-05-24-total-11pt5,0.28,0.21,0.07,0.055,2.2,0.07,True,True
2026-07-25T19:35:22+00:00,mlb-stl-cin-2026-05-24,over_ladder,mlb-stl-cin-2026-05-24-total-12pt5,mlb-stl-cin-2026-05-24-total-11pt5,0.28,0.21,0.07,0.055,2.2,0.07,True,True
2026-07-25T19:35:48+00:00,mlb-stl-cin-2026-05-24,over_ladder,mlb-stl-cin-2026-05-24-total-12pt5,mlb-stl-cin-2026-05-24-total-11pt5,0.28,0.21,0.07,0.055,2.2,0.07,True,True
2026-07-25T19:36:13+00:00,mlb-stl-cin-2026-05-24,over_ladder,mlb-stl-cin-2026-05-24-total-12pt5,mlb-stl-cin-2026-05-24-total-11pt5,0.28,0.21,0.07,0.055,2.2,0.07,True,True
2026-07-25T19:36:39+00:00,mlb-stl-cin-2026-05-24,over_ladder,mlb-stl-cin-2026-05-24-total-12pt5,mlb-stl-cin-2026-05-24-total-11pt5,0.28,0.21,0.07,0.055,2.2,0.07,True,True
2026-07-25T19:37:04+00:00,mlb-stl-cin-2026-05-24,over_ladder,mlb-stl-cin-2026-05-24-total-12pt5,mlb-stl-cin-2026-05-24-total-11pt5,0.28,0.21,0.07,0.055,2.2,0.07,True,True
2026-07-25T19:37:31+00:00,mlb-stl-cin-2026-05-24,over_ladder,mlb-stl-cin-2026-05-24-total-12pt5,mlb-stl-cin-2026-05-24-total-11pt5,0.28,0.21,0.07,0.055,2.2,0.07,True,True
2026-07-25T19:37:57+00:00,mlb-stl-cin-2026-05-24,over_ladder,mlb-stl-cin-2026-05-24-total-12pt5,mlb-stl-cin-2026-05-24-total-11pt5,0.28,0.21,0.07,0.055,2.2,0.07,True,True
2026-07-25T19:38:23+00:00,mlb-stl-cin-2026-05-24,over_ladder,mlb-stl-cin-2026-05-24-total-12pt5,mlb-stl-cin-2026-05-24-total-11pt5,0.28,0.21,0.07,0.055,2.2,0.07,True,True
2026-07-25T19:38:48+00:00,mlb-stl-cin-2026-05-24,over_ladder,mlb-stl-cin-2026-05-24-total-12pt5,mlb-stl-cin-2026-05-24-total-11pt5,0.28,0.21,0.07,0.055,2.2,0.07,True,True
2026-07-25T19:39:14+00:00,mlb-stl-cin-2026-05-24,over_ladder,mlb-stl-cin-2026-05-24-total-12pt5,mlb-stl-cin-2026-05-24-total-11pt5,0.28,0.21,0.07,0.055,2.2,0.07,True,True
2026-07-25T19:39:39+00:00,mlb-stl-cin-2026-05-24,over_ladder,mlb-stl-cin-2026-05-24-total-12pt5,mlb-stl-cin-2026-05-24-total-11pt5,0.28,0.21,0.07,0.055,2.2,0.07,True,True
2026-07-25T19:40:05+00:00,mlb-stl-cin-2026-05-24,over_ladder,mlb-stl-cin-2026-05-24-total-12pt5,mlb-stl-cin-2026-05-24-total-11pt5,0.28,0.21,0.07,0.055,2.2,0.07,True,True
2026-07-25T19:40:30+00:00,mlb-stl-cin-2026-05-24,over_ladder,mlb-stl-cin-2026-05-24-total-12pt5,mlb-stl-cin-2026-05-24-total-11pt5,0.28,0.21,0.07,0.055,2.2,0.07,True,True
2026-07-25T19:40:56+00:00,mlb-stl-cin-2026-05-24,over_ladder,mlb-stl-cin-2026-05-24-total-12pt5,mlb-stl-cin-2026-05-24-total-11pt5,0.28,0.21,0.07,0.055,2.2,0.07,True,True
2026-07-25T19:41:21+00:00,mlb-stl-cin-2026-05-24,over_ladder,mlb-stl-cin-2026-05-24-total-12pt5,mlb-stl-cin-2026-05-24-total-11pt5,0.28,0.21,0.07,0.055,2.2,0.07,True,True
2026-07-25T19:41:47+00:00,mlb-stl-cin-2026-05-24,over_ladder,mlb-stl-cin-2026-05-24-total-12pt5,mlb-stl-cin-2026-05-24-total-11pt5,0.28,0.21,0.07,0.055,2.2,0.07,True,True
2026-07-25T19:42:13+00:00,mlb-stl-cin-2026-05-24,over_ladder,mlb-stl-cin-2026-05-24-total-12pt5,mlb-stl-cin-2026-05-24-total-11pt5,0.28,0.21,0.07,0.055,2.2,0.07,True,True
2026-07-25T19:42:38+00:00,mlb-stl-cin-2026-05-24,over_ladder,mlb-stl-cin-2026-05-24-total-12pt5,mlb-stl-cin-2026-05-24-total-11pt5,0.28,0.21,0.07,0.055,2.2,0.07,True,True
2026-07-25T19:43:04+00:00,mlb-stl-cin-2026-05-24,over_ladder,mlb-stl-cin-2026-05-24-total-12pt5,mlb-stl-cin-2026-05-24-total-11pt5,0.28,0.21,0.07,0.055,2.2,0.07,True,True
2026-07-25T19:43:29+00:00,mlb-stl-cin-2026-05-24,over_ladder,mlb-stl-cin-2026-05-24-total-12pt5,mlb-stl-cin-2026-05-24-total-11pt5,0.28,0.21,0.07,0.055,2.2,0.07,True,True
2026-07-25T19:43:55+00:00,mlb-stl-cin-2026-05-24,over_ladder,mlb-stl-cin-2026-05-24-total-12pt5,mlb-stl-cin-2026-05-24-total-11pt5,0.28,0.21,0.07,0.055,2.2,0.07,True,True
2026-07-25T19:44:20+00:00,mlb-stl-cin-2026-05-24,over_ladder,mlb-stl-cin-2026-05-24-total-12pt5,mlb-stl-cin-2026-05-24-total-11pt5,0.28,0.21,0.07,0.055,2.2,0.07,True,True
2026-07-25T19:44:46+00:00,mlb-stl-cin-2026-05-24,over_ladder,mlb-stl-cin-2026-05-24-total-12pt5,mlb-stl-cin-2026-05-24-total-11pt5,0.28,0.21,0.07,0.055,2.2,0.07,True,True
2026-07-25T19:45:12+00:00,mlb-stl-cin-2026-05-24,over_ladder,mlb-stl-cin-2026-05-24-total-12pt5,mlb-stl-cin-2026-05-24-total-11pt5,0.28,0.21,0.07,0.055,2.2,0.07,True,True
2026-07-25T19:45:37+00:00,mlb-stl-cin-2026-05-24,over_ladder,mlb-stl-cin-2026-05-24-total-12pt5,mlb-stl-cin-2026-05-24-total-11pt5,0.28,0.21,0.07,0.055,2.2,0.07,True,True
2026-07-25T19:46:03+00:00,mlb-stl-cin-2026-05-24,over_ladder,mlb-stl-cin-2026-05-24-total-12pt5,mlb-stl-cin-2026-05-24-total-11pt5,0.28,0.21,0.07,0.055,2.2,0.07,True,True
2026-07-25T19:46:28+00:00,mlb-stl-cin-2026-05-24,over_ladder,mlb-stl-cin-2026-05-24-total-12pt5,mlb-stl-cin-2026-05-24-total-11pt5,0.28,0.21,0.07,0.055,2.2,0.07,True,True
2026-07-25T19:46:54+00:00,mlb-stl-cin-2026-05-24,over_ladder,mlb-stl-cin-2026-05-24-total-12pt5,mlb-stl-cin-2026-05-24-total-11pt5,0.28,0.21,0.07,0.055,2.2,0.07,True,True
2026-07-25T19:47:19+00:00,mlb-stl-cin-2026-05-24,over_ladder,mlb-stl-cin-2026-05-24-total-12pt5,mlb-stl-cin-2026-05-24-total-11pt5,0.28,0.21,0.07,0.055,2.2,0.07,True,True
2026-07-25T19:47:46+00:00,mlb-stl-cin-2026-05-24,over_ladder,mlb-stl-cin-2026-05-24-total-12pt5,mlb-stl-cin-2026-05-24-total-11pt5,0.28,0.21,0.07,0.055,2.2,0.07,True,True
2026-07-25T19:48:12+00:00,mlb-stl-cin-2026-05-24,over_ladder,mlb-stl-cin-2026-05-24-total-12pt5,mlb-stl-cin-2026-05-24-total-11pt5,0.28,0.21,0.07,0.055,2.2,0.07,True,True
2026-07-25T19:48:37+00:00,mlb-stl-cin-2026-05-24,over_ladder,mlb-stl-cin-2026-05-24-total-12pt5,mlb-stl-cin-2026-05-24-total-11pt5,0.28,0.21,0.07,0.055,2.2,0.07,True,True
2026-07-25T19:49:03+00:00,mlb-stl-cin-2026-05-24,over_ladder,mlb-stl-cin-2026-05-24-total-12pt5,mlb-stl-cin-2026-05-24-total-11pt5,0.28,0.21,0.07,0.055,2.2,0.07,True,True
2026-07-25T19:49:28+00:00,mlb-stl-cin-2026-05-24,over_ladder,mlb-stl-cin-2026-05-24-total-12pt5,mlb-stl-cin-2026-05-24-total-11pt5,0.28,0.21,0.07,0.055,2.2,0.07,True,True
2026-07-25T19:49:54+00:00,mlb-stl-cin-2026-05-24,over_ladder,mlb-stl-cin-2026-05-24-total-12pt5,mlb-stl-cin-2026-05-24-total-11pt5,0.28,0.21,0.07,0.055,2.2,0.07,True,True
2026-07-25T19:50:19+00:00,mlb-stl-cin-2026-05-24,over_ladder,mlb-stl-cin-2026-05-24-total-12pt5,mlb-stl-cin-2026-05-24-total-11pt5,0.28,0.21,0.07,0.055,2.2,0.07,True,True
2026-07-25T19:50:45+00:00,mlb-stl-cin-2026-05-24,over_ladder,mlb-stl-cin-2026-05-24-total-12pt5,mlb-stl-cin-2026-05-24-total-11pt5,0.28,0.21,0.07,0.055,2.2,0.07,True,True
2026-07-25T19:51:11+00:00,mlb-stl-cin-2026-05-24,over_ladder,mlb-stl-cin-2026-05-24-total-12pt5,mlb-stl-cin-2026-05-24-total-11pt5,0.28,0.21,0.07,0.055,2.2,0.07,True,True
2026-07-25T19:51:36+00:00,mlb-stl-cin-2026-05-24,over_ladder,mlb-stl-cin-2026-05-24-total-12pt5,mlb-stl-cin-2026-05-24-total-11pt5,0.28,0.21,0.07,0.055,2.2,0.07,True,True
2026-07-25T19:52:02+00:00,mlb-stl-cin-2026-05-24,over_ladder,mlb-stl-cin-2026-05-24-total-12pt5,mlb-stl-cin-2026-05-24-total-11pt5,0.28,0.21,0.07,0.055,2.2,0.07,True,True
2026-07-25T19:52:27+00:00,mlb-stl-cin-2026-05-24,over_ladder,mlb-stl-cin-2026-05-24-total-12pt5,mlb-stl-cin-2026-05-24-total-11pt5,0.28,0.21,0.07,0.055,2.2,0.07,True,True
2026-07-25T19:52:53+00:00,mlb-stl-cin-2026-05-24,over_ladder,mlb-stl-cin-2026-05-24-total-12pt5,mlb-stl-cin-2026-05-24-total-11pt5,0.28,0.21,0.07,0.055,2.2,0.07,True,True
2026-07-25T19:53:18+00:00,mlb-stl-cin-2026-05-24,over_ladder,mlb-stl-cin-2026-05-24-total-12pt5,mlb-stl-cin-2026-05-24-total-11pt5,0.28,0.21,0.07,0.055,2.2,0.07,True,True
2026-07-25T19:53:44+00:00,mlb-stl-cin-2026-05-24,over_ladder,mlb-stl-cin-2026-05-24-total-12pt5,mlb-stl-cin-2026-05-24-total-11pt5,0.28,0.21,0.07,0.055,2.2,0.07,True,True
2026-07-25T19:54:09+00:00,mlb-stl-cin-2026-05-24,over_ladder,mlb-stl-cin-2026-05-24-total-12pt5,mlb-stl-cin-2026-05-24-total-11pt5,0.28,0.21,0.07,0.055,2.2,0.07,True,True
2026-07-25T19:54:35+00:00,mlb-stl-cin-2026-05-24,over_ladder,mlb-stl-cin-2026-05-24-total-12pt5,mlb-stl-cin-2026-05-24-total-11pt5,0.28,0.21,0.07,0.055,2.2,0.07,True,True
2026-07-25T19:55:01+00:00,mlb-stl-cin-2026-05-24,over_ladder,mlb-stl-cin-2026-05-24-total-12pt5,mlb-stl-cin-2026-05-24-total-11pt5,0.28,0.21,0.07,0.055,2.2,0.07,True,True
2026-07-25T19:55:26+00:00,mlb-stl-cin-2026-05-24,over_ladder,mlb-stl-cin-2026-05-24-total-12pt5,mlb-stl-cin-2026-05-24-total-11pt5,0.28,0.21,0.07,0.055,2.2,0.07,True,True
2026-07-25T19:55:52+00:00,mlb-stl-cin-2026-05-24,over_ladder,mlb-stl-cin-2026-05-24-total-12pt5,mlb-stl-cin-2026-05-24-total-11pt5,0.28,0.21,0.07,0.055,2.2,0.07,True,True
2026-07-25T19:56:17+00:00,mlb-stl-cin-2026-05-24,over_ladder,mlb-stl-cin-2026-05-24-total-12pt5,mlb-stl-cin-2026-05-24-total-11pt5,0.28,0.21,0.07,0.055,2.2,0.07,True,True
2026-07-25T19:56:43+00:00,mlb-stl-cin-2026-05-24,over_ladder,mlb-stl-cin-2026-05-24-total-12pt5,mlb-stl-cin-2026-05-24-total-11pt5,0.28,0.21,0.07,0.055,2.2,0.07,True,True
2026-07-25T19:57:08+00:00,mlb-stl-cin-2026-05-24,over_ladder,mlb-stl-cin-2026-05-24-total-12pt5,mlb-stl-cin-2026-05-24-total-11pt5,0.28,0.21,0.07,0.055,2.2,0.07,True,True
2026-07-25T19:57:34+00:00,mlb-stl-cin-2026-05-24,over_ladder,mlb-stl-cin-2026-05-24-total-12pt5,mlb-stl-cin-2026-05-24-total-11pt5,0.28,0.21,0.07,0.055,2.2,0.07,True,True
2026-07-25T19:58:00+00:00,mlb-stl-cin-2026-05-24,over_ladder,mlb-stl-cin-2026-05-24-total-12pt5,mlb-stl-cin-2026-05-24-total-11pt5,0.28,0.21,0.07,0.055,2.2,0.07,True,True
2026-07-25T19:58:26+00:00,mlb-stl-cin-2026-05-24,over_ladder,mlb-stl-cin-2026-05-24-total-12pt5,mlb-stl-cin-2026-05-24-total-11pt5,0.28,0.21,0.07,0.055,2.2,0.07,True,True
2026-07-25T19:58:52+00:00,mlb-stl-cin-2026-05-24,over_ladder,mlb-stl-cin-2026-05-24-total-12pt5,mlb-stl-cin-2026-05-24-total-11pt5,0.28,0.21,0.07,0.055,2.2,0.07,True,True
2026-07-25T19:59:17+00:00,mlb-stl-cin-2026-05-24,over_ladder,mlb-stl-cin-2026-05-24-total-12pt5,mlb-stl-cin-2026-05-24-total-11pt5,0.28,0.21,0.07,0.055,2.2,0.07,True,True
2026-07-25T19:59:43+00:00,mlb-stl-cin-2026-05-24,over_ladder,mlb-stl-cin-2026-05-24-total-12pt5,mlb-stl-cin-2026-05-24-total-11pt5,0.28,0.21,0.07,0.055,2.2,0.07,True,True
2026-07-25T20:00:08+00:00,mlb-stl-cin-2026-05-24,over_ladder,mlb-stl-cin-2026-05-24-total-12pt5,mlb-stl-cin-2026-05-24-total-11pt5,0.28,0.21,0.07,0.055,2.2,0.07,True,True
2026-07-25T20:00:34+00:00,mlb-stl-cin-2026-05-24,over_ladder,mlb-stl-cin-2026-05-24-total-12pt5,mlb-stl-cin-2026-05-24-total-11pt5,0.28,0.21,0.07,0.055,2.2,0.07,True,True
2026-07-25T20:00:59+00:00,mlb-stl-cin-2026-05-24,over_ladder,mlb-stl-cin-2026-05-24-total-12pt5,mlb-stl-cin-2026-05-24-total-11pt5,0.28,0.21,0.07,0.055,2.2,0.07,True,True
2026-07-25T20:01:25+00:00,mlb-stl-cin-2026-05-24,over_ladder,mlb-stl-cin-2026-05-24-total-12pt5,mlb-stl-cin-2026-05-24-total-11pt5,0.28,0.21,0.07,0.055,2.2,0.07,True,True
2026-07-25T20:01:50+00:00,mlb-stl-cin-2026-05-24,over_ladder,mlb-stl-cin-2026-05-24-total-12pt5,mlb-stl-cin-2026-05-24-total-11pt5,0.28,0.21,0.07,0.055,2.2,0.07,True,True
2026-07-25T20:02:16+00:00,mlb-stl-cin-2026-05-24,over_ladder,mlb-stl-cin-2026-05-24-total-12pt5,mlb-stl-cin-2026-05-24-total-11pt5,0.28,0.21,0.07,0.055,2.2,0.07,True,True
2026-07-25T20:02:41+00:00,mlb-stl-cin-2026-05-24,over_ladder,mlb-stl-cin-2026-05-24-total-12pt5,mlb-stl-cin-2026-05-24-total-11pt5,0.28,0.21,0.07,0.055,2.2,0.07,True,True
2026-07-25T20:03:07+00:00,mlb-stl-cin-2026-05-24,over_ladder,mlb-stl-cin-2026-05-24-total-12pt5,mlb-stl-cin-2026-05-24-total-11pt5,0.28,0.21,0.07,0.055,2.2,0.07,True,True
2026-07-25T20:03:33+00:00,mlb-stl-cin-2026-05-24,over_ladder,mlb-stl-cin-2026-05-24-total-12pt5,mlb-stl-cin-2026-05-24-total-11pt5,0.28,0.21,0.07,0.055,2.2,0.07,True,True
2026-07-25T20:03:58+00:00,mlb-stl-cin-2026-05-24,over_ladder,mlb-stl-cin-2026-05-24-total-12pt5,mlb-stl-cin-2026-05-24-total-11pt5,0.28,0.21,0.07,0.055,2.2,0.07,True,True
2026-07-25T20:04:24+00:00,mlb-stl-cin-2026-05-24,over_ladder,mlb-stl-cin-2026-05-24-total-12pt5,mlb-stl-cin-2026-05-24-total-11pt5,0.28,0.21,0.07,0.055,2.2,0.07,True,True
2026-07-25T20:04:49+00:00,mlb-stl-cin-2026-05-24,over_ladder,mlb-stl-cin-2026-05-24-total-12pt5,mlb-stl-cin-2026-05-24-total-11pt5,0.28,0.21,0.07,0.055,2.2,0.07,True,True
2026-07-25T20:05:15+00:00,mlb-stl-cin-2026-05-24,over_ladder,mlb-stl-cin-2026-05-24-total-12pt5,mlb-stl-cin-2026-05-24-total-11pt5,0.28,0.21,0.07,0.055,2.2,0.07,True,True
2026-07-25T20:05:40+00:00,mlb-stl-cin-2026-05-24,over_ladder,mlb-stl-cin-2026-05-24-total-12pt5,mlb-stl-cin-2026-05-24-total-11pt5,0.28,0.21,0.07,0.055,2.2,0.07,True,True
2026-07-25T20:06:06+00:00,mlb-stl-cin-2026-05-24,over_ladder,mlb-stl-cin-2026-05-24-total-12pt5,mlb-stl-cin-2026-05-24-total-11pt5,0.28,0.21,0.07,0.055,2.2,0.07,True,True
2026-07-25T20:06:31+00:00,mlb-stl-cin-2026-05-24,over_ladder,mlb-stl-cin-2026-05-24-total-12pt5,mlb-stl-cin-2026-05-24-total-11pt5,0.28,0.21,0.07,0.055,2.2,0.07,True,True
2026-07-25T20:06:57+00:00,mlb-stl-cin-2026-05-24,over_ladder,mlb-stl-cin-2026-05-24-total-12pt5,mlb-stl-cin-2026-05-24-total-11pt5,0.28,0.21,0.07,0.055,2.2,0.07,True,True
2026-07-25T20:07:22+00:00,mlb-stl-cin-2026-05-24,over_ladder,mlb-stl-cin-2026-05-24-total-12pt5,mlb-stl-cin-2026-05-24-total-11pt5,0.28,0.21,0.07,0.055,2.2,0.07,True,True
2026-07-25T20:07:48+00:00,mlb-stl-cin-2026-05-24,over_ladder,mlb-stl-cin-2026-05-24-total-12pt5,mlb-stl-cin-2026-05-24-total-11pt5,0.28,0.21,0.07,0.055,2.2,0.07,True,True
2026-07-25T20:08:15+00:00,mlb-stl-cin-2026-05-24,over_ladder,mlb-stl-cin-2026-05-24-total-12pt5,mlb-stl-cin-2026-05-24-total-11pt5,0.28,0.21,0.07,0.055,2.2,0.07,True,True
2026-07-25T20:08:40+00:00,mlb-stl-cin-2026-05-24,over_ladder,mlb-stl-cin-2026-05-24-total-12pt5,mlb-stl-cin-2026-05-24-total-11pt5,0.28,0.21,0.07,0.055,2.2,0.07,True,True
2026-07-25T20:09:06+00:00,mlb-stl-cin-2026-05-24,over_ladder,mlb-stl-cin-2026-05-24-total-12pt5,mlb-stl-cin-2026-05-24-total-11pt5,0.28,0.21,0.07,0.055,2.2,0.07,True,True
2026-07-25T20:09:31+00:00,mlb-stl-cin-2026-05-24,over_ladder,mlb-stl-cin-2026-05-24-total-12pt5,mlb-stl-cin-2026-05-24-total-11pt5,0.28,0.21,0.07,0.055,2.2,0.07,True,True
2026-07-25T20:09:57+00:00,mlb-stl-cin-2026-05-24,over_ladder,mlb-stl-cin-2026-05-24-total-12pt5,mlb-stl-cin-2026-05-24-total-11pt5,0.28,0.21,0.07,0.055,2.2,0.07,True,True
2026-07-25T20:10:22+00:00,mlb-stl-cin-2026-05-24,over_ladder,mlb-stl-cin-2026-05-24-total-12pt5,mlb-stl-cin-2026-05-24-total-11pt5,0.28,0.21,0.07,0.055,2.2,0.07,True,True
2026-07-25T20:10:48+00:00,mlb-stl-cin-2026-05-24,over_ladder,mlb-stl-cin-2026-05-24-total-12pt5,mlb-stl-cin-2026-05-24-total-11pt5,0.28,0.21,0.07,0.055,2.2,0.07,True,True
2026-07-25T20:11:13+00:00,mlb-stl-cin-2026-05-24,over_ladder,mlb-stl-cin-2026-05-24-total-12pt5,mlb-stl-cin-2026-05-24-total-11pt5,0.28,0.21,0.07,0.055,2.2,0.07,True,True
2026-07-25T20:11:39+00:00,mlb-stl-cin-2026-05-24,over_ladder,mlb-stl-cin-2026-05-24-total-12pt5,mlb-stl-cin-2026-05-24-total-11pt5,0.28,0.21,0.07,0.055,2.2,0.07,True,True
2026-07-25T20:12:04+00:00,mlb-stl-cin-2026-05-24,over_ladder,mlb-stl-cin-2026-05-24-total-12pt5,mlb-stl-cin-2026-05-24-total-11pt5,0.28,0.21,0.07,0.055,2.2,0.07,True,True
2026-07-25T20:12:30+00:00,mlb-stl-cin-2026-05-24,over_ladder,mlb-stl-cin-2026-05-24-total-12pt5,mlb-stl-cin-2026-05-24-total-11pt5,0.28,0.21,0.07,0.055,2.2,0.07,True,True
2026-07-25T20:12:55+00:00,mlb-stl-cin-2026-05-24,over_ladder,mlb-stl-cin-2026-05-24-total-12pt5,mlb-stl-cin-2026-05-24-total-11pt5,0.28,0.21,0.07,0.055,2.2,0.07,True,True
2026-07-25T20:13:21+00:00,mlb-stl-cin-2026-05-24,over_ladder,mlb-stl-cin-2026-05-24-total-12pt5,mlb-stl-cin-2026-05-24-total-11pt5,0.28,0.21,0.07,0.055,2.2,0.07,True,True
2026-07-25T20:13:47+00:00,mlb-stl-cin-2026-05-24,over_ladder,mlb-stl-cin-2026-05-24-total-12pt5,mlb-stl-cin-2026-05-24-total-11pt5,0.28,0.21,0.07,0.055,2.2,0.07,True,True
2026-07-25T20:14:12+00:00,mlb-stl-cin-2026-05-24,over_ladder,mlb-stl-cin-2026-05-24-total-12pt5,mlb-stl-cin-2026-05-24-total-11pt5,0.28,0.21,0.07,0.055,2.2,0.07,True,True
2026-07-25T20:14:38+00:00,mlb-stl-cin-2026-05-24,over_ladder,mlb-stl-cin-2026-05-24-total-12pt5,mlb-stl-cin-2026-05-24-total-11pt5,0.28,0.21,0.07,0.055,2.2,0.07,True,True
2026-07-25T20:15:03+00:00,mlb-stl-cin-2026-05-24,over_ladder,mlb-stl-cin-2026-05-24-total-12pt5,mlb-stl-cin-2026-05-24-total-11pt5,0.28,0.21,0.07,0.055,2.2,0.07,True,True
2026-07-25T20:15:29+00:00,mlb-stl-cin-2026-05-24,over_ladder,mlb-stl-cin-2026-05-24-total-12pt5,mlb-stl-cin-2026-05-24-total-11pt5,0.28,0.21,0.07,0.055,2.2,0.07,True,True
2026-07-25T20:15:54+00:00,mlb-stl-cin-2026-05-24,over_ladder,mlb-stl-cin-2026-05-24-total-12pt5,mlb-stl-cin-2026-05-24-total-11pt5,0.28,0.21,0.07,0.055,2.2,0.07,True,True
2026-07-25T20:16:20+00:00,mlb-stl-cin-2026-05-24,over_ladder,mlb-stl-cin-2026-05-24-total-12pt5,mlb-stl-cin-2026-05-24-total-11pt5,0.28,0.21,0.07,0.055,2.2,0.07,True,True
2026-07-25T20:16:46+00:00,mlb-stl-cin-2026-05-24,over_ladder,mlb-stl-cin-2026-05-24-total-12pt5,mlb-stl-cin-2026-05-24-total-11pt5,0.28,0.21,0.07,0.055,2.2,0.07,True,True
2026-07-25T20:17:11+00:00,mlb-stl-cin-2026-05-24,over_ladder,mlb-stl-cin-2026-05-24-total-12pt5,mlb-stl-cin-2026-05-24-total-11pt5,0.28,0.21,0.07,0.055,2.2,0.07,True,True
2026-07-25T20:17:37+00:00,mlb-stl-cin-2026-05-24,over_ladder,mlb-stl-cin-2026-05-24-total-12pt5,mlb-stl-cin-2026-05-24-total-11pt5,0.28,0.21,0.07,0.055,2.2,0.07,True,True
2026-07-25T20:18:02+00:00,mlb-stl-cin-2026-05-24,over_ladder,mlb-stl-cin-2026-05-24-total-12pt5,mlb-stl-cin-2026-05-24-total-11pt5,0.28,0.21,0.07,0.055,2.2,0.07,True,True
2026-07-25T20:18:29+00:00,mlb-stl-cin-2026-05-24,over_ladder,mlb-stl-cin-2026-05-24-total-12pt5,mlb-stl-cin-2026-05-24-total-11pt5,0.28,0.21,0.07,0.055,2.2,0.07,True,True
2026-07-25T20:18:54+00:00,mlb-stl-cin-2026-05-24,over_ladder,mlb-stl-cin-2026-05-24-total-12pt5,mlb-stl-cin-2026-05-24-total-11pt5,0.28,0.21,0.07,0.055,2.2,0.07,True,True
2026-07-25T20:19:20+00:00,mlb-stl-cin-2026-05-24,over_ladder,mlb-stl-cin-2026-05-24-total-12pt5,mlb-stl-cin-2026-05-24-total-11pt5,0.28,0.21,0.07,0.055,2.2,0.07,True,True
2026-07-25T20:19:45+00:00,mlb-stl-cin-2026-05-24,over_ladder,mlb-stl-cin-2026-05-24-total-12pt5,mlb-stl-cin-2026-05-24-total-11pt5,0.28,0.21,0.07,0.055,2.2,0.07,True,True
2026-07-25T20:20:11+00:00,mlb-stl-cin-2026-05-24,over_ladder,mlb-stl-cin-2026-05-24-total-12pt5,mlb-stl-cin-2026-05-24-total-11pt5,0.28,0.21,0.07,0.055,2.2,0.07,True,True
2026-07-25T20:20:37+00:00,mlb-stl-cin-2026-05-24,over_ladder,mlb-stl-cin-2026-05-24-total-12pt5,mlb-stl-cin-2026-05-24-total-11pt5,0.28,0.21,0.07,0.055,2.2,0.07,True,True
2026-07-25T20:21:02+00:00,mlb-stl-cin-2026-05-24,over_ladder,mlb-stl-cin-2026-05-24-total-12pt5,mlb-stl-cin-2026-05-24-total-11pt5,0.28,0.21,0.07,0.055,2.2,0.07,True,True
2026-07-25T20:21:28+00:00,mlb-stl-cin-2026-05-24,over_ladder,mlb-stl-cin-2026-05-24-total-12pt5,mlb-stl-cin-2026-05-24-total-11pt5,0.28,0.21,0.07,0.055,2.2,0.07,True,True
2026-07-25T20:21:53+00:00,mlb-stl-cin-2026-05-24,over_ladder,mlb-stl-cin-2026-05-24-total-12pt5,mlb-stl-cin-2026-05-24-total-11pt5,0.28,0.21,0.07,0.055,2.2,0.07,True,True
2026-07-25T20:22:19+00:00,mlb-stl-cin-2026-05-24,over_ladder,mlb-stl-cin-2026-05-24-total-12pt5,mlb-stl-cin-2026-05-24-total-11pt5,0.28,0.21,0.07,0.055,2.2,0.07,True,True
2026-07-25T20:22:44+00:00,mlb-stl-cin-2026-05-24,over_ladder,mlb-stl-cin-2026-05-24-total-12pt5,mlb-stl-cin-2026-05-24-total-11pt5,0.28,0.21,0.07,0.055,2.2,0.07,True,True
2026-07-25T20:23:10+00:00,mlb-stl-cin-2026-05-24,over_ladder,mlb-stl-cin-2026-05-24-total-12pt5,mlb-stl-cin-2026-05-24-total-11pt5,0.28,0.21,0.07,0.055,2.2,0.07,True,True
2026-07-25T20:23:35+00:00,mlb-stl-cin-2026-05-24,over_ladder,mlb-stl-cin-2026-05-24-total-12pt5,mlb-stl-cin-2026-05-24-total-11pt5,0.28,0.21,0.07,0.055,2.2,0.07,True,True
2026-07-25T20:24:01+00:00,mlb-stl-cin-2026-05-24,over_ladder,mlb-stl-cin-2026-05-24-total-12pt5,mlb-stl-cin-2026-05-24-total-11pt5,0.28,0.21,0.07,0.055,2.2,0.07,True,True
2026-07-25T20:24:26+00:00,mlb-stl-cin-2026-05-24,over_ladder,mlb-stl-cin-2026-05-24-total-12pt5,mlb-stl-cin-2026-05-24-total-11pt5,0.28,0.21,0.07,0.055,2.2,0.07,True,True
2026-07-25T20:24:52+00:00,mlb-stl-cin-2026-05-24,over_ladder,mlb-stl-cin-2026-05-24-total-12pt5,mlb-stl-cin-2026-05-24-total-11pt5,0.28,0.21,0.07,0.055,2.2,0.07,True,True
2026-07-25T20:25:18+00:00,mlb-stl-cin-2026-05-24,over_ladder,mlb-stl-cin-2026-05-24-total-12pt5,mlb-stl-cin-2026-05-24-total-11pt5,0.28,0.21,0.07,0.055,2.2,0.07,True,True
2026-07-25T20:25:43+00:00,mlb-stl-cin-2026-05-24,over_ladder,mlb-stl-cin-2026-05-24-total-12pt5,mlb-stl-cin-2026-05-24-total-11pt5,0.28,0.21,0.07,0.055,2.2,0.07,True,True
2026-07-25T20:26:09+00:00,mlb-stl-cin-2026-05-24,over_ladder,mlb-stl-cin-2026-05-24-total-12pt5,mlb-stl-cin-2026-05-24-total-11pt5,0.28,0.21,0.07,0.055,2.2,0.07,True,True
2026-07-25T20:26:34+00:00,mlb-stl-cin-2026-05-24,over_ladder,mlb-stl-cin-2026-05-24-total-12pt5,mlb-stl-cin-2026-05-24-total-11pt5,0.28,0.21,0.07,0.055,2.2,0.07,True,True
2026-07-25T20:27:00+00:00,mlb-stl-cin-2026-05-24,over_ladder,mlb-stl-cin-2026-05-24-total-12pt5,mlb-stl-cin-2026-05-24-total-11pt5,0.28,0.21,0.07,0.055,2.2,0.07,True,True
2026-07-25T20:27:25+00:00,mlb-stl-cin-2026-05-24,over_ladder,mlb-stl-cin-2026-05-24-total-12pt5,mlb-stl-cin-2026-05-24-total-11pt5,0.28,0.21,0.07,0.055,2.2,0.07,True,True
2026-07-25T20:27:51+00:00,mlb-stl-cin-2026-05-24,over_ladder,mlb-stl-cin-2026-05-24-total-12pt5,mlb-stl-cin-2026-05-24-total-11pt5,0.28,0.21,0.07,0.055,2.2,0.07,True,True
2026-07-25T20:28:16+00:00,atp-blockx-darderi-2026-07-25,over_ladder,atp-blockx-darderi-2026-07-25-match-total-23pt5,atp-blockx-darderi-2026-07-25-match-total-22pt5,0.84,0.8,0.04,0.025,120.0,0.03,True,True
2026-07-25T20:28:16+00:00,mlb-stl-cin-2026-05-24,over_ladder,mlb-stl-cin-2026-05-24-total-12pt5,mlb-stl-cin-2026-05-24-total-11pt5,0.28,0.21,0.07,0.055,2.2,0.07,True,True
2026-07-25T20:28:43+00:00,mlb-stl-cin-2026-05-24,over_ladder,mlb-stl-cin-2026-05-24-total-12pt5,mlb-stl-cin-2026-05-24-total-11pt5,0.28,0.21,0.07,0.055,2.2,0.07,True,True
2026-07-25T20:29:09+00:00,mlb-stl-cin-2026-05-24,over_ladder,mlb-stl-cin-2026-05-24-total-12pt5,mlb-stl-cin-2026-05-24-total-11pt5,0.28,0.21,0.07,0.055,2.2,0.07,True,True
2026-07-25T20:29:34+00:00,mlb-stl-cin-2026-05-24,over_ladder,mlb-stl-cin-2026-05-24-total-12pt5,mlb-stl-cin-2026-05-24-total-11pt5,0.28,0.21,0.07,0.055,2.2,0.07,True,True
2026-07-25T20:30:00+00:00,mlb-stl-cin-2026-05-24,over_ladder,mlb-stl-cin-2026-05-24-total-12pt5,mlb-stl-cin-2026-05-24-total-11pt5,0.28,0.21,0.07,0.055,2.2,0.07,True,True
2026-07-25T20:30:26+00:00,mlb-stl-cin-2026-05-24,over_ladder,mlb-stl-cin-2026-05-24-total-12pt5,mlb-stl-cin-2026-05-24-total-11pt5,0.28,0.21,0.07,0.055,2.2,0.07,True,True
2026-07-25T20:30:51+00:00,mlb-stl-cin-2026-05-24,over_ladder,mlb-stl-cin-2026-05-24-total-12pt5,mlb-stl-cin-2026-05-24-total-11pt5,0.28,0.21,0.07,0.055,2.2,0.07,True,True
2026-07-25T20:31:17+00:00,mlb-stl-cin-2026-05-24,over_ladder,mlb-stl-cin-2026-05-24-total-12pt5,mlb-stl-cin-2026-05-24-total-11pt5,0.28,0.21,0.07,0.055,2.2,0.07,True,True
2026-07-25T20:31:42+00:00,mlb-stl-cin-2026-05-24,over_ladder,mlb-stl-cin-2026-05-24-total-12pt5,mlb-stl-cin-2026-05-24-total-11pt5,0.28,0.21,0.07,0.055,2.2,0.07,True,True
2026-07-25T20:32:08+00:00,mlb-stl-cin-2026-05-24,over_ladder,mlb-stl-cin-2026-05-24-total-12pt5,mlb-stl-cin-2026-05-24-total-11pt5,0.28,0.21,0.07,0.055,2.2,0.07,True,True
2026-07-25T20:32:33+00:00,mlb-stl-cin-2026-05-24,over_ladder,mlb-stl-cin-2026-05-24-total-12pt5,mlb-stl-cin-2026-05-24-total-11pt5,0.28,0.21,0.07,0.055,2.2,0.07,True,True
2026-07-25T20:32:59+00:00,mlb-stl-cin-2026-05-24,over_ladder,mlb-stl-cin-2026-05-24-total-12pt5,mlb-stl-cin-2026-05-24-total-11pt5,0.28,0.21,0.07,0.055,2.2,0.07,True,True
2026-07-25T20:33:24+00:00,mlb-stl-cin-2026-05-24,over_ladder,mlb-stl-cin-2026-05-24-total-12pt5,mlb-stl-cin-2026-05-24-total-11pt5,0.28,0.21,0.07,0.055,2.2,0.07,True,True
2026-07-25T20:33:50+00:00,mlb-stl-cin-2026-05-24,over_ladder,mlb-stl-cin-2026-05-24-total-12pt5,mlb-stl-cin-2026-05-24-total-11pt5,0.28,0.21,0.07,0.055,2.2,0.07,True,True
2026-07-25T20:34:16+00:00,mlb-stl-cin-2026-05-24,over_ladder,mlb-stl-cin-2026-05-24-total-12pt5,mlb-stl-cin-2026-05-24-total-11pt5,0.28,0.21,0.07,0.055,2.2,0.07,True,True
2026-07-25T20:34:41+00:00,mlb-stl-cin-2026-05-24,over_ladder,mlb-stl-cin-2026-05-24-total-12pt5,mlb-stl-cin-2026-05-24-total-11pt5,0.28,0.21,0.07,0.055,2.2,0.07,True,True
2026-07-25T20:35:07+00:00,mlb-stl-cin-2026-05-24,over_ladder,mlb-stl-cin-2026-05-24-total-12pt5,mlb-stl-cin-2026-05-24-total-11pt5,0.28,0.21,0.07,0.055,2.2,0.07,True,True
2026-07-25T20:35:32+00:00,mlb-stl-cin-2026-05-24,over_ladder,mlb-stl-cin-2026-05-24-total-12pt5,mlb-stl-cin-2026-05-24-total-11pt5,0.28,0.21,0.07,0.055,2.2,0.07,True,True
2026-07-25T20:35:58+00:00,mlb-stl-cin-2026-05-24,over_ladder,mlb-stl-cin-2026-05-24-total-12pt5,mlb-stl-cin-2026-05-24-total-11pt5,0.28,0.21,0.07,0.055,2.2,0.07,True,True
2026-07-25T20:36:24+00:00,mlb-stl-cin-2026-05-24,over_ladder,mlb-stl-cin-2026-05-24-total-12pt5,mlb-stl-cin-2026-05-24-total-11pt5,0.28,0.21,0.07,0.055,2.2,0.07,True,True
2026-07-25T20:36:50+00:00,mlb-stl-cin-2026-05-24,over_ladder,mlb-stl-cin-2026-05-24-total-12pt5,mlb-stl-cin-2026-05-24-total-11pt5,0.28,0.21,0.07,0.055,2.2,0.07,True,True
2026-07-25T20:37:15+00:00,mlb-stl-cin-2026-05-24,over_ladder,mlb-stl-cin-2026-05-24-total-12pt5,mlb-stl-cin-2026-05-24-total-11pt5,0.28,0.21,0.07,0.055,2.2,0.07,True,True
2026-07-25T20:37:41+00:00,mlb-stl-cin-2026-05-24,over_ladder,mlb-stl-cin-2026-05-24-total-12pt5,mlb-stl-cin-2026-05-24-total-11pt5,0.28,0.21,0.07,0.055,2.2,0.07,True,True
2026-07-25T20:38:06+00:00,mlb-stl-cin-2026-05-24,over_ladder,mlb-stl-cin-2026-05-24-total-12pt5,mlb-stl-cin-2026-05-24-total-11pt5,0.28,0.21,0.07,0.055,2.2,0.07,True,True
2026-07-25T20:38:32+00:00,mlb-stl-cin-2026-05-24,over_ladder,mlb-stl-cin-2026-05-24-total-12pt5,mlb-stl-cin-2026-05-24-total-11pt5,0.28,0.21,0.07,0.055,2.2,0.07,True,True
2026-07-25T20:38:58+00:00,mlb-stl-cin-2026-05-24,over_ladder,mlb-stl-cin-2026-05-24-total-12pt5,mlb-stl-cin-2026-05-24-total-11pt5,0.28,0.21,0.07,0.055,2.2,0.07,True,True
2026-07-25T20:39:24+00:00,mlb-stl-cin-2026-05-24,over_ladder,mlb-stl-cin-2026-05-24-total-12pt5,mlb-stl-cin-2026-05-24-total-11pt5,0.28,0.21,0.07,0.055,2.2,0.07,True,True
2026-07-25T20:39:49+00:00,mlb-stl-cin-2026-05-24,over_ladder,mlb-stl-cin-2026-05-24-total-12pt5,mlb-stl-cin-2026-05-24-total-11pt5,0.28,0.21,0.07,0.055,2.2,0.07,True,True
2026-07-25T20:40:15+00:00,mlb-stl-cin-2026-05-24,over_ladder,mlb-stl-cin-2026-05-24-total-12pt5,mlb-stl-cin-2026-05-24-total-11pt5,0.28,0.21,0.07,0.055,2.2,0.07,True,True
2026-07-25T20:40:41+00:00,mlb-stl-cin-2026-05-24,over_ladder,mlb-stl-cin-2026-05-24-total-12pt5,mlb-stl-cin-2026-05-24-total-11pt5,0.28,0.21,0.07,0.055,2.2,0.07,True,True
2026-07-25T20:41:06+00:00,mlb-stl-cin-2026-05-24,over_ladder,mlb-stl-cin-2026-05-24-total-12pt5,mlb-stl-cin-2026-05-24-total-11pt5,0.28,0.21,0.07,0.055,2.2,0.07,True,True
2026-07-25T20:41:32+00:00,mlb-stl-cin-2026-05-24,over_ladder,mlb-stl-cin-2026-05-24-total-12pt5,mlb-stl-cin-2026-05-24-total-11pt5,0.28,0.21,0.07,0.055,2.2,0.07,True,True
2026-07-25T20:41:57+00:00,mlb-stl-cin-2026-05-24,over_ladder,mlb-stl-cin-2026-05-24-total-12pt5,mlb-stl-cin-2026-05-24-total-11pt5,0.28,0.21,0.07,0.055,2.2,0.07,True,True
2026-07-25T20:42:23+00:00,mlb-stl-cin-2026-05-24,over_ladder,mlb-stl-cin-2026-05-24-total-12pt5,mlb-stl-cin-2026-05-24-total-11pt5,0.28,0.21,0.07,0.055,2.2,0.07,True,True
2026-07-25T20:42:48+00:00,mlb-stl-cin-2026-05-24,over_ladder,mlb-stl-cin-2026-05-24-total-12pt5,mlb-stl-cin-2026-05-24-total-11pt5,0.28,0.21,0.07,0.055,2.2,0.07,True,True
2026-07-25T20:43:14+00:00,mlb-stl-cin-2026-05-24,over_ladder,mlb-stl-cin-2026-05-24-total-12pt5,mlb-stl-cin-2026-05-24-total-11pt5,0.28,0.21,0.07,0.055,2.2,0.07,True,True
2026-07-25T20:43:39+00:00,mlb-stl-cin-2026-05-24,over_ladder,mlb-stl-cin-2026-05-24-total-12pt5,mlb-stl-cin-2026-05-24-total-11pt5,0.28,0.21,0.07,0.055,2.2,0.07,True,True
2026-07-25T20:44:05+00:00,mlb-stl-cin-2026-05-24,over_ladder,mlb-stl-cin-2026-05-24-total-12pt5,mlb-stl-cin-2026-05-24-total-11pt5,0.28,0.21,0.07,0.055,2.2,0.07,True,True
2026-07-25T20:44:31+00:00,mlb-stl-cin-2026-05-24,over_ladder,mlb-stl-cin-2026-05-24-total-12pt5,mlb-stl-cin-2026-05-24-total-11pt5,0.28,0.21,0.07,0.055,2.2,0.07,True,True
2026-07-25T20:44:31+00:00,lol-fly-ly-2026-07-25,over_ladder,lol-fly-ly-2026-07-25-game1-kill-over-39pt5,lol-fly-ly-2026-07-25-game1-kill-over-30pt5,0.01,0.001,0.009,0.0079,5.0,0.009,True,True
2026-07-25T20:44:56+00:00,mlb-stl-cin-2026-05-24,over_ladder,mlb-stl-cin-2026-05-24-total-12pt5,mlb-stl-cin-2026-05-24-total-11pt5,0.28,0.21,0.07,0.055,2.2,0.07,True,True
2026-07-25T20:45:22+00:00,mlb-stl-cin-2026-05-24,over_ladder,mlb-stl-cin-2026-05-24-total-12pt5,mlb-stl-cin-2026-05-24-total-11pt5,0.28,0.21,0.07,0.055,2.2,0.07,True,True
2026-07-25T20:45:47+00:00,mlb-stl-cin-2026-05-24,over_ladder,mlb-stl-cin-2026-05-24-total-12pt5,mlb-stl-cin-2026-05-24-total-11pt5,0.28,0.21,0.07,0.055,2.2,0.07,True,True
2026-07-25T20:46:13+00:00,mlb-stl-cin-2026-05-24,over_ladder,mlb-stl-cin-2026-05-24-total-12pt5,mlb-stl-cin-2026-05-24-total-11pt5,0.28,0.21,0.07,0.055,2.2,0.07,True,True
2026-07-25T20:46:39+00:00,mlb-stl-cin-2026-05-24,over_ladder,mlb-stl-cin-2026-05-24-total-12pt5,mlb-stl-cin-2026-05-24-total-11pt5,0.28,0.21,0.07,0.055,2.2,0.07,True,True
2026-07-25T20:47:04+00:00,mlb-stl-cin-2026-05-24,over_ladder,mlb-stl-cin-2026-05-24-total-12pt5,mlb-stl-cin-2026-05-24-total-11pt5,0.28,0.21,0.07,0.055,2.2,0.07,True,True
2026-07-25T20:47:30+00:00,mlb-stl-cin-2026-05-24,over_ladder,mlb-stl-cin-2026-05-24-total-12pt5,mlb-stl-cin-2026-05-24-total-11pt5,0.28,0.21,0.07,0.055,2.2,0.07,True,True
2026-07-25T20:47:55+00:00,mlb-stl-cin-2026-05-24,over_ladder,mlb-stl-cin-2026-05-24-total-12pt5,mlb-stl-cin-2026-05-24-total-11pt5,0.28,0.21,0.07,0.055,2.2,0.07,True,True
2026-07-25T20:48:21+00:00,mlb-stl-cin-2026-05-24,over_ladder,mlb-stl-cin-2026-05-24-total-12pt5,mlb-stl-cin-2026-05-24-total-11pt5,0.28,0.21,0.07,0.055,2.2,0.07,True,True
2026-07-25T20:48:46+00:00,mlb-stl-cin-2026-05-24,over_ladder,mlb-stl-cin-2026-05-24-total-12pt5,mlb-stl-cin-2026-05-24-total-11pt5,0.28,0.21,0.07,0.055,2.2,0.07,True,True
2026-07-25T20:49:13+00:00,mlb-stl-cin-2026-05-24,over_ladder,mlb-stl-cin-2026-05-24-total-12pt5,mlb-stl-cin-2026-05-24-total-11pt5,0.28,0.21,0.07,0.055,2.2,0.07,True,True
2026-07-25T20:49:38+00:00,mlb-stl-cin-2026-05-24,over_ladder,mlb-stl-cin-2026-05-24-total-12pt5,mlb-stl-cin-2026-05-24-total-11pt5,0.28,0.21,0.07,0.055,2.2,0.07,True,True
2026-07-25T20:50:04+00:00,mlb-stl-cin-2026-05-24,over_ladder,mlb-stl-cin-2026-05-24-total-12pt5,mlb-stl-cin-2026-05-24-total-11pt5,0.28,0.21,0.07,0.055,2.2,0.07,True,True
2026-07-25T20:50:29+00:00,mlb-stl-cin-2026-05-24,over_ladder,mlb-stl-cin-2026-05-24-total-12pt5,mlb-stl-cin-2026-05-24-total-11pt5,0.28,0.21,0.07,0.055,2.2,0.07,True,True
2026-07-25T20:50:55+00:00,mlb-stl-cin-2026-05-24,over_ladder,mlb-stl-cin-2026-05-24-total-12pt5,mlb-stl-cin-2026-05-24-total-11pt5,0.28,0.21,0.07,0.055,2.2,0.07,True,True
2026-07-25T20:51:21+00:00,mlb-stl-cin-2026-05-24,over_ladder,mlb-stl-cin-2026-05-24-total-12pt5,mlb-stl-cin-2026-05-24-total-11pt5,0.28,0.21,0.07,0.055,2.2,0.07,True,True
2026-07-25T20:51:46+00:00,mlb-stl-cin-2026-05-24,over_ladder,mlb-stl-cin-2026-05-24-total-12pt5,mlb-stl-cin-2026-05-24-total-11pt5,0.28,0.21,0.07,0.055,2.2,0.07,True,True
2026-07-25T20:52:12+00:00,mlb-stl-cin-2026-05-24,over_ladder,mlb-stl-cin-2026-05-24-total-12pt5,mlb-stl-cin-2026-05-24-total-11pt5,0.28,0.21,0.07,0.055,2.2,0.07,True,True
2026-07-25T20:52:37+00:00,mlb-stl-cin-2026-05-24,over_ladder,mlb-stl-cin-2026-05-24-total-12pt5,mlb-stl-cin-2026-05-24-total-11pt5,0.28,0.21,0.07,0.055,2.2,0.07,True,True
2026-07-25T20:53:03+00:00,mlb-stl-cin-2026-05-24,over_ladder,mlb-stl-cin-2026-05-24-total-12pt5,mlb-stl-cin-2026-05-24-total-11pt5,0.28,0.21,0.07,0.055,2.2,0.07,True,True
2026-07-25T20:53:28+00:00,mlb-stl-cin-2026-05-24,over_ladder,mlb-stl-cin-2026-05-24-total-12pt5,mlb-stl-cin-2026-05-24-total-11pt5,0.28,0.21,0.07,0.055,2.2,0.07,True,True
2026-07-25T20:53:54+00:00,mlb-stl-cin-2026-05-24,over_ladder,mlb-stl-cin-2026-05-24-total-12pt5,mlb-stl-cin-2026-05-24-total-11pt5,0.28,0.21,0.07,0.055,2.2,0.07,True,True
2026-07-25T20:54:19+00:00,mlb-stl-cin-2026-05-24,over_ladder,mlb-stl-cin-2026-05-24-total-12pt5,mlb-stl-cin-2026-05-24-total-11pt5,0.28,0.21,0.07,0.055,2.2,0.07,True,True
2026-07-25T20:54:45+00:00,mlb-stl-cin-2026-05-24,over_ladder,mlb-stl-cin-2026-05-24-total-12pt5,mlb-stl-cin-2026-05-24-total-11pt5,0.28,0.21,0.07,0.055,2.2,0.07,True,True
2026-07-25T20:55:11+00:00,mlb-stl-cin-2026-05-24,over_ladder,mlb-stl-cin-2026-05-24-total-12pt5,mlb-stl-cin-2026-05-24-total-11pt5,0.28,0.21,0.07,0.055,2.2,0.07,True,True
2026-07-25T20:55:36+00:00,mlb-stl-cin-2026-05-24,over_ladder,mlb-stl-cin-2026-05-24-total-12pt5,mlb-stl-cin-2026-05-24-total-11pt5,0.28,0.21,0.07,0.055,2.2,0.07,True,True
2026-07-25T20:56:02+00:00,mlb-stl-cin-2026-05-24,over_ladder,mlb-stl-cin-2026-05-24-total-12pt5,mlb-stl-cin-2026-05-24-total-11pt5,0.28,0.21,0.07,0.055,2.2,0.07,True,True
2026-07-25T20:56:27+00:00,mlb-stl-cin-2026-05-24,over_ladder,mlb-stl-cin-2026-05-24-total-12pt5,mlb-stl-cin-2026-05-24-total-11pt5,0.28,0.21,0.07,0.055,2.2,0.07,True,True
2026-07-25T20:56:53+00:00,mlb-stl-cin-2026-05-24,over_ladder,mlb-stl-cin-2026-05-24-total-12pt5,mlb-stl-cin-2026-05-24-total-11pt5,0.28,0.21,0.07,0.055,2.2,0.07,True,True
2026-07-25T20:57:18+00:00,mlb-stl-cin-2026-05-24,over_ladder,mlb-stl-cin-2026-05-24-total-12pt5,mlb-stl-cin-2026-05-24-total-11pt5,0.28,0.21,0.07,0.055,2.2,0.07,True,True
2026-07-25T20:57:44+00:00,mlb-stl-cin-2026-05-24,over_ladder,mlb-stl-cin-2026-05-24-total-12pt5,mlb-stl-cin-2026-05-24-total-11pt5,0.28,0.21,0.07,0.055,2.2,0.07,True,True
2026-07-25T20:58:09+00:00,mlb-stl-cin-2026-05-24,over_ladder,mlb-stl-cin-2026-05-24-total-12pt5,mlb-stl-cin-2026-05-24-total-11pt5,0.28,0.21,0.07,0.055,2.2,0.07,True,True
2026-07-25T20:58:35+00:00,mlb-stl-cin-2026-05-24,over_ladder,mlb-stl-cin-2026-05-24-total-12pt5,mlb-stl-cin-2026-05-24-total-11pt5,0.28,0.21,0.07,0.055,2.2,0.07,True,True
2026-07-25T20:59:00+00:00,mlb-stl-cin-2026-05-24,over_ladder,mlb-stl-cin-2026-05-24-total-12pt5,mlb-stl-cin-2026-05-24-total-11pt5,0.28,0.21,0.07,0.055,2.2,0.07,True,True
2026-07-25T20:59:27+00:00,mlb-stl-cin-2026-05-24,over_ladder,mlb-stl-cin-2026-05-24-total-12pt5,mlb-stl-cin-2026-05-24-total-11pt5,0.28,0.21,0.07,0.055,2.2,0.07,True,True
2026-07-25T20:59:53+00:00,mlb-stl-cin-2026-05-24,over_ladder,mlb-stl-cin-2026-05-24-total-12pt5,mlb-stl-cin-2026-05-24-total-11pt5,0.28,0.21,0.07,0.055,2.2,0.07,True,True
2026-07-25T21:00:18+00:00,mlb-stl-cin-2026-05-24,over_ladder,mlb-stl-cin-2026-05-24-total-12pt5,mlb-stl-cin-2026-05-24-total-11pt5,0.28,0.21,0.07,0.055,2.2,0.07,True,True
2026-07-25T21:00:44+00:00,mlb-stl-cin-2026-05-24,over_ladder,mlb-stl-cin-2026-05-24-total-12pt5,mlb-stl-cin-2026-05-24-total-11pt5,0.28,0.21,0.07,0.055,2.2,0.07,True,True
2026-07-25T21:01:09+00:00,mlb-stl-cin-2026-05-24,over_ladder,mlb-stl-cin-2026-05-24-total-12pt5,mlb-stl-cin-2026-05-24-total-11pt5,0.28,0.21,0.07,0.055,2.2,0.07,True,True
2026-07-25T21:01:35+00:00,mlb-stl-cin-2026-05-24,over_ladder,mlb-stl-cin-2026-05-24-total-12pt5,mlb-stl-cin-2026-05-24-total-11pt5,0.28,0.21,0.07,0.055,2.2,0.07,True,True
2026-07-25T21:02:00+00:00,mlb-stl-cin-2026-05-24,over_ladder,mlb-stl-cin-2026-05-24-total-12pt5,mlb-stl-cin-2026-05-24-total-11pt5,0.28,0.21,0.07,0.055,2.2,0.07,True,True
2026-07-25T21:02:26+00:00,mlb-stl-cin-2026-05-24,over_ladder,mlb-stl-cin-2026-05-24-total-12pt5,mlb-stl-cin-2026-05-24-total-11pt5,0.28,0.21,0.07,0.055,2.2,0.07,True,True
2026-07-25T21:02:52+00:00,mlb-stl-cin-2026-05-24,over_ladder,mlb-stl-cin-2026-05-24-total-12pt5,mlb-stl-cin-2026-05-24-total-11pt5,0.28,0.21,0.07,0.055,2.2,0.07,True,True
2026-07-25T21:03:17+00:00,mlb-stl-cin-2026-05-24,over_ladder,mlb-stl-cin-2026-05-24-total-12pt5,mlb-stl-cin-2026-05-24-total-11pt5,0.28,0.21,0.07,0.055,2.2,0.07,True,True
2026-07-25T21:03:43+00:00,mlb-stl-cin-2026-05-24,over_ladder,mlb-stl-cin-2026-05-24-total-12pt5,mlb-stl-cin-2026-05-24-total-11pt5,0.28,0.21,0.07,0.055,2.2,0.07,True,True
2026-07-25T21:04:08+00:00,mlb-stl-cin-2026-05-24,over_ladder,mlb-stl-cin-2026-05-24-total-12pt5,mlb-stl-cin-2026-05-24-total-11pt5,0.28,0.21,0.07,0.055,2.2,0.07,True,True
2026-07-25T21:04:34+00:00,mlb-stl-cin-2026-05-24,over_ladder,mlb-stl-cin-2026-05-24-total-12pt5,mlb-stl-cin-2026-05-24-total-11pt5,0.28,0.21,0.07,0.055,2.2,0.07,True,True
2026-07-25T21:05:00+00:00,mlb-stl-cin-2026-05-24,over_ladder,mlb-stl-cin-2026-05-24-total-12pt5,mlb-stl-cin-2026-05-24-total-11pt5,0.28,0.21,0.07,0.055,2.2,0.07,True,True
2026-07-25T21:05:25+00:00,mlb-stl-cin-2026-05-24,over_ladder,mlb-stl-cin-2026-05-24-total-12pt5,mlb-stl-cin-2026-05-24-total-11pt5,0.28,0.21,0.07,0.055,2.2,0.07,True,True
2026-07-25T21:05:51+00:00,mlb-stl-cin-2026-05-24,over_ladder,mlb-stl-cin-2026-05-24-total-12pt5,mlb-stl-cin-2026-05-24-total-11pt5,0.28,0.21,0.07,0.055,2.2,0.07,True,True
2026-07-25T21:06:16+00:00,mlb-stl-cin-2026-05-24,over_ladder,mlb-stl-cin-2026-05-24-total-12pt5,mlb-stl-cin-2026-05-24-total-11pt5,0.28,0.21,0.07,0.055,2.2,0.07,True,True
2026-07-25T21:06:42+00:00,mlb-stl-cin-2026-05-24,over_ladder,mlb-stl-cin-2026-05-24-total-12pt5,mlb-stl-cin-2026-05-24-total-11pt5,0.28,0.21,0.07,0.055,2.2,0.07,True,True
2026-07-25T21:07:08+00:00,mlb-stl-cin-2026-05-24,over_ladder,mlb-stl-cin-2026-05-24-total-12pt5,mlb-stl-cin-2026-05-24-total-11pt5,0.28,0.21,0.07,0.055,2.2,0.07,True,True
2026-07-25T21:07:33+00:00,mlb-stl-cin-2026-05-24,over_ladder,mlb-stl-cin-2026-05-24-total-12pt5,mlb-stl-cin-2026-05-24-total-11pt5,0.28,0.21,0.07,0.055,2.2,0.07,True,True
2026-07-25T21:07:59+00:00,mlb-stl-cin-2026-05-24,over_ladder,mlb-stl-cin-2026-05-24-total-12pt5,mlb-stl-cin-2026-05-24-total-11pt5,0.28,0.21,0.07,0.055,2.2,0.07,True,True
2026-07-25T21:08:24+00:00,mlb-stl-cin-2026-05-24,over_ladder,mlb-stl-cin-2026-05-24-total-12pt5,mlb-stl-cin-2026-05-24-total-11pt5,0.28,0.21,0.07,0.055,2.2,0.07,True,True
2026-07-25T21:08:50+00:00,mlb-stl-cin-2026-05-24,over_ladder,mlb-stl-cin-2026-05-24-total-12pt5,mlb-stl-cin-2026-05-24-total-11pt5,0.28,0.21,0.07,0.055,2.2,0.07,True,True
2026-07-25T21:09:15+00:00,mlb-stl-cin-2026-05-24,over_ladder,mlb-stl-cin-2026-05-24-total-12pt5,mlb-stl-cin-2026-05-24-total-11pt5,0.28,0.21,0.07,0.055,2.2,0.07,True,True
2026-07-25T21:09:42+00:00,mlb-stl-cin-2026-05-24,over_ladder,mlb-stl-cin-2026-05-24-total-12pt5,mlb-stl-cin-2026-05-24-total-11pt5,0.28,0.21,0.07,0.055,2.2,0.07,True,True
2026-07-25T21:10:07+00:00,mlb-stl-cin-2026-05-24,over_ladder,mlb-stl-cin-2026-05-24-total-12pt5,mlb-stl-cin-2026-05-24-total-11pt5,0.28,0.21,0.07,0.055,2.2,0.07,True,True
2026-07-25T21:10:33+00:00,mlb-stl-cin-2026-05-24,over_ladder,mlb-stl-cin-2026-05-24-total-12pt5,mlb-stl-cin-2026-05-24-total-11pt5,0.28,0.21,0.07,0.055,2.2,0.07,True,True
2026-07-25T21:10:58+00:00,mlb-stl-cin-2026-05-24,over_ladder,mlb-stl-cin-2026-05-24-total-12pt5,mlb-stl-cin-2026-05-24-total-11pt5,0.28,0.21,0.07,0.055,2.2,0.07,True,True
2026-07-25T21:11:24+00:00,mlb-stl-cin-2026-05-24,over_ladder,mlb-stl-cin-2026-05-24-total-12pt5,mlb-stl-cin-2026-05-24-total-11pt5,0.28,0.21,0.07,0.055,2.2,0.07,True,True
2026-07-25T21:11:50+00:00,mlb-stl-cin-2026-05-24,over_ladder,mlb-stl-cin-2026-05-24-total-12pt5,mlb-stl-cin-2026-05-24-total-11pt5,0.28,0.21,0.07,0.055,2.2,0.07,True,True
2026-07-25T21:12:15+00:00,mlb-stl-cin-2026-05-24,over_ladder,mlb-stl-cin-2026-05-24-total-12pt5,mlb-stl-cin-2026-05-24-total-11pt5,0.28,0.21,0.07,0.055,2.2,0.07,True,True
2026-07-25T21:12:41+00:00,mlb-stl-cin-2026-05-24,over_ladder,mlb-stl-cin-2026-05-24-total-12pt5,mlb-stl-cin-2026-05-24-total-11pt5,0.28,0.21,0.07,0.055,2.2,0.07,True,True
2026-07-25T21:13:06+00:00,mlb-stl-cin-2026-05-24,over_ladder,mlb-stl-cin-2026-05-24-total-12pt5,mlb-stl-cin-2026-05-24-total-11pt5,0.28,0.21,0.07,0.055,2.2,0.07,True,True
2026-07-25T21:13:32+00:00,mlb-stl-cin-2026-05-24,over_ladder,mlb-stl-cin-2026-05-24-total-12pt5,mlb-stl-cin-2026-05-24-total-11pt5,0.28,0.21,0.07,0.055,2.2,0.07,True,True
2026-07-25T21:13:57+00:00,mlb-stl-cin-2026-05-24,over_ladder,mlb-stl-cin-2026-05-24-total-12pt5,mlb-stl-cin-2026-05-24-total-11pt5,0.28,0.21,0.07,0.055,2.2,0.07,True,True
2026-07-25T21:14:23+00:00,mlb-stl-cin-2026-05-24,over_ladder,mlb-stl-cin-2026-05-24-total-12pt5,mlb-stl-cin-2026-05-24-total-11pt5,0.28,0.21,0.07,0.055,2.2,0.07,True,True
2026-07-25T21:14:48+00:00,mlb-stl-cin-2026-05-24,over_ladder,mlb-stl-cin-2026-05-24-total-12pt5,mlb-stl-cin-2026-05-24-total-11pt5,0.28,0.21,0.07,0.055,2.2,0.07,True,True
2026-07-25T21:15:14+00:00,mlb-stl-cin-2026-05-24,over_ladder,mlb-stl-cin-2026-05-24-total-12pt5,mlb-stl-cin-2026-05-24-total-11pt5,0.28,0.21,0.07,0.055,2.2,0.07,True,True
2026-07-25T21:15:39+00:00,mlb-stl-cin-2026-05-24,over_ladder,mlb-stl-cin-2026-05-24-total-12pt5,mlb-stl-cin-2026-05-24-total-11pt5,0.28,0.21,0.07,0.055,2.2,0.07,True,True
2026-07-25T21:16:05+00:00,mlb-stl-cin-2026-05-24,over_ladder,mlb-stl-cin-2026-05-24-total-12pt5,mlb-stl-cin-2026-05-24-total-11pt5,0.28,0.21,0.07,0.055,2.2,0.07,True,True
2026-07-25T21:16:31+00:00,mlb-stl-cin-2026-05-24,over_ladder,mlb-stl-cin-2026-05-24-total-12pt5,mlb-stl-cin-2026-05-24-total-11pt5,0.28,0.21,0.07,0.055,2.2,0.07,True,True
2026-07-25T21:16:56+00:00,mlb-stl-cin-2026-05-24,over_ladder,mlb-stl-cin-2026-05-24-total-12pt5,mlb-stl-cin-2026-05-24-total-11pt5,0.28,0.21,0.07,0.055,2.2,0.07,True,True
2026-07-25T21:17:22+00:00,mlb-stl-cin-2026-05-24,over_ladder,mlb-stl-cin-2026-05-24-total-12pt5,mlb-stl-cin-2026-05-24-total-11pt5,0.28,0.21,0.07,0.055,2.2,0.07,True,True
2026-07-25T21:17:47+00:00,mlb-stl-cin-2026-05-24,over_ladder,mlb-stl-cin-2026-05-24-total-12pt5,mlb-stl-cin-2026-05-24-total-11pt5,0.28,0.21,0.07,0.055,2.2,0.07,True,True
2026-07-25T21:18:13+00:00,mlb-stl-cin-2026-05-24,over_ladder,mlb-stl-cin-2026-05-24-total-12pt5,mlb-stl-cin-2026-05-24-total-11pt5,0.28,0.21,0.07,0.055,2.2,0.07,True,True
2026-07-25T21:18:38+00:00,mlb-stl-cin-2026-05-24,over_ladder,mlb-stl-cin-2026-05-24-total-12pt5,mlb-stl-cin-2026-05-24-total-11pt5,0.28,0.21,0.07,0.055,2.2,0.07,True,True
2026-07-25T21:19:04+00:00,mlb-stl-cin-2026-05-24,over_ladder,mlb-stl-cin-2026-05-24-total-12pt5,mlb-stl-cin-2026-05-24-total-11pt5,0.28,0.21,0.07,0.055,2.2,0.07,True,True
2026-07-25T21:19:29+00:00,mlb-stl-cin-2026-05-24,over_ladder,mlb-stl-cin-2026-05-24-total-12pt5,mlb-stl-cin-2026-05-24-total-11pt5,0.28,0.21,0.07,0.055,2.2,0.07,True,True
2026-07-25T21:19:56+00:00,mlb-stl-cin-2026-05-24,over_ladder,mlb-stl-cin-2026-05-24-total-12pt5,mlb-stl-cin-2026-05-24-total-11pt5,0.28,0.21,0.07,0.055,2.2,0.07,True,True
2026-07-25T21:20:22+00:00,mlb-stl-cin-2026-05-24,over_ladder,mlb-stl-cin-2026-05-24-total-12pt5,mlb-stl-cin-2026-05-24-total-11pt5,0.28,0.21,0.07,0.055,2.2,0.07,True,True
2026-07-25T21:20:47+00:00,mlb-stl-cin-2026-05-24,over_ladder,mlb-stl-cin-2026-05-24-total-12pt5,mlb-stl-cin-2026-05-24-total-11pt5,0.28,0.21,0.07,0.055,2.2,0.07,True,True
2026-07-25T21:21:13+00:00,mlb-stl-cin-2026-05-24,over_ladder,mlb-stl-cin-2026-05-24-total-12pt5,mlb-stl-cin-2026-05-24-total-11pt5,0.28,0.21,0.07,0.055,2.2,0.07,True,True
2026-07-25T21:21:38+00:00,mlb-stl-cin-2026-05-24,over_ladder,mlb-stl-cin-2026-05-24-total-12pt5,mlb-stl-cin-2026-05-24-total-11pt5,0.28,0.21,0.07,0.055,2.2,0.07,True,True
2026-07-25T21:22:04+00:00,mlb-stl-cin-2026-05-24,over_ladder,mlb-stl-cin-2026-05-24-total-12pt5,mlb-stl-cin-2026-05-24-total-11pt5,0.28,0.21,0.07,0.055,2.2,0.07,True,True
2026-07-25T21:22:30+00:00,mlb-stl-cin-2026-05-24,over_ladder,mlb-stl-cin-2026-05-24-total-12pt5,mlb-stl-cin-2026-05-24-total-11pt5,0.28,0.21,0.07,0.055,2.2,0.07,True,True
2026-07-25T21:22:55+00:00,mlb-stl-cin-2026-05-24,over_ladder,mlb-stl-cin-2026-05-24-total-12pt5,mlb-stl-cin-2026-05-24-total-11pt5,0.28,0.21,0.07,0.055,2.2,0.07,True,True
2026-07-25T21:23:20+00:00,mlb-stl-cin-2026-05-24,over_ladder,mlb-stl-cin-2026-05-24-total-12pt5,mlb-stl-cin-2026-05-24-total-11pt5,0.28,0.21,0.07,0.055,2.2,0.07,True,True
2026-07-25T21:23:46+00:00,mlb-stl-cin-2026-05-24,over_ladder,mlb-stl-cin-2026-05-24-total-12pt5,mlb-stl-cin-2026-05-24-total-11pt5,0.28,0.21,0.07,0.055,2.2,0.07,True,True
2026-07-25T21:24:12+00:00,mlb-laa-sf-2026-07-25,spread_implies_ml,mlb-laa-sf-2026-07-25-spread-away-1pt5,mlb-laa-sf-2026-07-25,0.01,0.009,0.001,-0.0009,1000.0,,,
2026-07-25T21:24:12+00:00,mlb-laa-sf-2026-07-25,spread_implies_ml,mlb-laa-sf-2026-07-25-spread-away-2pt5,mlb-laa-sf-2026-07-25,0.01,0.009,0.001,-0.0009,25.0,,,
2026-07-25T21:24:12+00:00,mlb-stl-cin-2026-05-24,over_ladder,mlb-stl-cin-2026-05-24-total-12pt5,mlb-stl-cin-2026-05-24-total-11pt5,0.28,0.21,0.07,0.055,2.2,0.07,True,True
2026-07-25T21:24:37+00:00,mlb-laa-sf-2026-07-25,spread_implies_ml,mlb-laa-sf-2026-07-25-spread-away-1pt5,mlb-laa-sf-2026-07-25,0.01,0.009,0.001,-0.0009,1900.0,,,
2026-07-25T21:24:37+00:00,mlb-laa-sf-2026-07-25,spread_implies_ml,mlb-laa-sf-2026-07-25-spread-away-2pt5,mlb-laa-sf-2026-07-25,0.01,0.009,0.001,-0.0009,25.0,,,
2026-07-25T21:24:37+00:00,mlb-stl-cin-2026-05-24,over_ladder,mlb-stl-cin-2026-05-24-total-12pt5,mlb-stl-cin-2026-05-24-total-11pt5,0.28,0.21,0.07,0.055,2.2,0.07,True,True
2026-07-25T21:25:03+00:00,mlb-laa-sf-2026-07-25,spread_implies_ml,mlb-laa-sf-2026-07-25-spread-away-1pt5,mlb-laa-sf-2026-07-25,0.01,0.009,0.001,-0.0009,1900.0,,,
2026-07-25T21:25:03+00:00,mlb-laa-sf-2026-07-25,spread_implies_ml,mlb-laa-sf-2026-07-25-spread-away-2pt5,mlb-laa-sf-2026-07-25,0.01,0.009,0.001,-0.0009,25.0,,,
2026-07-25T21:25:03+00:00,mlb-stl-cin-2026-05-24,over_ladder,mlb-stl-cin-2026-05-24-total-12pt5,mlb-stl-cin-2026-05-24-total-11pt5,0.28,0.21,0.07,0.055,2.2,0.07,True,True
2026-07-25T21:25:28+00:00,mlb-laa-sf-2026-07-25,spread_implies_ml,mlb-laa-sf-2026-07-25-spread-away-1pt5,mlb-laa-sf-2026-07-25,0.01,0.008,0.002,0.0002,800.0,0.003,True,True
2026-07-25T21:25:28+00:00,mlb-laa-sf-2026-07-25,spread_implies_ml,mlb-laa-sf-2026-07-25-spread-away-2pt5,mlb-laa-sf-2026-07-25,0.01,0.008,0.002,0.0002,25.0,0.003,True,True
2026-07-25T21:25:28+00:00,mlb-stl-cin-2026-05-24,over_ladder,mlb-stl-cin-2026-05-24-total-12pt5,mlb-stl-cin-2026-05-24-total-11pt5,0.28,0.21,0.07,0.055,2.2,0.07,True,True
2026-07-25T21:25:54+00:00,mlb-laa-sf-2026-07-25,spread_implies_ml,mlb-laa-sf-2026-07-25-spread-away-1pt5,mlb-laa-sf-2026-07-25,0.01,0.008,0.002,0.0002,226.9,0.002,True,True
2026-07-25T21:25:54+00:00,mlb-laa-sf-2026-07-25,spread_implies_ml,mlb-laa-sf-2026-07-25-spread-away-2pt5,mlb-laa-sf-2026-07-25,0.01,0.008,0.002,0.0002,25.0,0.002,True,True
2026-07-25T21:25:54+00:00,mlb-stl-cin-2026-05-24,over_ladder,mlb-stl-cin-2026-05-24-total-12pt5,mlb-stl-cin-2026-05-24-total-11pt5,0.28,0.21,0.07,0.055,2.2,0.07,True,True
2026-07-25T21:26:19+00:00,mlb-laa-sf-2026-07-25,spread_implies_ml,mlb-laa-sf-2026-07-25-spread-away-1pt5,mlb-laa-sf-2026-07-25,0.01,0.006,0.004,0.0024,96.9,0.004,True,True
2026-07-25T21:26:19+00:00,mlb-laa-sf-2026-07-25,spread_implies_ml,mlb-laa-sf-2026-07-25-spread-away-2pt5,mlb-laa-sf-2026-07-25,0.01,0.006,0.004,0.0024,25.0,0.004,True,True
2026-07-25T21:26:19+00:00,mlb-stl-cin-2026-05-24,over_ladder,mlb-stl-cin-2026-05-24-total-12pt5,mlb-stl-cin-2026-05-24-total-11pt5,0.28,0.21,0.07,0.055,2.2,0.07,True,True
2026-07-25T21:26:45+00:00,mlb-laa-sf-2026-07-25,spread_implies_ml,mlb-laa-sf-2026-07-25-spread-away-1pt5,mlb-laa-sf-2026-07-25,0.01,0.006,0.004,0.0024,60.6,0.003,True,True
2026-07-25T21:26:45+00:00,mlb-laa-sf-2026-07-25,spread_implies_ml,mlb-laa-sf-2026-07-25-spread-away-2pt5,mlb-laa-sf-2026-07-25,0.01,0.006,0.004,0.0024,25.0,0.003,True,True
2026-07-25T21:26:45+00:00,mlb-stl-cin-2026-05-24,over_ladder,mlb-stl-cin-2026-05-24-total-12pt5,mlb-stl-cin-2026-05-24-total-11pt5,0.28,0.21,0.07,0.055,2.2,0.07,True,True
2026-07-25T21:27:11+00:00,mlb-laa-sf-2026-07-25,spread_implies_ml,mlb-laa-sf-2026-07-25-spread-away-1pt5,mlb-laa-sf-2026-07-25,0.01,0.007,0.003,0.0013,861.4,0.003,True,True
2026-07-25T21:27:11+00:00,mlb-laa-sf-2026-07-25,spread_implies_ml,mlb-laa-sf-2026-07-25-spread-away-2pt5,mlb-laa-sf-2026-07-25,0.01,0.007,0.003,0.0013,25.0,0.003,True,True
2026-07-25T21:27:11+00:00,mlb-stl-cin-2026-05-24,over_ladder,mlb-stl-cin-2026-05-24-total-12pt5,mlb-stl-cin-2026-05-24-total-11pt5,0.28,0.21,0.07,0.055,2.2,0.07,True,True
2026-07-25T21:27:36+00:00,mlb-laa-sf-2026-07-25,spread_implies_ml,mlb-laa-sf-2026-07-25-spread-away-1pt5,mlb-laa-sf-2026-07-25,0.01,0.007,0.003,0.0013,861.4,0.003,True,True
2026-07-25T21:27:36+00:00,mlb-laa-sf-2026-07-25,spread_implies_ml,mlb-laa-sf-2026-07-25-spread-away-2pt5,mlb-laa-sf-2026-07-25,0.01,0.007,0.003,0.0013,25.0,0.003,True,True
2026-07-25T21:27:36+00:00,mlb-stl-cin-2026-05-24,over_ladder,mlb-stl-cin-2026-05-24-total-12pt5,mlb-stl-cin-2026-05-24-total-11pt5,0.28,0.21,0.07,0.055,2.2,0.07,True,True
2026-07-25T21:28:02+00:00,mlb-laa-sf-2026-07-25,spread_implies_ml,mlb-laa-sf-2026-07-25-spread-away-2pt5,mlb-laa-sf-2026-07-25,0.01,0.007,0.003,0.0013,25.0,0.003,True,True
2026-07-25T21:28:02+00:00,mlb-stl-cin-2026-05-24,over_ladder,mlb-stl-cin-2026-05-24-total-12pt5,mlb-stl-cin-2026-05-24-total-11pt5,0.28,0.21,0.07,0.055,2.2,0.07,True,True
2026-07-25T21:28:27+00:00,mlb-laa-sf-2026-07-25,spread_implies_ml,mlb-laa-sf-2026-07-25-spread-away-2pt5,mlb-laa-sf-2026-07-25,0.01,0.008,0.002,0.0002,25.0,0.002,True,True
2026-07-25T21:28:27+00:00,mlb-stl-cin-2026-05-24,over_ladder,mlb-stl-cin-2026-05-24-total-12pt5,mlb-stl-cin-2026-05-24-total-11pt5,0.28,0.21,0.07,0.055,2.2,0.07,True,True
2026-07-25T21:28:53+00:00,mlb-laa-sf-2026-07-25,spread_implies_ml,mlb-laa-sf-2026-07-25-spread-away-2pt5,mlb-laa-sf-2026-07-25,0.01,0.008,0.002,0.0002,25.0,0.002,True,True
2026-07-25T21:28:53+00:00,mlb-stl-cin-2026-05-24,over_ladder,mlb-stl-cin-2026-05-24-total-12pt5,mlb-stl-cin-2026-05-24-total-11pt5,0.28,0.21,0.07,0.055,2.2,0.07,True,True
2026-07-25T21:29:19+00:00,mlb-laa-sf-2026-07-25,spread_implies_ml,mlb-laa-sf-2026-07-25-spread-away-2pt5,mlb-laa-sf-2026-07-25,0.01,0.009,0.001,-0.0009,25.0,,,
2026-07-25T21:29:19+00:00,mlb-stl-cin-2026-05-24,over_ladder,mlb-stl-cin-2026-05-24-total-12pt5,mlb-stl-cin-2026-05-24-total-11pt5,0.28,0.21,0.07,0.055,2.2,0.07,True,True
2026-07-25T21:29:44+00:00,mlb-laa-sf-2026-07-25,spread_implies_ml,mlb-laa-sf-2026-07-25-spread-away-2pt5,mlb-laa-sf-2026-07-25,0.01,0.009,0.001,-0.0009,25.0,,,
2026-07-25T21:29:44+00:00,mlb-stl-cin-2026-05-24,over_ladder,mlb-stl-cin-2026-05-24-total-12pt5,mlb-stl-cin-2026-05-24-total-11pt5,0.28,0.21,0.07,0.055,2.2,0.07,True,True
2026-07-25T21:30:11+00:00,mlb-laa-sf-2026-07-25,spread_implies_ml,mlb-laa-sf-2026-07-25-spread-away-2pt5,mlb-laa-sf-2026-07-25,0.01,0.008,0.002,0.0002,25.0,0.002,True,True
2026-07-25T21:30:11+00:00,mlb-stl-cin-2026-05-24,over_ladder,mlb-stl-cin-2026-05-24-total-12pt5,mlb-stl-cin-2026-05-24-total-11pt5,0.28,0.21,0.07,0.055,2.2,0.07,True,True
2026-07-25T21:30:36+00:00,mlb-laa-sf-2026-07-25,spread_implies_ml,mlb-laa-sf-2026-07-25-spread-away-2pt5,mlb-laa-sf-2026-07-25,0.01,0.008,0.002,0.0002,25.0,0.002,True,True
2026-07-25T21:30:36+00:00,mlb-stl-cin-2026-05-24,over_ladder,mlb-stl-cin-2026-05-24-total-12pt5,mlb-stl-cin-2026-05-24-total-11pt5,0.28,0.21,0.07,0.055,2.2,0.07,True,True
2026-07-25T21:31:02+00:00,mlb-laa-sf-2026-07-25,spread_implies_ml,mlb-laa-sf-2026-07-25-spread-away-2pt5,mlb-laa-sf-2026-07-25,0.01,0.008,0.002,0.0002,25.0,0.002,True,True
2026-07-25T21:31:02+00:00,mlb-stl-cin-2026-05-24,over_ladder,mlb-stl-cin-2026-05-24-total-12pt5,mlb-stl-cin-2026-05-24-total-11pt5,0.28,0.21,0.07,0.055,2.2,0.07,True,True
2026-07-25T21:31:28+00:00,mlb-laa-sf-2026-07-25,spread_implies_ml,mlb-laa-sf-2026-07-25-spread-away-2pt5,mlb-laa-sf-2026-07-25,0.01,0.008,0.002,0.0002,25.0,0.002,True,True
2026-07-25T21:31:28+00:00,mlb-stl-cin-2026-05-24,over_ladder,mlb-stl-cin-2026-05-24-total-12pt5,mlb-stl-cin-2026-05-24-total-11pt5,0.28,0.21,0.07,0.055,2.2,0.07,True,True
2026-07-25T21:31:53+00:00,mlb-laa-sf-2026-07-25,spread_implies_ml,mlb-laa-sf-2026-07-25-spread-away-2pt5,mlb-laa-sf-2026-07-25,0.01,0.008,0.002,0.0002,25.0,0.003,True,True
2026-07-25T21:31:53+00:00,mlb-stl-cin-2026-05-24,over_ladder,mlb-stl-cin-2026-05-24-total-12pt5,mlb-stl-cin-2026-05-24-total-11pt5,0.28,0.21,0.07,0.055,2.2,0.07,True,True
2026-07-25T21:32:19+00:00,mlb-laa-sf-2026-07-25,spread_implies_ml,mlb-laa-sf-2026-07-25-spread-away-2pt5,mlb-laa-sf-2026-07-25,0.01,0.008,0.002,0.0002,25.0,0.002,True,True
2026-07-25T21:32:19+00:00,mlb-stl-cin-2026-05-24,over_ladder,mlb-stl-cin-2026-05-24-total-12pt5,mlb-stl-cin-2026-05-24-total-11pt5,0.28,0.21,0.07,0.055,2.2,0.07,True,True
2026-07-25T21:32:44+00:00,mlb-laa-sf-2026-07-25,spread_implies_ml,mlb-laa-sf-2026-07-25-spread-away-2pt5,mlb-laa-sf-2026-07-25,0.01,0.008,0.002,0.0002,25.0,0.003,True,True
2026-07-25T21:32:44+00:00,mlb-stl-cin-2026-05-24,over_ladder,mlb-stl-cin-2026-05-24-total-12pt5,mlb-stl-cin-2026-05-24-total-11pt5,0.28,0.21,0.07,0.055,2.2,0.07,True,True
2026-07-25T21:33:10+00:00,mlb-laa-sf-2026-07-25,spread_implies_ml,mlb-laa-sf-2026-07-25-spread-away-2pt5,mlb-laa-sf-2026-07-25,0.01,0.007,0.003,0.0013,25.0,0.002,True,True
2026-07-25T21:33:10+00:00,mlb-stl-cin-2026-05-24,over_ladder,mlb-stl-cin-2026-05-24-total-12pt5,mlb-stl-cin-2026-05-24-total-11pt5,0.28,0.21,0.07,0.055,2.2,0.07,True,True
2026-07-25T21:33:36+00:00,mlb-laa-sf-2026-07-25,spread_implies_ml,mlb-laa-sf-2026-07-25-spread-away-2pt5,mlb-laa-sf-2026-07-25,0.01,0.008,0.002,0.0002,577.4,0.002,True,True
2026-07-25T21:33:36+00:00,mlb-stl-cin-2026-05-24,over_ladder,mlb-stl-cin-2026-05-24-total-12pt5,mlb-stl-cin-2026-05-24-total-11pt5,0.28,0.21,0.07,0.055,2.2,0.07,True,True
2026-07-25T21:34:01+00:00,mlb-laa-sf-2026-07-25,spread_implies_ml,mlb-laa-sf-2026-07-25-spread-away-2pt5,mlb-laa-sf-2026-07-25,0.01,0.008,0.002,0.0002,577.4,0.002,True,True
2026-07-25T21:34:01+00:00,mlb-stl-cin-2026-05-24,over_ladder,mlb-stl-cin-2026-05-24-total-12pt5,mlb-stl-cin-2026-05-24-total-11pt5,0.28,0.21,0.07,0.055,2.2,0.07,True,True
2026-07-25T21:34:27+00:00,mlb-laa-sf-2026-07-25,spread_implies_ml,mlb-laa-sf-2026-07-25-spread-away-2pt5,mlb-laa-sf-2026-07-25,0.01,0.008,0.002,0.0002,25.0,0.002,True,True
2026-07-25T21:34:27+00:00,mlb-stl-cin-2026-05-24,over_ladder,mlb-stl-cin-2026-05-24-total-12pt5,mlb-stl-cin-2026-05-24-total-11pt5,0.28,0.21,0.07,0.055,2.2,0.07,True,True
2026-07-25T21:34:52+00:00,mlb-laa-sf-2026-07-25,spread_implies_ml,mlb-laa-sf-2026-07-25-spread-away-2pt5,mlb-laa-sf-2026-07-25,0.01,0.007,0.003,0.0013,25.0,0.002,True,True
2026-07-25T21:34:52+00:00,mlb-stl-cin-2026-05-24,over_ladder,mlb-stl-cin-2026-05-24-total-12pt5,mlb-stl-cin-2026-05-24-total-11pt5,0.28,0.21,0.07,0.055,2.2,0.07,True,True
2026-07-25T21:35:18+00:00,mlb-laa-sf-2026-07-25,spread_implies_ml,mlb-laa-sf-2026-07-25-spread-away-2pt5,mlb-laa-sf-2026-07-25,0.01,0.008,0.002,0.0002,25.0,0.002,True,True
2026-07-25T21:35:18+00:00,mlb-stl-cin-2026-05-24,over_ladder,mlb-stl-cin-2026-05-24-total-12pt5,mlb-stl-cin-2026-05-24-total-11pt5,0.28,0.21,0.07,0.055,2.2,0.07,True,True
2026-07-25T21:35:44+00:00,mlb-laa-sf-2026-07-25,spread_implies_ml,mlb-laa-sf-2026-07-25-spread-away-2pt5,mlb-laa-sf-2026-07-25,0.01,0.008,0.002,0.0002,25.0,0.003,True,True
2026-07-25T21:35:44+00:00,mlb-stl-cin-2026-05-24,over_ladder,mlb-stl-cin-2026-05-24-total-12pt5,mlb-stl-cin-2026-05-24-total-11pt5,0.28,0.21,0.07,0.055,2.2,0.07,True,True
2026-07-25T21:36:09+00:00,mlb-laa-sf-2026-07-25,spread_implies_ml,mlb-laa-sf-2026-07-25-spread-away-2pt5,mlb-laa-sf-2026-07-25,0.01,0.008,0.002,0.0002,25.0,0.002,True,True
2026-07-25T21:36:09+00:00,mlb-stl-cin-2026-05-24,over_ladder,mlb-stl-cin-2026-05-24-total-12pt5,mlb-stl-cin-2026-05-24-total-11pt5,0.28,0.21,0.07,0.055,2.2,0.07,True,True
2026-07-25T21:36:35+00:00,mlb-laa-sf-2026-07-25,spread_implies_ml,mlb-laa-sf-2026-07-25-spread-away-2pt5,mlb-laa-sf-2026-07-25,0.01,0.008,0.002,0.0002,25.0,0.002,True,True
2026-07-25T21:36:35+00:00,mlb-stl-cin-2026-05-24,over_ladder,mlb-stl-cin-2026-05-24-total-12pt5,mlb-stl-cin-2026-05-24-total-11pt5,0.28,0.21,0.07,0.055,2.2,0.07,True,True
2026-07-25T21:37:00+00:00,mlb-laa-sf-2026-07-25,spread_implies_ml,mlb-laa-sf-2026-07-25-spread-away-2pt5,mlb-laa-sf-2026-07-25,0.01,0.008,0.002,0.0002,25.0,0.002,True,True
2026-07-25T21:37:00+00:00,mlb-stl-cin-2026-05-24,over_ladder,mlb-stl-cin-2026-05-24-total-12pt5,mlb-stl-cin-2026-05-24-total-11pt5,0.28,0.21,0.07,0.055,2.2,0.07,True,True
2026-07-25T21:37:26+00:00,mlb-laa-sf-2026-07-25,spread_implies_ml,mlb-laa-sf-2026-07-25-spread-away-2pt5,mlb-laa-sf-2026-07-25,0.01,0.008,0.002,0.0002,25.0,0.002,True,True
2026-07-25T21:37:26+00:00,mlb-stl-cin-2026-05-24,over_ladder,mlb-stl-cin-2026-05-24-total-12pt5,mlb-stl-cin-2026-05-24-total-11pt5,0.28,0.21,0.07,0.055,2.2,0.07,True,True
2026-07-25T21:37:52+00:00,mlb-laa-sf-2026-07-25,spread_implies_ml,mlb-laa-sf-2026-07-25-spread-away-2pt5,mlb-laa-sf-2026-07-25,0.01,0.007,0.003,0.0013,25.0,0.003,True,True
2026-07-25T21:37:52+00:00,mlb-stl-cin-2026-05-24,over_ladder,mlb-stl-cin-2026-05-24-total-12pt5,mlb-stl-cin-2026-05-24-total-11pt5,0.28,0.21,0.07,0.055,2.2,0.07,True,True
2026-07-25T21:38:17+00:00,mlb-laa-sf-2026-07-25,spread_implies_ml,mlb-laa-sf-2026-07-25-spread-away-2pt5,mlb-laa-sf-2026-07-25,0.01,0.008,0.002,0.0002,25.0,0.002,True,True
2026-07-25T21:38:17+00:00,mlb-stl-cin-2026-05-24,over_ladder,mlb-stl-cin-2026-05-24-total-12pt5,mlb-stl-cin-2026-05-24-total-11pt5,0.28,0.21,0.07,0.055,2.2,0.07,True,True
2026-07-25T21:38:43+00:00,mlb-laa-sf-2026-07-25,spread_implies_ml,mlb-laa-sf-2026-07-25-spread-away-2pt5,mlb-laa-sf-2026-07-25,0.01,0.007,0.003,0.0013,25.0,0.003,True,True
2026-07-25T21:38:43+00:00,mlb-stl-cin-2026-05-24,over_ladder,mlb-stl-cin-2026-05-24-total-12pt5,mlb-stl-cin-2026-05-24-total-11pt5,0.28,0.21,0.07,0.055,2.2,0.07,True,True
2026-07-25T21:39:08+00:00,mlb-laa-sf-2026-07-25,spread_implies_ml,mlb-laa-sf-2026-07-25-spread-away-2pt5,mlb-laa-sf-2026-07-25,0.01,0.007,0.003,0.0013,25.0,0.003,True,True
2026-07-25T21:39:08+00:00,mlb-stl-cin-2026-05-24,over_ladder,mlb-stl-cin-2026-05-24-total-12pt5,mlb-stl-cin-2026-05-24-total-11pt5,0.28,0.21,0.07,0.055,2.2,0.07,True,True
2026-07-25T21:39:34+00:00,mlb-laa-sf-2026-07-25,spread_implies_ml,mlb-laa-sf-2026-07-25-spread-away-2pt5,mlb-laa-sf-2026-07-25,0.01,0.007,0.003,0.0013,25.0,0.003,True,True
2026-07-25T21:39:34+00:00,mlb-stl-cin-2026-05-24,over_ladder,mlb-stl-cin-2026-05-24-total-12pt5,mlb-stl-cin-2026-05-24-total-11pt5,0.28,0.21,0.07,0.055,2.2,0.07,True,True
2026-07-25T21:39:59+00:00,mlb-laa-sf-2026-07-25,spread_implies_ml,mlb-laa-sf-2026-07-25-spread-away-2pt5,mlb-laa-sf-2026-07-25,0.01,0.007,0.003,0.0013,25.0,0.003,True,True
2026-07-25T21:39:59+00:00,mlb-stl-cin-2026-05-24,over_ladder,mlb-stl-cin-2026-05-24-total-12pt5,mlb-stl-cin-2026-05-24-total-11pt5,0.28,0.21,0.07,0.055,2.2,0.07,True,True
2026-07-25T21:40:26+00:00,mlb-laa-sf-2026-07-25,spread_implies_ml,mlb-laa-sf-2026-07-25-spread-away-2pt5,mlb-laa-sf-2026-07-25,0.01,0.007,0.003,0.0013,25.0,0.003,True,True
2026-07-25T21:40:26+00:00,mlb-stl-cin-2026-05-24,over_ladder,mlb-stl-cin-2026-05-24-total-12pt5,mlb-stl-cin-2026-05-24-total-11pt5,0.28,0.21,0.07,0.055,2.2,0.07,True,True
2026-07-25T21:40:52+00:00,mlb-laa-sf-2026-07-25,spread_implies_ml,mlb-laa-sf-2026-07-25-spread-away-2pt5,mlb-laa-sf-2026-07-25,0.01,0.007,0.003,0.0013,25.0,0.003,True,True
2026-07-25T21:40:52+00:00,mlb-stl-cin-2026-05-24,over_ladder,mlb-stl-cin-2026-05-24-total-12pt5,mlb-stl-cin-2026-05-24-total-11pt5,0.28,0.21,0.07,0.055,2.2,0.07,True,True
2026-07-25T21:41:17+00:00,mlb-laa-sf-2026-07-25,spread_implies_ml,mlb-laa-sf-2026-07-25-spread-away-2pt5,mlb-laa-sf-2026-07-25,0.01,0.007,0.003,0.0013,1000.0,0.003,True,True
2026-07-25T21:41:17+00:00,mlb-stl-cin-2026-05-24,over_ladder,mlb-stl-cin-2026-05-24-total-12pt5,mlb-stl-cin-2026-05-24-total-11pt5,0.28,0.21,0.07,0.055,2.2,0.07,True,True
2026-07-25T21:41:43+00:00,mlb-laa-sf-2026-07-25,spread_implies_ml,mlb-laa-sf-2026-07-25-spread-away-2pt5,mlb-laa-sf-2026-07-25,0.01,0.007,0.003,0.0013,1000.0,0.003,True,True
2026-07-25T21:41:43+00:00,mlb-stl-cin-2026-05-24,over_ladder,mlb-stl-cin-2026-05-24-total-12pt5,mlb-stl-cin-2026-05-24-total-11pt5,0.28,0.21,0.07,0.055,2.2,0.07,True,True
2026-07-25T21:42:09+00:00,mlb-laa-sf-2026-07-25,spread_implies_ml,mlb-laa-sf-2026-07-25-spread-away-2pt5,mlb-laa-sf-2026-07-25,0.01,0.007,0.003,0.0013,998.3,0.003,True,True
2026-07-25T21:42:09+00:00,mlb-stl-cin-2026-05-24,over_ladder,mlb-stl-cin-2026-05-24-total-12pt5,mlb-stl-cin-2026-05-24-total-11pt5,0.28,0.21,0.07,0.055,2.2,0.07,True,True
2026-07-25T21:42:34+00:00,mlb-laa-sf-2026-07-25,spread_implies_ml,mlb-laa-sf-2026-07-25-spread-away-2pt5,mlb-laa-sf-2026-07-25,0.01,0.007,0.003,0.0013,998.3,0.003,True,True
2026-07-25T21:42:34+00:00,mlb-stl-cin-2026-05-24,over_ladder,mlb-stl-cin-2026-05-24-total-12pt5,mlb-stl-cin-2026-05-24-total-11pt5,0.28,0.21,0.07,0.055,2.2,0.07,True,True
2026-07-25T21:43:00+00:00,mlb-laa-sf-2026-07-25,spread_implies_ml,mlb-laa-sf-2026-07-25-spread-away-2pt5,mlb-laa-sf-2026-07-25,0.01,0.007,0.003,0.0013,998.3,0.003,True,True
2026-07-25T21:43:00+00:00,mlb-stl-cin-2026-05-24,over_ladder,mlb-stl-cin-2026-05-24-total-12pt5,mlb-stl-cin-2026-05-24-total-11pt5,0.28,0.21,0.07,0.055,2.2,0.07,True,True
2026-07-25T21:43:25+00:00,mlb-laa-sf-2026-07-25,spread_implies_ml,mlb-laa-sf-2026-07-25-spread-away-2pt5,mlb-laa-sf-2026-07-25,0.01,0.007,0.003,0.0013,998.3,0.003,True,True
2026-07-25T21:43:25+00:00,mlb-stl-cin-2026-05-24,over_ladder,mlb-stl-cin-2026-05-24-total-12pt5,mlb-stl-cin-2026-05-24-total-11pt5,0.28,0.21,0.07,0.055,2.2,0.07,True,True
2026-07-25T21:43:51+00:00,mlb-laa-sf-2026-07-25,spread_implies_ml,mlb-laa-sf-2026-07-25-spread-away-2pt5,mlb-laa-sf-2026-07-25,0.01,0.007,0.003,0.0013,998.3,0.003,True,True
2026-07-25T21:43:51+00:00,mlb-stl-cin-2026-05-24,over_ladder,mlb-stl-cin-2026-05-24-total-12pt5,mlb-stl-cin-2026-05-24-total-11pt5,0.28,0.21,0.07,0.055,2.2,0.07,True,True
2026-07-25T21:44:16+00:00,mlb-laa-sf-2026-07-25,spread_implies_ml,mlb-laa-sf-2026-07-25-spread-away-2pt5,mlb-laa-sf-2026-07-25,0.01,0.007,0.003,0.0013,998.3,0.003,True,True
2026-07-25T21:44:16+00:00,mlb-stl-cin-2026-05-24,over_ladder,mlb-stl-cin-2026-05-24-total-12pt5,mlb-stl-cin-2026-05-24-total-11pt5,0.28,0.21,0.07,0.055,2.2,0.07,True,True
2026-07-25T21:44:42+00:00,mlb-laa-sf-2026-07-25,spread_implies_ml,mlb-laa-sf-2026-07-25-spread-away-2pt5,mlb-laa-sf-2026-07-25,0.01,0.007,0.003,0.0013,25.0,0.003,True,True
2026-07-25T21:44:42+00:00,mlb-stl-cin-2026-05-24,over_ladder,mlb-stl-cin-2026-05-24-total-12pt5,mlb-stl-cin-2026-05-24-total-11pt5,0.28,0.21,0.07,0.055,2.2,0.07,True,True
2026-07-25T21:45:08+00:00,mlb-laa-sf-2026-07-25,spread_implies_ml,mlb-laa-sf-2026-07-25-spread-away-2pt5,mlb-laa-sf-2026-07-25,0.01,0.007,0.003,0.0013,25.0,0.003,True,True
2026-07-25T21:45:08+00:00,mlb-stl-cin-2026-05-24,over_ladder,mlb-stl-cin-2026-05-24-total-12pt5,mlb-stl-cin-2026-05-24-total-11pt5,0.28,0.21,0.07,0.055,2.2,0.07,True,True
2026-07-25T21:45:33+00:00,mlb-laa-sf-2026-07-25,spread_implies_ml,mlb-laa-sf-2026-07-25-spread-away-2pt5,mlb-laa-sf-2026-07-25,0.01,0.007,0.003,0.0013,25.0,0.003,True,True
2026-07-25T21:45:33+00:00,mlb-stl-cin-2026-05-24,over_ladder,mlb-stl-cin-2026-05-24-total-12pt5,mlb-stl-cin-2026-05-24-total-11pt5,0.28,0.21,0.07,0.055,2.2,0.07,True,True
2026-07-25T21:45:59+00:00,mlb-laa-sf-2026-07-25,spread_implies_ml,mlb-laa-sf-2026-07-25-spread-away-2pt5,mlb-laa-sf-2026-07-25,0.01,0.007,0.003,0.0013,25.0,0.003,True,True
2026-07-25T21:45:59+00:00,mlb-stl-cin-2026-05-24,over_ladder,mlb-stl-cin-2026-05-24-total-12pt5,mlb-stl-cin-2026-05-24-total-11pt5,0.28,0.21,0.07,0.055,2.2,0.07,True,True
2026-07-25T21:46:25+00:00,mlb-laa-sf-2026-07-25,spread_implies_ml,mlb-laa-sf-2026-07-25-spread-away-2pt5,mlb-laa-sf-2026-07-25,0.01,0.007,0.003,0.0013,25.0,0.003,True,True
2026-07-25T21:46:25+00:00,mlb-stl-cin-2026-05-24,over_ladder,mlb-stl-cin-2026-05-24-total-12pt5,mlb-stl-cin-2026-05-24-total-11pt5,0.28,0.21,0.07,0.055,2.2,0.07,True,True
2026-07-25T21:46:50+00:00,mlb-laa-sf-2026-07-25,spread_implies_ml,mlb-laa-sf-2026-07-25-spread-away-2pt5,mlb-laa-sf-2026-07-25,0.01,0.007,0.003,0.0013,25.0,0.003,True,True
2026-07-25T21:46:50+00:00,mlb-stl-cin-2026-05-24,over_ladder,mlb-stl-cin-2026-05-24-total-12pt5,mlb-stl-cin-2026-05-24-total-11pt5,0.28,0.21,0.07,0.055,2.2,0.07,True,True
2026-07-25T21:47:16+00:00,mlb-laa-sf-2026-07-25,spread_implies_ml,mlb-laa-sf-2026-07-25-spread-away-2pt5,mlb-laa-sf-2026-07-25,0.01,0.007,0.003,0.0013,25.0,0.003,True,True
2026-07-25T21:47:16+00:00,mlb-stl-cin-2026-05-24,over_ladder,mlb-stl-cin-2026-05-24-total-12pt5,mlb-stl-cin-2026-05-24-total-11pt5,0.28,0.21,0.07,0.055,2.2,0.07,True,True
2026-07-25T21:47:41+00:00,mlb-laa-sf-2026-07-25,spread_implies_ml,mlb-laa-sf-2026-07-25-spread-away-2pt5,mlb-laa-sf-2026-07-25,0.01,0.007,0.003,0.0013,25.0,0.003,True,True
2026-07-25T21:47:41+00:00,mlb-stl-cin-2026-05-24,over_ladder,mlb-stl-cin-2026-05-24-total-12pt5,mlb-stl-cin-2026-05-24-total-11pt5,0.28,0.21,0.07,0.055,2.2,0.07,True,True
2026-07-25T21:48:07+00:00,mlb-laa-sf-2026-07-25,spread_implies_ml,mlb-laa-sf-2026-07-25-spread-away-2pt5,mlb-laa-sf-2026-07-25,0.01,0.007,0.003,0.0013,25.0,0.003,True,True
2026-07-25T21:48:07+00:00,mlb-stl-cin-2026-05-24,over_ladder,mlb-stl-cin-2026-05-24-total-12pt5,mlb-stl-cin-2026-05-24-total-11pt5,0.28,0.21,0.07,0.055,2.2,0.07,True,True
2026-07-25T21:48:33+00:00,mlb-laa-sf-2026-07-25,spread_implies_ml,mlb-laa-sf-2026-07-25-spread-away-2pt5,mlb-laa-sf-2026-07-25,0.01,0.007,0.003,0.0013,25.0,0.003,True,True
2026-07-25T21:48:33+00:00,mlb-stl-cin-2026-05-24,over_ladder,mlb-stl-cin-2026-05-24-total-12pt5,mlb-stl-cin-2026-05-24-total-11pt5,0.28,0.21,0.07,0.055,2.2,0.07,True,True
2026-07-25T21:48:58+00:00,mlb-laa-sf-2026-07-25,spread_implies_ml,mlb-laa-sf-2026-07-25-spread-away-2pt5,mlb-laa-sf-2026-07-25,0.01,0.007,0.003,0.0013,25.0,0.003,True,True
2026-07-25T21:48:58+00:00,mlb-stl-cin-2026-05-24,over_ladder,mlb-stl-cin-2026-05-24-total-12pt5,mlb-stl-cin-2026-05-24-total-11pt5,0.28,0.21,0.07,0.055,2.2,0.07,True,True
2026-07-25T21:49:24+00:00,mlb-laa-sf-2026-07-25,spread_implies_ml,mlb-laa-sf-2026-07-25-spread-away-2pt5,mlb-laa-sf-2026-07-25,0.01,0.007,0.003,0.0013,25.0,0.003,True,True
2026-07-25T21:49:24+00:00,mlb-stl-cin-2026-05-24,over_ladder,mlb-stl-cin-2026-05-24-total-12pt5,mlb-stl-cin-2026-05-24-total-11pt5,0.28,0.21,0.07,0.055,2.2,0.07,True,True
2026-07-25T21:49:49+00:00,mlb-laa-sf-2026-07-25,spread_implies_ml,mlb-laa-sf-2026-07-25-spread-away-2pt5,mlb-laa-sf-2026-07-25,0.01,0.007,0.003,0.0013,25.0,0.004,True,True
2026-07-25T21:49:49+00:00,mlb-stl-cin-2026-05-24,over_ladder,mlb-stl-cin-2026-05-24-total-12pt5,mlb-stl-cin-2026-05-24-total-11pt5,0.28,0.21,0.07,0.055,2.2,0.07,True,True
2026-07-25T21:50:15+00:00,mlb-laa-sf-2026-07-25,spread_implies_ml,mlb-laa-sf-2026-07-25-spread-away-2pt5,mlb-laa-sf-2026-07-25,0.01,0.006,0.004,0.0024,25.0,0.004,True,True
2026-07-25T21:50:15+00:00,mlb-stl-cin-2026-05-24,over_ladder,mlb-stl-cin-2026-05-24-total-12pt5,mlb-stl-cin-2026-05-24-total-11pt5,0.28,0.21,0.07,0.055,2.2,0.07,True,True
2026-07-25T21:50:41+00:00,mlb-laa-sf-2026-07-25,spread_implies_ml,mlb-laa-sf-2026-07-25-spread-away-2pt5,mlb-laa-sf-2026-07-25,0.01,0.006,0.004,0.0024,25.0,0.004,True,True
2026-07-25T21:50:41+00:00,mlb-stl-cin-2026-05-24,over_ladder,mlb-stl-cin-2026-05-24-total-12pt5,mlb-stl-cin-2026-05-24-total-11pt5,0.28,0.21,0.07,0.055,2.2,0.07,True,True
2026-07-25T21:51:07+00:00,mlb-laa-sf-2026-07-25,spread_implies_ml,mlb-laa-sf-2026-07-25-spread-away-2pt5,mlb-laa-sf-2026-07-25,0.01,0.006,0.004,0.0024,25.0,0.004,True,True
2026-07-25T21:51:07+00:00,mlb-stl-cin-2026-05-24,over_ladder,mlb-stl-cin-2026-05-24-total-12pt5,mlb-stl-cin-2026-05-24-total-11pt5,0.28,0.21,0.07,0.055,2.2,0.07,True,True
2026-07-25T21:51:33+00:00,mlb-laa-sf-2026-07-25,spread_implies_ml,mlb-laa-sf-2026-07-25-spread-away-2pt5,mlb-laa-sf-2026-07-25,0.01,0.006,0.004,0.0024,25.0,0.004,True,True
2026-07-25T21:51:33+00:00,mlb-stl-cin-2026-05-24,over_ladder,mlb-stl-cin-2026-05-24-total-12pt5,mlb-stl-cin-2026-05-24-total-11pt5,0.28,0.21,0.07,0.055,2.2,0.07,True,True
2026-07-25T21:51:58+00:00,mlb-laa-sf-2026-07-25,spread_implies_ml,mlb-laa-sf-2026-07-25-spread-away-2pt5,mlb-laa-sf-2026-07-25,0.01,0.006,0.004,0.0024,25.0,0.004,True,True
2026-07-25T21:51:58+00:00,mlb-stl-cin-2026-05-24,over_ladder,mlb-stl-cin-2026-05-24-total-12pt5,mlb-stl-cin-2026-05-24-total-11pt5,0.28,0.21,0.07,0.055,2.2,0.07,True,True
2026-07-25T21:52:24+00:00,mlb-laa-sf-2026-07-25,spread_implies_ml,mlb-laa-sf-2026-07-25-spread-away-2pt5,mlb-laa-sf-2026-07-25,0.01,0.006,0.004,0.0024,25.0,0.004,True,True
2026-07-25T21:52:24+00:00,mlb-stl-cin-2026-05-24,over_ladder,mlb-stl-cin-2026-05-24-total-12pt5,mlb-stl-cin-2026-05-24-total-11pt5,0.28,0.21,0.07,0.055,2.2,0.07,True,True
2026-07-25T21:52:50+00:00,mlb-laa-sf-2026-07-25,spread_implies_ml,mlb-laa-sf-2026-07-25-spread-away-2pt5,mlb-laa-sf-2026-07-25,0.01,0.006,0.004,0.0024,25.0,0.004,True,True
2026-07-25T21:52:50+00:00,mlb-stl-cin-2026-05-24,over_ladder,mlb-stl-cin-2026-05-24-total-12pt5,mlb-stl-cin-2026-05-24-total-11pt5,0.28,0.21,0.07,0.055,2.2,0.07,True,True
2026-07-25T21:53:15+00:00,mlb-laa-sf-2026-07-25,spread_implies_ml,mlb-laa-sf-2026-07-25-spread-away-2pt5,mlb-laa-sf-2026-07-25,0.01,0.006,0.004,0.0024,25.0,0.004,True,True
2026-07-25T21:53:15+00:00,mlb-stl-cin-2026-05-24,over_ladder,mlb-stl-cin-2026-05-24-total-12pt5,mlb-stl-cin-2026-05-24-total-11pt5,0.28,0.21,0.07,0.055,2.2,0.07,True,True
2026-07-25T21:53:41+00:00,mlb-laa-sf-2026-07-25,spread_implies_ml,mlb-laa-sf-2026-07-25-spread-away-2pt5,mlb-laa-sf-2026-07-25,0.01,0.006,0.004,0.0024,25.0,0.004,True,True
2026-07-25T21:53:41+00:00,mlb-stl-cin-2026-05-24,over_ladder,mlb-stl-cin-2026-05-24-total-12pt5,mlb-stl-cin-2026-05-24-total-11pt5,0.28,0.21,0.07,0.055,2.2,0.07,True,True
2026-07-25T21:54:06+00:00,mlb-laa-sf-2026-07-25,spread_implies_ml,mlb-laa-sf-2026-07-25-spread-away-2pt5,mlb-laa-sf-2026-07-25,0.01,0.006,0.004,0.0024,25.0,0.004,True,True
2026-07-25T21:54:06+00:00,mlb-stl-cin-2026-05-24,over_ladder,mlb-stl-cin-2026-05-24-total-12pt5,mlb-stl-cin-2026-05-24-total-11pt5,0.28,0.21,0.07,0.055,2.2,0.07,True,True
2026-07-25T21:54:32+00:00,mlb-laa-sf-2026-07-25,spread_implies_ml,mlb-laa-sf-2026-07-25-spread-away-2pt5,mlb-laa-sf-2026-07-25,0.01,0.006,0.004,0.0024,25.0,0.004,True,True
2026-07-25T21:54:32+00:00,mlb-stl-cin-2026-05-24,over_ladder,mlb-stl-cin-2026-05-24-total-12pt5,mlb-stl-cin-2026-05-24-total-11pt5,0.28,0.21,0.07,0.055,2.2,0.07,True,True
2026-07-25T21:54:58+00:00,mlb-laa-sf-2026-07-25,spread_implies_ml,mlb-laa-sf-2026-07-25-spread-away-2pt5,mlb-laa-sf-2026-07-25,0.01,0.006,0.004,0.0024,25.0,0.004,True,True
2026-07-25T21:54:58+00:00,mlb-stl-cin-2026-05-24,over_ladder,mlb-stl-cin-2026-05-24-total-12pt5,mlb-stl-cin-2026-05-24-total-11pt5,0.28,0.21,0.07,0.055,2.2,0.07,True,True
2026-07-25T21:55:23+00:00,mlb-laa-sf-2026-07-25,spread_implies_ml,mlb-laa-sf-2026-07-25-spread-away-2pt5,mlb-laa-sf-2026-07-25,0.01,0.006,0.004,0.0024,25.0,0.004,True,True
2026-07-25T21:55:23+00:00,mlb-stl-cin-2026-05-24,over_ladder,mlb-stl-cin-2026-05-24-total-12pt5,mlb-stl-cin-2026-05-24-total-11pt5,0.28,0.21,0.07,0.055,2.2,0.07,True,True
2026-07-25T21:55:49+00:00,mlb-laa-sf-2026-07-25,spread_implies_ml,mlb-laa-sf-2026-07-25-spread-away-2pt5,mlb-laa-sf-2026-07-25,0.01,0.007,0.003,0.0013,25.0,0.003,True,True
2026-07-25T21:55:49+00:00,mlb-stl-cin-2026-05-24,over_ladder,mlb-stl-cin-2026-05-24-total-12pt5,mlb-stl-cin-2026-05-24-total-11pt5,0.28,0.21,0.07,0.055,2.2,0.07,True,True
2026-07-25T21:56:15+00:00,mlb-laa-sf-2026-07-25,spread_implies_ml,mlb-laa-sf-2026-07-25-spread-away-2pt5,mlb-laa-sf-2026-07-25,0.01,0.007,0.003,0.0013,25.0,0.003,True,True
2026-07-25T21:56:15+00:00,mlb-stl-cin-2026-05-24,over_ladder,mlb-stl-cin-2026-05-24-total-12pt5,mlb-stl-cin-2026-05-24-total-11pt5,0.28,0.21,0.07,0.055,2.2,0.07,True,True
2026-07-25T21:56:40+00:00,mlb-laa-sf-2026-07-25,spread_implies_ml,mlb-laa-sf-2026-07-25-spread-away-2pt5,mlb-laa-sf-2026-07-25,0.01,0.007,0.003,0.0013,25.0,0.003,True,True
2026-07-25T21:56:40+00:00,mlb-stl-cin-2026-05-24,over_ladder,mlb-stl-cin-2026-05-24-total-12pt5,mlb-stl-cin-2026-05-24-total-11pt5,0.28,0.21,0.07,0.055,2.2,0.07,True,True
2026-07-25T21:57:06+00:00,mlb-laa-sf-2026-07-25,spread_implies_ml,mlb-laa-sf-2026-07-25-spread-away-2pt5,mlb-laa-sf-2026-07-25,0.01,0.008,0.002,0.0002,25.0,0.002,True,True
2026-07-25T21:57:06+00:00,mlb-stl-cin-2026-05-24,over_ladder,mlb-stl-cin-2026-05-24-total-12pt5,mlb-stl-cin-2026-05-24-total-11pt5,0.28,0.21,0.07,0.055,2.2,0.07,True,True
2026-07-25T21:57:32+00:00,mlb-stl-cin-2026-05-24,over_ladder,mlb-stl-cin-2026-05-24-total-12pt5,mlb-stl-cin-2026-05-24-total-11pt5,0.28,0.21,0.07,0.055,2.2,0.07,True,True
2026-07-25T21:57:57+00:00,mlb-stl-cin-2026-05-24,over_ladder,mlb-stl-cin-2026-05-24-total-12pt5,mlb-stl-cin-2026-05-24-total-11pt5,0.28,0.21,0.07,0.055,2.2,0.07,True,True
2026-07-25T21:58:23+00:00,mlb-stl-cin-2026-05-24,over_ladder,mlb-stl-cin-2026-05-24-total-12pt5,mlb-stl-cin-2026-05-24-total-11pt5,0.28,0.21,0.07,0.055,2.2,0.07,True,True
2026-07-25T21:58:48+00:00,mlb-stl-cin-2026-05-24,over_ladder,mlb-stl-cin-2026-05-24-total-12pt5,mlb-stl-cin-2026-05-24-total-11pt5,0.28,0.21,0.07,0.055,2.2,0.07,True,True
2026-07-25T21:59:14+00:00,mlb-stl-cin-2026-05-24,over_ladder,mlb-stl-cin-2026-05-24-total-12pt5,mlb-stl-cin-2026-05-24-total-11pt5,0.28,0.21,0.07,0.055,2.2,0.07,True,True
2026-07-25T21:59:39+00:00,mlb-stl-cin-2026-05-24,over_ladder,mlb-stl-cin-2026-05-24-total-12pt5,mlb-stl-cin-2026-05-24-total-11pt5,0.28,0.21,0.07,0.055,2.2,0.07,True,True
2026-07-25T22:00:05+00:00,mlb-stl-cin-2026-05-24,over_ladder,mlb-stl-cin-2026-05-24-total-12pt5,mlb-stl-cin-2026-05-24-total-11pt5,0.28,0.21,0.07,0.055,2.2,0.07,True,True
2026-07-25T22:00:30+00:00,mlb-stl-cin-2026-05-24,over_ladder,mlb-stl-cin-2026-05-24-total-12pt5,mlb-stl-cin-2026-05-24-total-11pt5,0.28,0.21,0.07,0.055,2.2,0.07,True,True
2026-07-25T22:00:57+00:00,mlb-stl-cin-2026-05-24,over_ladder,mlb-stl-cin-2026-05-24-total-12pt5,mlb-stl-cin-2026-05-24-total-11pt5,0.28,0.21,0.07,0.055,2.2,0.07,True,True
2026-07-25T22:01:22+00:00,mlb-stl-cin-2026-05-24,over_ladder,mlb-stl-cin-2026-05-24-total-12pt5,mlb-stl-cin-2026-05-24-total-11pt5,0.28,0.21,0.07,0.055,2.2,0.07,True,True
2026-07-25T22:01:48+00:00,mlb-laa-sf-2026-07-25,spread_implies_ml,mlb-laa-sf-2026-07-25-spread-away-2pt5,mlb-laa-sf-2026-07-25,0.02,0.01,0.01,0.007,200.0,0.01,True,True
2026-07-25T22:01:48+00:00,mlb-stl-cin-2026-05-24,over_ladder,mlb-stl-cin-2026-05-24-total-12pt5,mlb-stl-cin-2026-05-24-total-11pt5,0.28,0.21,0.07,0.055,2.2,0.07,True,True
2026-07-25T22:02:14+00:00,mlb-stl-cin-2026-05-24,over_ladder,mlb-stl-cin-2026-05-24-total-12pt5,mlb-stl-cin-2026-05-24-total-11pt5,0.28,0.21,0.07,0.055,2.2,0.07,True,True
2026-07-25T22:02:40+00:00,mlb-stl-cin-2026-05-24,over_ladder,mlb-stl-cin-2026-05-24-total-12pt5,mlb-stl-cin-2026-05-24-total-11pt5,0.28,0.21,0.07,0.055,2.2,0.07,True,True
2026-07-25T22:03:05+00:00,mlb-stl-cin-2026-05-24,over_ladder,mlb-stl-cin-2026-05-24-total-12pt5,mlb-stl-cin-2026-05-24-total-11pt5,0.28,0.21,0.07,0.055,2.2,0.07,True,True
2026-07-25T22:03:31+00:00,mlb-stl-cin-2026-05-24,over_ladder,mlb-stl-cin-2026-05-24-total-12pt5,mlb-stl-cin-2026-05-24-total-11pt5,0.28,0.21,0.07,0.055,2.2,0.07,True,True
2026-07-25T22:03:56+00:00,mlb-stl-cin-2026-05-24,over_ladder,mlb-stl-cin-2026-05-24-total-12pt5,mlb-stl-cin-2026-05-24-total-11pt5,0.28,0.21,0.07,0.055,2.2,0.07,True,True
2026-07-25T22:04:22+00:00,mlb-stl-cin-2026-05-24,over_ladder,mlb-stl-cin-2026-05-24-total-12pt5,mlb-stl-cin-2026-05-24-total-11pt5,0.28,0.21,0.07,0.055,2.2,0.07,True,True
2026-07-25T22:04:47+00:00,mlb-stl-cin-2026-05-24,over_ladder,mlb-stl-cin-2026-05-24-total-12pt5,mlb-stl-cin-2026-05-24-total-11pt5,0.28,0.21,0.07,0.055,2.2,0.07,True,True
2026-07-25T22:05:13+00:00,mlb-stl-cin-2026-05-24,over_ladder,mlb-stl-cin-2026-05-24-total-12pt5,mlb-stl-cin-2026-05-24-total-11pt5,0.28,0.21,0.07,0.055,2.2,0.07,True,True
2026-07-25T22:05:38+00:00,mlb-stl-cin-2026-05-24,over_ladder,mlb-stl-cin-2026-05-24-total-12pt5,mlb-stl-cin-2026-05-24-total-11pt5,0.28,0.21,0.07,0.055,2.2,0.07,True,True
2026-07-25T22:06:04+00:00,mlb-stl-cin-2026-05-24,over_ladder,mlb-stl-cin-2026-05-24-total-12pt5,mlb-stl-cin-2026-05-24-total-11pt5,0.28,0.21,0.07,0.055,2.2,0.07,True,True
2026-07-25T22:06:30+00:00,mlb-stl-cin-2026-05-24,over_ladder,mlb-stl-cin-2026-05-24-total-12pt5,mlb-stl-cin-2026-05-24-total-11pt5,0.28,0.21,0.07,0.055,2.2,0.07,True,True
2026-07-25T22:06:55+00:00,mlb-stl-cin-2026-05-24,over_ladder,mlb-stl-cin-2026-05-24-total-12pt5,mlb-stl-cin-2026-05-24-total-11pt5,0.28,0.21,0.07,0.055,2.2,0.07,True,True
2026-07-25T22:07:21+00:00,mlb-stl-cin-2026-05-24,over_ladder,mlb-stl-cin-2026-05-24-total-12pt5,mlb-stl-cin-2026-05-24-total-11pt5,0.28,0.21,0.07,0.055,2.2,0.07,True,True
2026-07-25T22:07:46+00:00,mlb-stl-cin-2026-05-24,over_ladder,mlb-stl-cin-2026-05-24-total-12pt5,mlb-stl-cin-2026-05-24-total-11pt5,0.28,0.21,0.07,0.055,2.2,0.07,True,True
2026-07-25T22:08:12+00:00,mlb-stl-cin-2026-05-24,over_ladder,mlb-stl-cin-2026-05-24-total-12pt5,mlb-stl-cin-2026-05-24-total-11pt5,0.28,0.21,0.07,0.055,2.2,0.07,True,True
2026-07-25T22:08:37+00:00,mlb-laa-sf-2026-07-25,spread_implies_ml,mlb-laa-sf-2026-07-25-spread-away-2pt5,mlb-laa-sf-2026-07-25,0.01,0.008,0.002,0.0002,408.0,0.002,True,True
2026-07-25T22:08:37+00:00,mlb-stl-cin-2026-05-24,over_ladder,mlb-stl-cin-2026-05-24-total-12pt5,mlb-stl-cin-2026-05-24-total-11pt5,0.28,0.21,0.07,0.055,2.2,0.07,True,True
2026-07-25T22:09:03+00:00,mlb-laa-sf-2026-07-25,spread_implies_ml,mlb-laa-sf-2026-07-25-spread-away-2pt5,mlb-laa-sf-2026-07-25,0.01,0.008,0.002,0.0002,30.0,0.002,True,True
2026-07-25T22:09:03+00:00,mlb-stl-cin-2026-05-24,over_ladder,mlb-stl-cin-2026-05-24-total-12pt5,mlb-stl-cin-2026-05-24-total-11pt5,0.28,0.21,0.07,0.055,2.2,0.07,True,True
2026-07-25T22:09:29+00:00,mlb-laa-sf-2026-07-25,spread_implies_ml,mlb-laa-sf-2026-07-25-spread-away-2pt5,mlb-laa-sf-2026-07-25,0.01,0.008,0.002,0.0002,25.0,0.007,True,True
2026-07-25T22:09:29+00:00,mlb-stl-cin-2026-05-24,over_ladder,mlb-stl-cin-2026-05-24-total-12pt5,mlb-stl-cin-2026-05-24-total-11pt5,0.28,0.21,0.07,0.055,2.2,0.07,True,True
2026-07-25T22:09:54+00:00,mlb-laa-sf-2026-07-25,spread_implies_ml,mlb-laa-sf-2026-07-25-spread-away-2pt5,mlb-laa-sf-2026-07-25,0.01,0.003,0.007,0.0057,25.0,0.007,True,True
2026-07-25T22:09:54+00:00,mlb-stl-cin-2026-05-24,over_ladder,mlb-stl-cin-2026-05-24-total-12pt5,mlb-stl-cin-2026-05-24-total-11pt5,0.28,0.21,0.07,0.055,2.2,0.07,True,True
2026-07-25T22:10:20+00:00,mlb-laa-sf-2026-07-25,spread_implies_ml,mlb-laa-sf-2026-07-25-spread-away-2pt5,mlb-laa-sf-2026-07-25,0.01,0.003,0.007,0.0057,25.0,0.007,True,True
2026-07-25T22:10:20+00:00,mlb-stl-cin-2026-05-24,over_ladder,mlb-stl-cin-2026-05-24-total-12pt5,mlb-stl-cin-2026-05-24-total-11pt5,0.28,0.21,0.07,0.055,2.2,0.07,True,True
2026-07-25T22:10:45+00:00,mlb-laa-sf-2026-07-25,spread_implies_ml,mlb-laa-sf-2026-07-25-spread-away-2pt5,mlb-laa-sf-2026-07-25,0.01,0.003,0.007,0.0057,25.0,0.007,True,True
2026-07-25T22:10:45+00:00,mlb-stl-cin-2026-05-24,over_ladder,mlb-stl-cin-2026-05-24-total-12pt5,mlb-stl-cin-2026-05-24-total-11pt5,0.28,0.21,0.07,0.055,2.2,0.07,True,True
2026-07-25T22:11:12+00:00,mlb-laa-sf-2026-07-25,spread_implies_ml,mlb-laa-sf-2026-07-25-spread-away-2pt5,mlb-laa-sf-2026-07-25,0.01,0.003,0.007,0.0057,25.0,0.007,True,True
2026-07-25T22:11:12+00:00,mlb-stl-cin-2026-05-24,over_ladder,mlb-stl-cin-2026-05-24-total-12pt5,mlb-stl-cin-2026-05-24-total-11pt5,0.28,0.21,0.07,0.055,2.2,0.07,True,True
2026-07-25T22:11:38+00:00,mlb-tor-bos-2026-07-25,spread_implies_ml,mlb-tor-bos-2026-07-25-spread-home-1pt5,mlb-tor-bos-2026-07-25,0.01,0.009,0.001,-0.0009,25.0,,,
2026-07-25T22:11:38+00:00,mlb-tor-bos-2026-07-25,spread_implies_ml,mlb-tor-bos-2026-07-25-spread-home-2pt5,mlb-tor-bos-2026-07-25,0.01,0.009,0.001,-0.0009,25.0,,,
2026-07-25T22:11:38+00:00,mlb-laa-sf-2026-07-25,spread_implies_ml,mlb-laa-sf-2026-07-25-spread-away-2pt5,mlb-laa-sf-2026-07-25,0.01,0.003,0.007,0.0057,25.0,0.007,True,True
2026-07-25T22:11:38+00:00,mlb-stl-cin-2026-05-24,over_ladder,mlb-stl-cin-2026-05-24-total-12pt5,mlb-stl-cin-2026-05-24-total-11pt5,0.28,0.21,0.07,0.055,2.2,0.07,True,True
2026-07-25T22:12:03+00:00,mlb-tor-bos-2026-07-25,spread_implies_ml,mlb-tor-bos-2026-07-25-spread-home-1pt5,mlb-tor-bos-2026-07-25,0.01,0.009,0.001,-0.0009,25.0,,,
2026-07-25T22:12:03+00:00,mlb-tor-bos-2026-07-25,spread_implies_ml,mlb-tor-bos-2026-07-25-spread-home-2pt5,mlb-tor-bos-2026-07-25,0.01,0.009,0.001,-0.0009,25.0,,,
2026-07-25T22:12:03+00:00,mlb-laa-sf-2026-07-25,spread_implies_ml,mlb-laa-sf-2026-07-25-spread-away-2pt5,mlb-laa-sf-2026-07-25,0.01,0.003,0.007,0.0057,25.0,0.007,True,True
2026-07-25T22:12:03+00:00,mlb-stl-cin-2026-05-24,over_ladder,mlb-stl-cin-2026-05-24-total-12pt5,mlb-stl-cin-2026-05-24-total-11pt5,0.28,0.21,0.07,0.055,2.2,0.07,True,True
2026-07-25T22:12:29+00:00,mlb-tor-bos-2026-07-25,spread_implies_ml,mlb-tor-bos-2026-07-25-spread-home-1pt5,mlb-tor-bos-2026-07-25,0.01,0.009,0.001,-0.0009,25.0,,,
2026-07-25T22:12:29+00:00,mlb-tor-bos-2026-07-25,spread_implies_ml,mlb-tor-bos-2026-07-25-spread-home-2pt5,mlb-tor-bos-2026-07-25,0.01,0.009,0.001,-0.0009,25.0,,,
2026-07-25T22:12:29+00:00,mlb-laa-sf-2026-07-25,spread_implies_ml,mlb-laa-sf-2026-07-25-spread-away-2pt5,mlb-laa-sf-2026-07-25,0.01,0.003,0.007,0.0057,25.0,0.007,True,True
2026-07-25T22:12:29+00:00,mlb-stl-cin-2026-05-24,over_ladder,mlb-stl-cin-2026-05-24-total-12pt5,mlb-stl-cin-2026-05-24-total-11pt5,0.28,0.21,0.07,0.055,2.2,0.07,True,True
2026-07-25T22:12:55+00:00,mlb-tor-bos-2026-07-25,spread_implies_ml,mlb-tor-bos-2026-07-25-spread-home-1pt5,mlb-tor-bos-2026-07-25,0.01,0.009,0.001,-0.0009,25.0,,,
2026-07-25T22:12:55+00:00,mlb-tor-bos-2026-07-25,spread_implies_ml,mlb-tor-bos-2026-07-25-spread-home-2pt5,mlb-tor-bos-2026-07-25,0.01,0.009,0.001,-0.0009,25.0,,,
2026-07-25T22:12:55+00:00,mlb-laa-sf-2026-07-25,spread_implies_ml,mlb-laa-sf-2026-07-25-spread-away-2pt5,mlb-laa-sf-2026-07-25,0.01,0.003,0.007,0.0057,25.0,0.007,True,True
2026-07-25T22:12:55+00:00,mlb-stl-cin-2026-05-24,over_ladder,mlb-stl-cin-2026-05-24-total-12pt5,mlb-stl-cin-2026-05-24-total-11pt5,0.28,0.21,0.07,0.055,2.2,0.07,True,True
2026-07-25T22:13:20+00:00,mlb-tor-bos-2026-07-25,spread_implies_ml,mlb-tor-bos-2026-07-25-spread-home-1pt5,mlb-tor-bos-2026-07-25,0.01,0.009,0.001,-0.0009,25.0,,,
2026-07-25T22:13:20+00:00,mlb-tor-bos-2026-07-25,spread_implies_ml,mlb-tor-bos-2026-07-25-spread-home-2pt5,mlb-tor-bos-2026-07-25,0.01,0.009,0.001,-0.0009,25.0,,,
2026-07-25T22:13:20+00:00,mlb-laa-sf-2026-07-25,spread_implies_ml,mlb-laa-sf-2026-07-25-spread-away-2pt5,mlb-laa-sf-2026-07-25,0.01,0.003,0.007,0.0057,25.0,0.007,True,True
2026-07-25T22:13:20+00:00,mlb-stl-cin-2026-05-24,over_ladder,mlb-stl-cin-2026-05-24-total-12pt5,mlb-stl-cin-2026-05-24-total-11pt5,0.28,0.21,0.07,0.055,2.2,0.07,True,True
2026-07-25T22:13:46+00:00,mlb-tor-bos-2026-07-25,spread_implies_ml,mlb-tor-bos-2026-07-25-spread-home-1pt5,mlb-tor-bos-2026-07-25,0.01,0.009,0.001,-0.0009,25.0,,,
2026-07-25T22:13:46+00:00,mlb-tor-bos-2026-07-25,spread_implies_ml,mlb-tor-bos-2026-07-25-spread-home-2pt5,mlb-tor-bos-2026-07-25,0.01,0.009,0.001,-0.0009,25.0,,,
2026-07-25T22:13:46+00:00,mlb-laa-sf-2026-07-25,spread_implies_ml,mlb-laa-sf-2026-07-25-spread-away-2pt5,mlb-laa-sf-2026-07-25,0.01,0.003,0.007,0.0057,25.0,0.007,True,True
2026-07-25T22:13:46+00:00,mlb-stl-cin-2026-05-24,over_ladder,mlb-stl-cin-2026-05-24-total-12pt5,mlb-stl-cin-2026-05-24-total-11pt5,0.28,0.21,0.07,0.055,2.2,0.07,True,True
2026-07-25T22:14:11+00:00,mlb-tor-bos-2026-07-25,spread_implies_ml,mlb-tor-bos-2026-07-25-spread-home-1pt5,mlb-tor-bos-2026-07-25,0.01,0.009,0.001,-0.0009,25.0,,,
2026-07-25T22:14:11+00:00,mlb-tor-bos-2026-07-25,spread_implies_ml,mlb-tor-bos-2026-07-25-spread-home-2pt5,mlb-tor-bos-2026-07-25,0.01,0.009,0.001,-0.0009,25.0,,,
2026-07-25T22:14:11+00:00,mlb-laa-sf-2026-07-25,spread_implies_ml,mlb-laa-sf-2026-07-25-spread-away-2pt5,mlb-laa-sf-2026-07-25,0.01,0.003,0.007,0.0057,25.0,0.007,True,True
2026-07-25T22:14:11+00:00,mlb-stl-cin-2026-05-24,over_ladder,mlb-stl-cin-2026-05-24-total-12pt5,mlb-stl-cin-2026-05-24-total-11pt5,0.28,0.21,0.07,0.055,2.2,0.07,True,True
2026-07-25T22:14:37+00:00,mlb-tor-bos-2026-07-25,spread_implies_ml,mlb-tor-bos-2026-07-25-spread-home-1pt5,mlb-tor-bos-2026-07-25,0.01,0.009,0.001,-0.0009,25.0,,,
2026-07-25T22:14:37+00:00,mlb-tor-bos-2026-07-25,spread_implies_ml,mlb-tor-bos-2026-07-25-spread-home-2pt5,mlb-tor-bos-2026-07-25,0.01,0.009,0.001,-0.0009,25.0,,,
2026-07-25T22:14:37+00:00,mlb-laa-sf-2026-07-25,spread_implies_ml,mlb-laa-sf-2026-07-25-spread-away-2pt5,mlb-laa-sf-2026-07-25,0.01,0.003,0.007,0.0057,25.0,0.007,True,True
2026-07-25T22:14:37+00:00,mlb-stl-cin-2026-05-24,over_ladder,mlb-stl-cin-2026-05-24-total-12pt5,mlb-stl-cin-2026-05-24-total-11pt5,0.28,0.21,0.07,0.055,2.2,0.07,True,True
2026-07-25T22:15:02+00:00,mlb-tor-bos-2026-07-25,spread_implies_ml,mlb-tor-bos-2026-07-25-spread-home-1pt5,mlb-tor-bos-2026-07-25,0.01,0.009,0.001,-0.0009,25.0,,,
2026-07-25T22:15:02+00:00,mlb-tor-bos-2026-07-25,spread_implies_ml,mlb-tor-bos-2026-07-25-spread-home-2pt5,mlb-tor-bos-2026-07-25,0.01,0.009,0.001,-0.0009,25.0,,,
2026-07-25T22:15:02+00:00,mlb-laa-sf-2026-07-25,spread_implies_ml,mlb-laa-sf-2026-07-25-spread-away-2pt5,mlb-laa-sf-2026-07-25,0.01,0.003,0.007,0.0057,25.0,0.007,True,True
2026-07-25T22:15:02+00:00,mlb-stl-cin-2026-05-24,over_ladder,mlb-stl-cin-2026-05-24-total-12pt5,mlb-stl-cin-2026-05-24-total-11pt5,0.28,0.21,0.07,0.055,2.2,0.07,True,True
2026-07-25T22:15:28+00:00,mlb-tor-bos-2026-07-25,spread_implies_ml,mlb-tor-bos-2026-07-25-spread-home-1pt5,mlb-tor-bos-2026-07-25,0.01,0.009,0.001,-0.0009,25.0,,,
2026-07-25T22:15:28+00:00,mlb-tor-bos-2026-07-25,spread_implies_ml,mlb-tor-bos-2026-07-25-spread-home-2pt5,mlb-tor-bos-2026-07-25,0.01,0.009,0.001,-0.0009,25.0,,,
2026-07-25T22:15:28+00:00,mlb-laa-sf-2026-07-25,spread_implies_ml,mlb-laa-sf-2026-07-25-spread-away-2pt5,mlb-laa-sf-2026-07-25,0.01,0.003,0.007,0.0057,25.0,0.007,True,True
2026-07-25T22:15:28+00:00,mlb-stl-cin-2026-05-24,over_ladder,mlb-stl-cin-2026-05-24-total-12pt5,mlb-stl-cin-2026-05-24-total-11pt5,0.28,0.21,0.07,0.055,2.2,0.07,True,True
2026-07-25T22:15:54+00:00,mlb-tor-bos-2026-07-25,spread_implies_ml,mlb-tor-bos-2026-07-25-spread-home-1pt5,mlb-tor-bos-2026-07-25,0.01,0.008,0.002,0.0002,25.0,0.001,True,True
2026-07-25T22:15:54+00:00,mlb-tor-bos-2026-07-25,spread_implies_ml,mlb-tor-bos-2026-07-25-spread-home-2pt5,mlb-tor-bos-2026-07-25,0.01,0.008,0.002,0.0002,25.0,0.001,True,True
2026-07-25T22:15:54+00:00,mlb-laa-sf-2026-07-25,spread_implies_ml,mlb-laa-sf-2026-07-25-spread-away-2pt5,mlb-laa-sf-2026-07-25,0.01,0.003,0.007,0.0057,25.0,0.007,True,True
2026-07-25T22:15:54+00:00,mlb-stl-cin-2026-05-24,over_ladder,mlb-stl-cin-2026-05-24-total-12pt5,mlb-stl-cin-2026-05-24-total-11pt5,0.28,0.21,0.07,0.055,2.2,0.07,True,True
2026-07-25T22:16:19+00:00,mlb-tor-bos-2026-07-25,spread_implies_ml,mlb-tor-bos-2026-07-25-spread-home-1pt5,mlb-tor-bos-2026-07-25,0.01,0.009,0.001,-0.0009,25.0,,,
2026-07-25T22:16:19+00:00,mlb-tor-bos-2026-07-25,spread_implies_ml,mlb-tor-bos-2026-07-25-spread-home-2pt5,mlb-tor-bos-2026-07-25,0.01,0.009,0.001,-0.0009,25.0,,,
2026-07-25T22:16:19+00:00,mlb-laa-sf-2026-07-25,spread_implies_ml,mlb-laa-sf-2026-07-25-spread-away-2pt5,mlb-laa-sf-2026-07-25,0.01,0.003,0.007,0.0057,25.0,0.007,True,True
2026-07-25T22:16:19+00:00,mlb-stl-cin-2026-05-24,over_ladder,mlb-stl-cin-2026-05-24-total-12pt5,mlb-stl-cin-2026-05-24-total-11pt5,0.28,0.21,0.07,0.055,2.2,0.07,True,True
2026-07-25T22:16:45+00:00,mlb-tor-bos-2026-07-25,spread_implies_ml,mlb-tor-bos-2026-07-25-spread-home-1pt5,mlb-tor-bos-2026-07-25,0.01,0.009,0.001,-0.0009,25.0,,,
2026-07-25T22:16:45+00:00,mlb-tor-bos-2026-07-25,spread_implies_ml,mlb-tor-bos-2026-07-25-spread-home-2pt5,mlb-tor-bos-2026-07-25,0.01,0.009,0.001,-0.0009,25.0,,,
2026-07-25T22:16:45+00:00,mlb-laa-sf-2026-07-25,spread_implies_ml,mlb-laa-sf-2026-07-25-spread-away-2pt5,mlb-laa-sf-2026-07-25,0.01,0.003,0.007,0.0057,25.0,0.007,True,True
2026-07-25T22:16:45+00:00,mlb-stl-cin-2026-05-24,over_ladder,mlb-stl-cin-2026-05-24-total-12pt5,mlb-stl-cin-2026-05-24-total-11pt5,0.28,0.21,0.07,0.055,2.2,0.07,True,True
2026-07-25T22:17:11+00:00,mlb-tor-bos-2026-07-25,spread_implies_ml,mlb-tor-bos-2026-07-25-spread-home-1pt5,mlb-tor-bos-2026-07-25,0.01,0.009,0.001,-0.0009,25.0,,,
2026-07-25T22:17:11+00:00,mlb-tor-bos-2026-07-25,spread_implies_ml,mlb-tor-bos-2026-07-25-spread-home-2pt5,mlb-tor-bos-2026-07-25,0.01,0.009,0.001,-0.0009,25.0,,,
2026-07-25T22:17:11+00:00,mlb-laa-sf-2026-07-25,spread_implies_ml,mlb-laa-sf-2026-07-25-spread-away-2pt5,mlb-laa-sf-2026-07-25,0.01,0.003,0.007,0.0057,25.0,0.007,True,True
2026-07-25T22:17:11+00:00,mlb-stl-cin-2026-05-24,over_ladder,mlb-stl-cin-2026-05-24-total-12pt5,mlb-stl-cin-2026-05-24-total-11pt5,0.28,0.21,0.07,0.055,2.2,0.07,True,True
2026-07-25T22:17:36+00:00,mlb-tor-bos-2026-07-25,spread_implies_ml,mlb-tor-bos-2026-07-25-spread-home-1pt5,mlb-tor-bos-2026-07-25,0.01,0.009,0.001,-0.0009,25.0,,,
2026-07-25T22:17:36+00:00,mlb-tor-bos-2026-07-25,spread_implies_ml,mlb-tor-bos-2026-07-25-spread-home-2pt5,mlb-tor-bos-2026-07-25,0.01,0.009,0.001,-0.0009,25.0,,,
2026-07-25T22:17:36+00:00,mlb-laa-sf-2026-07-25,spread_implies_ml,mlb-laa-sf-2026-07-25-spread-away-2pt5,mlb-laa-sf-2026-07-25,0.01,0.003,0.007,0.0057,25.0,0.007,True,True
2026-07-25T22:17:36+00:00,mlb-stl-cin-2026-05-24,over_ladder,mlb-stl-cin-2026-05-24-total-12pt5,mlb-stl-cin-2026-05-24-total-11pt5,0.28,0.21,0.07,0.055,2.2,0.07,True,True
2026-07-25T22:18:02+00:00,mlb-tor-bos-2026-07-25,spread_implies_ml,mlb-tor-bos-2026-07-25-spread-home-1pt5,mlb-tor-bos-2026-07-25,0.01,0.008,0.002,0.0002,25.0,0.002,True,True
2026-07-25T22:18:02+00:00,mlb-tor-bos-2026-07-25,spread_implies_ml,mlb-tor-bos-2026-07-25-spread-home-2pt5,mlb-tor-bos-2026-07-25,0.01,0.008,0.002,0.0002,25.0,0.002,True,True
2026-07-25T22:18:02+00:00,mlb-laa-sf-2026-07-25,spread_implies_ml,mlb-laa-sf-2026-07-25-spread-away-2pt5,mlb-laa-sf-2026-07-25,0.01,0.003,0.007,0.0057,25.0,0.007,True,True
2026-07-25T22:18:02+00:00,mlb-stl-cin-2026-05-24,over_ladder,mlb-stl-cin-2026-05-24-total-12pt5,mlb-stl-cin-2026-05-24-total-11pt5,0.28,0.21,0.07,0.055,2.2,0.07,True,True
2026-07-25T22:18:28+00:00,mlb-tor-bos-2026-07-25,spread_implies_ml,mlb-tor-bos-2026-07-25-spread-home-1pt5,mlb-tor-bos-2026-07-25,0.01,0.008,0.002,0.0002,25.0,0.002,True,True
2026-07-25T22:18:28+00:00,mlb-tor-bos-2026-07-25,spread_implies_ml,mlb-tor-bos-2026-07-25-spread-home-2pt5,mlb-tor-bos-2026-07-25,0.01,0.008,0.002,0.0002,25.0,0.002,True,True
2026-07-25T22:18:28+00:00,mlb-laa-sf-2026-07-25,spread_implies_ml,mlb-laa-sf-2026-07-25-spread-away-2pt5,mlb-laa-sf-2026-07-25,0.01,0.003,0.007,0.0057,25.0,0.007,True,True
2026-07-25T22:18:28+00:00,mlb-stl-cin-2026-05-24,over_ladder,mlb-stl-cin-2026-05-24-total-12pt5,mlb-stl-cin-2026-05-24-total-11pt5,0.28,0.21,0.07,0.055,2.2,0.07,True,True
2026-07-25T22:18:53+00:00,mlb-tor-bos-2026-07-25,spread_implies_ml,mlb-tor-bos-2026-07-25-spread-home-1pt5,mlb-tor-bos-2026-07-25,0.01,0.008,0.002,0.0002,25.0,0.002,True,True
2026-07-25T22:18:53+00:00,mlb-tor-bos-2026-07-25,spread_implies_ml,mlb-tor-bos-2026-07-25-spread-home-2pt5,mlb-tor-bos-2026-07-25,0.01,0.008,0.002,0.0002,25.0,0.002,True,True
2026-07-25T22:18:53+00:00,mlb-laa-sf-2026-07-25,spread_implies_ml,mlb-laa-sf-2026-07-25-spread-away-2pt5,mlb-laa-sf-2026-07-25,0.01,0.003,0.007,0.0057,25.0,0.007,True,True
2026-07-25T22:18:53+00:00,mlb-stl-cin-2026-05-24,over_ladder,mlb-stl-cin-2026-05-24-total-12pt5,mlb-stl-cin-2026-05-24-total-11pt5,0.28,0.21,0.07,0.055,2.2,0.07,True,True
2026-07-25T22:19:19+00:00,mlb-tor-bos-2026-07-25,spread_implies_ml,mlb-tor-bos-2026-07-25-spread-home-1pt5,mlb-tor-bos-2026-07-25,0.01,0.008,0.002,0.0002,25.0,0.002,True,True
2026-07-25T22:19:19+00:00,mlb-tor-bos-2026-07-25,spread_implies_ml,mlb-tor-bos-2026-07-25-spread-home-2pt5,mlb-tor-bos-2026-07-25,0.01,0.008,0.002,0.0002,25.0,-0.007,False,True
2026-07-25T22:19:19+00:00,mlb-laa-sf-2026-07-25,spread_implies_ml,mlb-laa-sf-2026-07-25-spread-away-2pt5,mlb-laa-sf-2026-07-25,0.01,0.001,0.009,0.0079,25.0,0.009,True,True
2026-07-25T22:19:19+00:00,mlb-stl-cin-2026-05-24,over_ladder,mlb-stl-cin-2026-05-24-total-12pt5,mlb-stl-cin-2026-05-24-total-11pt5,0.28,0.21,0.07,0.055,2.2,0.07,True,True
2026-07-25T22:19:45+00:00,mlb-laa-sf-2026-07-25,spread_implies_ml,mlb-laa-sf-2026-07-25-spread-away-2pt5,mlb-laa-sf-2026-07-25,0.01,0.001,0.009,0.0079,25.0,0.009,True,True
2026-07-25T22:19:45+00:00,mlb-stl-cin-2026-05-24,over_ladder,mlb-stl-cin-2026-05-24-total-12pt5,mlb-stl-cin-2026-05-24-total-11pt5,0.28,0.21,0.07,0.055,2.2,0.07,True,True
2026-07-25T22:20:10+00:00,mlb-laa-sf-2026-07-25,spread_implies_ml,mlb-laa-sf-2026-07-25-spread-away-2pt5,mlb-laa-sf-2026-07-25,0.01,0.001,0.009,0.0079,25.0,0.009,True,True
2026-07-25T22:20:10+00:00,mlb-stl-cin-2026-05-24,over_ladder,mlb-stl-cin-2026-05-24-total-12pt5,mlb-stl-cin-2026-05-24-total-11pt5,0.28,0.21,0.07,0.055,2.2,0.07,True,True
2026-07-25T22:20:36+00:00,mlb-laa-sf-2026-07-25,spread_implies_ml,mlb-laa-sf-2026-07-25-spread-away-2pt5,mlb-laa-sf-2026-07-25,0.01,0.001,0.009,0.0079,25.0,0.009,True,True
2026-07-25T22:20:36+00:00,mlb-stl-cin-2026-05-24,over_ladder,mlb-stl-cin-2026-05-24-total-12pt5,mlb-stl-cin-2026-05-24-total-11pt5,0.28,0.21,0.07,0.055,2.2,0.07,True,True
2026-07-25T22:21:01+00:00,mlb-laa-sf-2026-07-25,spread_implies_ml,mlb-laa-sf-2026-07-25-spread-away-2pt5,mlb-laa-sf-2026-07-25,0.01,0.001,0.009,0.0079,25.0,0.009,True,True
2026-07-25T22:21:01+00:00,mlb-stl-cin-2026-05-24,over_ladder,mlb-stl-cin-2026-05-24-total-12pt5,mlb-stl-cin-2026-05-24-total-11pt5,0.28,0.21,0.07,0.055,2.2,0.07,True,True
2026-07-25T22:21:28+00:00,mlb-laa-sf-2026-07-25,spread_implies_ml,mlb-laa-sf-2026-07-25-spread-away-2pt5,mlb-laa-sf-2026-07-25,0.01,0.001,0.009,0.0079,25.0,0.009,True,True
2026-07-25T22:21:28+00:00,mlb-stl-cin-2026-05-24,over_ladder,mlb-stl-cin-2026-05-24-total-12pt5,mlb-stl-cin-2026-05-24-total-11pt5,0.28,0.21,0.07,0.055,2.2,0.07,True,True
2026-07-25T22:21:53+00:00,mlb-stl-cin-2026-05-24,over_ladder,mlb-stl-cin-2026-05-24-total-12pt5,mlb-stl-cin-2026-05-24-total-11pt5,0.28,0.21,0.07,0.055,2.2,0.07,True,True
2026-07-25T22:22:19+00:00,mlb-stl-cin-2026-05-24,over_ladder,mlb-stl-cin-2026-05-24-total-12pt5,mlb-stl-cin-2026-05-24-total-11pt5,0.28,0.21,0.07,0.055,2.2,0.07,True,True
2026-07-25T22:22:44+00:00,mlb-stl-cin-2026-05-24,over_ladder,mlb-stl-cin-2026-05-24-total-12pt5,mlb-stl-cin-2026-05-24-total-11pt5,0.28,0.21,0.07,0.055,2.2,0.07,True,True
2026-07-25T22:23:10+00:00,mlb-stl-cin-2026-05-24,over_ladder,mlb-stl-cin-2026-05-24-total-12pt5,mlb-stl-cin-2026-05-24-total-11pt5,0.28,0.21,0.07,0.055,2.2,0.07,True,True
2026-07-25T22:23:36+00:00,mlb-stl-cin-2026-05-24,over_ladder,mlb-stl-cin-2026-05-24-total-12pt5,mlb-stl-cin-2026-05-24-total-11pt5,0.28,0.21,0.07,0.055,2.2,0.07,True,True
2026-07-25T22:24:01+00:00,mlb-stl-cin-2026-05-24,over_ladder,mlb-stl-cin-2026-05-24-total-12pt5,mlb-stl-cin-2026-05-24-total-11pt5,0.28,0.21,0.07,0.055,2.2,0.07,True,True
2026-07-25T22:24:27+00:00,mlb-stl-cin-2026-05-24,over_ladder,mlb-stl-cin-2026-05-24-total-12pt5,mlb-stl-cin-2026-05-24-total-11pt5,0.28,0.21,0.07,0.055,2.2,0.07,True,True
2026-07-25T22:24:52+00:00,mlb-stl-cin-2026-05-24,over_ladder,mlb-stl-cin-2026-05-24-total-12pt5,mlb-stl-cin-2026-05-24-total-11pt5,0.28,0.21,0.07,0.055,2.2,0.07,True,True
2026-07-25T22:25:18+00:00,mlb-stl-cin-2026-05-24,over_ladder,mlb-stl-cin-2026-05-24-total-12pt5,mlb-stl-cin-2026-05-24-total-11pt5,0.28,0.21,0.07,0.055,2.2,0.07,True,True
2026-07-25T22:25:43+00:00,mlb-stl-cin-2026-05-24,over_ladder,mlb-stl-cin-2026-05-24-total-12pt5,mlb-stl-cin-2026-05-24-total-11pt5,0.28,0.21,0.07,0.055,2.2,0.07,True,True
2026-07-25T22:26:09+00:00,mlb-stl-cin-2026-05-24,over_ladder,mlb-stl-cin-2026-05-24-total-12pt5,mlb-stl-cin-2026-05-24-total-11pt5,0.28,0.21,0.07,0.055,2.2,0.07,True,True
2026-07-25T22:26:34+00:00,mlb-stl-cin-2026-05-24,over_ladder,mlb-stl-cin-2026-05-24-total-12pt5,mlb-stl-cin-2026-05-24-total-11pt5,0.28,0.21,0.07,0.055,2.2,0.07,True,True
2026-07-25T22:27:00+00:00,mlb-stl-cin-2026-05-24,over_ladder,mlb-stl-cin-2026-05-24-total-12pt5,mlb-stl-cin-2026-05-24-total-11pt5,0.28,0.21,0.07,0.055,2.2,0.07,True,True
2026-07-25T22:27:25+00:00,mlb-stl-cin-2026-05-24,over_ladder,mlb-stl-cin-2026-05-24-total-12pt5,mlb-stl-cin-2026-05-24-total-11pt5,0.28,0.21,0.07,0.055,2.2,0.07,True,True
2026-07-25T22:27:51+00:00,mlb-stl-cin-2026-05-24,over_ladder,mlb-stl-cin-2026-05-24-total-12pt5,mlb-stl-cin-2026-05-24-total-11pt5,0.28,0.21,0.07,0.055,2.2,0.07,True,True
2026-07-25T22:28:16+00:00,mlb-stl-cin-2026-05-24,over_ladder,mlb-stl-cin-2026-05-24-total-12pt5,mlb-stl-cin-2026-05-24-total-11pt5,0.28,0.21,0.07,0.055,2.2,0.07,True,True
2026-07-25T22:28:42+00:00,mlb-stl-cin-2026-05-24,over_ladder,mlb-stl-cin-2026-05-24-total-12pt5,mlb-stl-cin-2026-05-24-total-11pt5,0.28,0.21,0.07,0.055,2.2,0.07,True,True
2026-07-25T22:29:07+00:00,mlb-stl-cin-2026-05-24,over_ladder,mlb-stl-cin-2026-05-24-total-12pt5,mlb-stl-cin-2026-05-24-total-11pt5,0.28,0.21,0.07,0.055,2.2,0.07,True,True
2026-07-25T22:29:33+00:00,mlb-stl-cin-2026-05-24,over_ladder,mlb-stl-cin-2026-05-24-total-12pt5,mlb-stl-cin-2026-05-24-total-11pt5,0.28,0.21,0.07,0.055,2.2,0.07,True,True
2026-07-25T22:29:58+00:00,mlb-stl-cin-2026-05-24,over_ladder,mlb-stl-cin-2026-05-24-total-12pt5,mlb-stl-cin-2026-05-24-total-11pt5,0.28,0.21,0.07,0.055,2.2,0.07,True,True
2026-07-25T22:30:24+00:00,mlb-stl-cin-2026-05-24,over_ladder,mlb-stl-cin-2026-05-24-total-12pt5,mlb-stl-cin-2026-05-24-total-11pt5,0.28,0.21,0.07,0.055,2.2,0.07,True,True
2026-07-25T22:30:49+00:00,mlb-stl-cin-2026-05-24,over_ladder,mlb-stl-cin-2026-05-24-total-12pt5,mlb-stl-cin-2026-05-24-total-11pt5,0.28,0.21,0.07,0.055,2.2,0.07,True,True
2026-07-25T22:31:15+00:00,mlb-stl-cin-2026-05-24,over_ladder,mlb-stl-cin-2026-05-24-total-12pt5,mlb-stl-cin-2026-05-24-total-11pt5,0.28,0.21,0.07,0.055,2.2,0.07,True,True
2026-07-25T22:31:41+00:00,mlb-stl-cin-2026-05-24,over_ladder,mlb-stl-cin-2026-05-24-total-12pt5,mlb-stl-cin-2026-05-24-total-11pt5,0.28,0.21,0.07,0.055,2.2,0.07,True,True
2026-07-25T22:32:07+00:00,mlb-stl-cin-2026-05-24,over_ladder,mlb-stl-cin-2026-05-24-total-12pt5,mlb-stl-cin-2026-05-24-total-11pt5,0.28,0.21,0.07,0.055,2.2,0.07,True,True
2026-07-25T22:32:32+00:00,mlb-stl-cin-2026-05-24,over_ladder,mlb-stl-cin-2026-05-24-total-12pt5,mlb-stl-cin-2026-05-24-total-11pt5,0.28,0.21,0.07,0.055,2.2,0.07,True,True
2026-07-25T22:32:58+00:00,mlb-stl-cin-2026-05-24,over_ladder,mlb-stl-cin-2026-05-24-total-12pt5,mlb-stl-cin-2026-05-24-total-11pt5,0.28,0.21,0.07,0.055,2.2,0.07,True,True
2026-07-25T22:33:24+00:00,mlb-stl-cin-2026-05-24,over_ladder,mlb-stl-cin-2026-05-24-total-12pt5,mlb-stl-cin-2026-05-24-total-11pt5,0.28,0.21,0.07,0.055,2.2,0.07,True,True
2026-07-25T22:33:49+00:00,mlb-stl-cin-2026-05-24,over_ladder,mlb-stl-cin-2026-05-24-total-12pt5,mlb-stl-cin-2026-05-24-total-11pt5,0.28,0.21,0.07,0.055,2.2,0.07,True,True
2026-07-25T22:34:15+00:00,mlb-tor-bos-2026-07-25,over_ladder,mlb-tor-bos-2026-07-25-total-10pt5,mlb-tor-bos-2026-07-25-total-9pt5,0.01,0.001,0.009,0.0079,5.0,0.009,True,True
2026-07-25T22:34:15+00:00,mlb-stl-cin-2026-05-24,over_ladder,mlb-stl-cin-2026-05-24-total-12pt5,mlb-stl-cin-2026-05-24-total-11pt5,0.28,0.21,0.07,0.055,2.2,0.07,True,True
2026-07-25T22:34:40+00:00,mlb-tor-bos-2026-07-25,over_ladder,mlb-tor-bos-2026-07-25-total-10pt5,mlb-tor-bos-2026-07-25-total-9pt5,0.01,0.001,0.009,0.0079,5.0,0.009,True,True
2026-07-25T22:34:40+00:00,mlb-stl-cin-2026-05-24,over_ladder,mlb-stl-cin-2026-05-24-total-12pt5,mlb-stl-cin-2026-05-24-total-11pt5,0.28,0.21,0.07,0.055,2.2,0.07,True,True
2026-07-25T22:35:06+00:00,mlb-tor-bos-2026-07-25,over_ladder,mlb-tor-bos-2026-07-25-total-10pt5,mlb-tor-bos-2026-07-25-total-9pt5,0.01,0.001,0.009,0.0079,5.0,0.009,True,True
2026-07-25T22:35:06+00:00,mlb-stl-cin-2026-05-24,over_ladder,mlb-stl-cin-2026-05-24-total-12pt5,mlb-stl-cin-2026-05-24-total-11pt5,0.28,0.21,0.07,0.055,2.2,0.07,True,True
2026-07-25T22:35:32+00:00,mlb-tor-bos-2026-07-25,over_ladder,mlb-tor-bos-2026-07-25-total-10pt5,mlb-tor-bos-2026-07-25-total-9pt5,0.01,0.001,0.009,0.0079,5.0,0.009,True,True
2026-07-25T22:35:32+00:00,mlb-stl-cin-2026-05-24,over_ladder,mlb-stl-cin-2026-05-24-total-12pt5,mlb-stl-cin-2026-05-24-total-11pt5,0.28,0.21,0.07,0.055,2.2,0.07,True,True
2026-07-25T22:35:57+00:00,mlb-tor-bos-2026-07-25,over_ladder,mlb-tor-bos-2026-07-25-total-10pt5,mlb-tor-bos-2026-07-25-total-9pt5,0.01,0.001,0.009,0.0079,5.0,0.009,True,True
2026-07-25T22:35:57+00:00,mlb-stl-cin-2026-05-24,over_ladder,mlb-stl-cin-2026-05-24-total-12pt5,mlb-stl-cin-2026-05-24-total-11pt5,0.28,0.21,0.07,0.055,2.2,0.07,True,True
2026-07-25T22:36:23+00:00,mlb-tor-bos-2026-07-25,over_ladder,mlb-tor-bos-2026-07-25-total-10pt5,mlb-tor-bos-2026-07-25-total-9pt5,0.01,0.001,0.009,0.0079,5.0,0.009,True,True
2026-07-25T22:36:23+00:00,mlb-stl-cin-2026-05-24,over_ladder,mlb-stl-cin-2026-05-24-total-12pt5,mlb-stl-cin-2026-05-24-total-11pt5,0.28,0.21,0.07,0.055,2.2,0.07,True,True
2026-07-25T22:36:48+00:00,mlb-tor-bos-2026-07-25,over_ladder,mlb-tor-bos-2026-07-25-total-10pt5,mlb-tor-bos-2026-07-25-total-9pt5,0.01,0.001,0.009,0.0079,5.0,,False,True
2026-07-25T22:36:48+00:00,mlb-stl-cin-2026-05-24,over_ladder,mlb-stl-cin-2026-05-24-total-12pt5,mlb-stl-cin-2026-05-24-total-11pt5,0.28,0.21,0.07,0.055,2.2,0.07,True,True
2026-07-25T22:37:14+00:00,mlb-stl-cin-2026-05-24,over_ladder,mlb-stl-cin-2026-05-24-total-12pt5,mlb-stl-cin-2026-05-24-total-11pt5,0.28,0.21,0.07,0.055,2.2,0.07,True,True
2026-07-25T22:37:40+00:00,mlb-stl-cin-2026-05-24,over_ladder,mlb-stl-cin-2026-05-24-total-12pt5,mlb-stl-cin-2026-05-24-total-11pt5,0.28,0.21,0.07,0.055,2.2,0.07,True,True
2026-07-25T22:38:05+00:00,mlb-stl-cin-2026-05-24,over_ladder,mlb-stl-cin-2026-05-24-total-12pt5,mlb-stl-cin-2026-05-24-total-11pt5,0.28,0.21,0.07,0.055,2.2,0.07,True,True
2026-07-25T22:38:31+00:00,mlb-stl-cin-2026-05-24,over_ladder,mlb-stl-cin-2026-05-24-total-12pt5,mlb-stl-cin-2026-05-24-total-11pt5,0.28,0.21,0.07,0.055,2.2,0.07,True,True
2026-07-25T22:38:56+00:00,mlb-stl-cin-2026-05-24,over_ladder,mlb-stl-cin-2026-05-24-total-12pt5,mlb-stl-cin-2026-05-24-total-11pt5,0.28,0.21,0.07,0.055,2.2,0.07,True,True
2026-07-25T22:39:22+00:00,mlb-stl-cin-2026-05-24,over_ladder,mlb-stl-cin-2026-05-24-total-12pt5,mlb-stl-cin-2026-05-24-total-11pt5,0.28,0.21,0.07,0.055,2.2,0.07,True,True
2026-07-25T22:39:47+00:00,mlb-stl-cin-2026-05-24,over_ladder,mlb-stl-cin-2026-05-24-total-12pt5,mlb-stl-cin-2026-05-24-total-11pt5,0.28,0.21,0.07,0.055,2.2,0.07,True,True
2026-07-25T22:40:13+00:00,mlb-stl-cin-2026-05-24,over_ladder,mlb-stl-cin-2026-05-24-total-12pt5,mlb-stl-cin-2026-05-24-total-11pt5,0.28,0.21,0.07,0.055,2.2,0.07,True,True
2026-07-25T22:40:39+00:00,mlb-stl-cin-2026-05-24,over_ladder,mlb-stl-cin-2026-05-24-total-12pt5,mlb-stl-cin-2026-05-24-total-11pt5,0.28,0.21,0.07,0.055,2.2,0.07,True,True
2026-07-25T22:41:04+00:00,mlb-stl-cin-2026-05-24,over_ladder,mlb-stl-cin-2026-05-24-total-12pt5,mlb-stl-cin-2026-05-24-total-11pt5,0.28,0.21,0.07,0.055,2.2,0.07,True,True
2026-07-25T22:41:30+00:00,mlb-stl-cin-2026-05-24,over_ladder,mlb-stl-cin-2026-05-24-total-12pt5,mlb-stl-cin-2026-05-24-total-11pt5,0.28,0.21,0.07,0.055,2.2,0.07,True,True
2026-07-25T22:41:56+00:00,mlb-stl-cin-2026-05-24,over_ladder,mlb-stl-cin-2026-05-24-total-12pt5,mlb-stl-cin-2026-05-24-total-11pt5,0.28,0.21,0.07,0.055,2.2,0.07,True,True
2026-07-25T22:42:22+00:00,mlb-stl-cin-2026-05-24,over_ladder,mlb-stl-cin-2026-05-24-total-12pt5,mlb-stl-cin-2026-05-24-total-11pt5,0.28,0.21,0.07,0.055,2.2,0.07,True,True
2026-07-25T22:42:47+00:00,mlb-stl-cin-2026-05-24,over_ladder,mlb-stl-cin-2026-05-24-total-12pt5,mlb-stl-cin-2026-05-24-total-11pt5,0.28,0.21,0.07,0.055,2.2,0.07,True,True
2026-07-25T22:43:13+00:00,mlb-stl-cin-2026-05-24,over_ladder,mlb-stl-cin-2026-05-24-total-12pt5,mlb-stl-cin-2026-05-24-total-11pt5,0.28,0.21,0.07,0.055,2.2,0.07,True,True
2026-07-25T22:43:38+00:00,mlb-stl-cin-2026-05-24,over_ladder,mlb-stl-cin-2026-05-24-total-12pt5,mlb-stl-cin-2026-05-24-total-11pt5,0.28,0.21,0.07,0.055,2.2,0.07,True,True
2026-07-25T22:44:04+00:00,mlb-stl-cin-2026-05-24,over_ladder,mlb-stl-cin-2026-05-24-total-12pt5,mlb-stl-cin-2026-05-24-total-11pt5,0.28,0.21,0.07,0.055,2.2,0.07,True,True
2026-07-25T22:44:29+00:00,mlb-stl-cin-2026-05-24,over_ladder,mlb-stl-cin-2026-05-24-total-12pt5,mlb-stl-cin-2026-05-24-total-11pt5,0.28,0.21,0.07,0.055,2.2,0.07,True,True
2026-07-25T22:44:55+00:00,mlb-stl-cin-2026-05-24,over_ladder,mlb-stl-cin-2026-05-24-total-12pt5,mlb-stl-cin-2026-05-24-total-11pt5,0.28,0.21,0.07,0.055,2.2,0.07,True,True
2026-07-25T22:45:20+00:00,mlb-stl-cin-2026-05-24,over_ladder,mlb-stl-cin-2026-05-24-total-12pt5,mlb-stl-cin-2026-05-24-total-11pt5,0.28,0.21,0.07,0.055,2.2,0.07,True,True
2026-07-25T22:45:46+00:00,mlb-stl-cin-2026-05-24,over_ladder,mlb-stl-cin-2026-05-24-total-12pt5,mlb-stl-cin-2026-05-24-total-11pt5,0.28,0.21,0.07,0.055,2.2,0.07,True,True
2026-07-25T22:46:12+00:00,mlb-stl-cin-2026-05-24,over_ladder,mlb-stl-cin-2026-05-24-total-12pt5,mlb-stl-cin-2026-05-24-total-11pt5,0.28,0.21,0.07,0.055,2.2,0.07,True,True
2026-07-25T22:46:37+00:00,mlb-stl-cin-2026-05-24,over_ladder,mlb-stl-cin-2026-05-24-total-12pt5,mlb-stl-cin-2026-05-24-total-11pt5,0.28,0.21,0.07,0.055,2.2,0.07,True,True
2026-07-25T22:47:03+00:00,mlb-stl-cin-2026-05-24,over_ladder,mlb-stl-cin-2026-05-24-total-12pt5,mlb-stl-cin-2026-05-24-total-11pt5,0.28,0.21,0.07,0.055,2.2,0.07,True,True
2026-07-25T22:47:28+00:00,mlb-stl-cin-2026-05-24,over_ladder,mlb-stl-cin-2026-05-24-total-12pt5,mlb-stl-cin-2026-05-24-total-11pt5,0.28,0.21,0.07,0.055,2.2,0.07,True,True
2026-07-25T22:47:54+00:00,mlb-stl-cin-2026-05-24,over_ladder,mlb-stl-cin-2026-05-24-total-12pt5,mlb-stl-cin-2026-05-24-total-11pt5,0.28,0.21,0.07,0.055,2.2,0.07,True,True
2026-07-25T22:48:19+00:00,mlb-stl-cin-2026-05-24,over_ladder,mlb-stl-cin-2026-05-24-total-12pt5,mlb-stl-cin-2026-05-24-total-11pt5,0.28,0.21,0.07,0.055,2.2,0.07,True,True
2026-07-25T22:48:45+00:00,mlb-stl-cin-2026-05-24,over_ladder,mlb-stl-cin-2026-05-24-total-12pt5,mlb-stl-cin-2026-05-24-total-11pt5,0.28,0.21,0.07,0.055,2.2,0.07,True,True
2026-07-25T22:49:11+00:00,mlb-stl-cin-2026-05-24,over_ladder,mlb-stl-cin-2026-05-24-total-12pt5,mlb-stl-cin-2026-05-24-total-11pt5,0.28,0.21,0.07,0.055,2.2,0.07,True,True
2026-07-25T22:49:36+00:00,mlb-stl-cin-2026-05-24,over_ladder,mlb-stl-cin-2026-05-24-total-12pt5,mlb-stl-cin-2026-05-24-total-11pt5,0.28,0.21,0.07,0.055,2.2,0.07,True,True
2026-07-25T22:50:01+00:00,mlb-stl-cin-2026-05-24,over_ladder,mlb-stl-cin-2026-05-24-total-12pt5,mlb-stl-cin-2026-05-24-total-11pt5,0.28,0.21,0.07,0.055,2.2,0.07,True,True
2026-07-25T22:50:27+00:00,mlb-stl-cin-2026-05-24,over_ladder,mlb-stl-cin-2026-05-24-total-12pt5,mlb-stl-cin-2026-05-24-total-11pt5,0.28,0.21,0.07,0.055,2.2,0.07,True,True
2026-07-25T22:50:53+00:00,mlb-stl-cin-2026-05-24,over_ladder,mlb-stl-cin-2026-05-24-total-12pt5,mlb-stl-cin-2026-05-24-total-11pt5,0.28,0.21,0.07,0.055,2.2,0.07,True,True
2026-07-25T22:51:18+00:00,mlb-stl-cin-2026-05-24,over_ladder,mlb-stl-cin-2026-05-24-total-12pt5,mlb-stl-cin-2026-05-24-total-11pt5,0.28,0.21,0.07,0.055,2.2,0.07,True,True
2026-07-25T22:51:44+00:00,mlb-stl-cin-2026-05-24,over_ladder,mlb-stl-cin-2026-05-24-total-12pt5,mlb-stl-cin-2026-05-24-total-11pt5,0.28,0.21,0.07,0.055,2.2,0.07,True,True
2026-07-25T22:52:10+00:00,mlb-stl-cin-2026-05-24,over_ladder,mlb-stl-cin-2026-05-24-total-12pt5,mlb-stl-cin-2026-05-24-total-11pt5,0.28,0.21,0.07,0.055,2.2,0.07,True,True
2026-07-25T22:52:36+00:00,mlb-stl-cin-2026-05-24,over_ladder,mlb-stl-cin-2026-05-24-total-12pt5,mlb-stl-cin-2026-05-24-total-11pt5,0.28,0.21,0.07,0.055,2.2,0.07,True,True
2026-07-25T22:53:01+00:00,mlb-stl-cin-2026-05-24,over_ladder,mlb-stl-cin-2026-05-24-total-12pt5,mlb-stl-cin-2026-05-24-total-11pt5,0.28,0.21,0.07,0.055,2.2,0.07,True,True
2026-07-25T22:53:27+00:00,mlb-stl-cin-2026-05-24,over_ladder,mlb-stl-cin-2026-05-24-total-12pt5,mlb-stl-cin-2026-05-24-total-11pt5,0.28,0.21,0.07,0.055,2.2,0.07,True,True
2026-07-25T22:53:52+00:00,mlb-stl-cin-2026-05-24,over_ladder,mlb-stl-cin-2026-05-24-total-12pt5,mlb-stl-cin-2026-05-24-total-11pt5,0.28,0.21,0.07,0.055,2.2,0.07,True,True
2026-07-25T22:54:18+00:00,mlb-stl-cin-2026-05-24,over_ladder,mlb-stl-cin-2026-05-24-total-12pt5,mlb-stl-cin-2026-05-24-total-11pt5,0.28,0.21,0.07,0.055,2.2,0.07,True,True
2026-07-25T22:54:43+00:00,mlb-stl-cin-2026-05-24,over_ladder,mlb-stl-cin-2026-05-24-total-12pt5,mlb-stl-cin-2026-05-24-total-11pt5,0.28,0.21,0.07,0.055,2.2,0.07,True,True
2026-07-25T22:55:09+00:00,mlb-stl-cin-2026-05-24,over_ladder,mlb-stl-cin-2026-05-24-total-12pt5,mlb-stl-cin-2026-05-24-total-11pt5,0.28,0.21,0.07,0.055,2.2,0.07,True,True
2026-07-25T22:55:34+00:00,mlb-stl-cin-2026-05-24,over_ladder,mlb-stl-cin-2026-05-24-total-12pt5,mlb-stl-cin-2026-05-24-total-11pt5,0.28,0.21,0.07,0.055,2.2,0.07,True,True
2026-07-25T22:56:00+00:00,mlb-stl-cin-2026-05-24,over_ladder,mlb-stl-cin-2026-05-24-total-12pt5,mlb-stl-cin-2026-05-24-total-11pt5,0.28,0.21,0.07,0.055,2.2,0.07,True,True
2026-07-25T22:56:25+00:00,mlb-stl-cin-2026-05-24,over_ladder,mlb-stl-cin-2026-05-24-total-12pt5,mlb-stl-cin-2026-05-24-total-11pt5,0.28,0.21,0.07,0.055,2.2,0.07,True,True
2026-07-25T22:56:51+00:00,mlb-stl-cin-2026-05-24,over_ladder,mlb-stl-cin-2026-05-24-total-12pt5,mlb-stl-cin-2026-05-24-total-11pt5,0.28,0.21,0.07,0.055,2.2,0.07,True,True
2026-07-25T22:57:16+00:00,mlb-stl-cin-2026-05-24,over_ladder,mlb-stl-cin-2026-05-24-total-12pt5,mlb-stl-cin-2026-05-24-total-11pt5,0.28,0.21,0.07,0.055,2.2,0.07,True,True
2026-07-25T22:57:42+00:00,mlb-stl-cin-2026-05-24,over_ladder,mlb-stl-cin-2026-05-24-total-12pt5,mlb-stl-cin-2026-05-24-total-11pt5,0.28,0.21,0.07,0.055,2.2,0.07,True,True
2026-07-25T22:57:42+00:00,arg-riv-bar-2026-07-25-more-markets,cover_ladder,arg-riv-bar-2026-07-25-spread-away-2pt5,arg-riv-bar-2026-07-25-spread-away-1pt5,0.09,0.025,0.065,0.0551,5.1,0.065,True,True
2026-07-25T22:58:08+00:00,mlb-stl-cin-2026-05-24,over_ladder,mlb-stl-cin-2026-05-24-total-12pt5,mlb-stl-cin-2026-05-24-total-11pt5,0.28,0.21,0.07,0.055,2.2,0.07,True,True
2026-07-25T22:58:08+00:00,arg-riv-bar-2026-07-25-more-markets,cover_ladder,arg-riv-bar-2026-07-25-spread-away-2pt5,arg-riv-bar-2026-07-25-spread-away-1pt5,0.09,0.025,0.065,0.0551,5.1,0.035,True,True
2026-07-25T22:58:33+00:00,mlb-stl-cin-2026-05-24,over_ladder,mlb-stl-cin-2026-05-24-total-12pt5,mlb-stl-cin-2026-05-24-total-11pt5,0.28,0.21,0.07,0.055,2.2,0.07,True,True
2026-07-25T22:58:33+00:00,arg-riv-bar-2026-07-25-more-markets,cover_ladder,arg-riv-bar-2026-07-25-spread-away-2pt5,arg-riv-bar-2026-07-25-spread-away-1pt5,0.06,0.025,0.035,0.0269,5.1,0.035,True,True
2026-07-25T22:58:59+00:00,mlb-stl-cin-2026-05-24,over_ladder,mlb-stl-cin-2026-05-24-total-12pt5,mlb-stl-cin-2026-05-24-total-11pt5,0.28,0.21,0.07,0.055,2.2,0.07,True,True
2026-07-25T22:58:59+00:00,arg-riv-bar-2026-07-25-more-markets,cover_ladder,arg-riv-bar-2026-07-25-spread-away-2pt5,arg-riv-bar-2026-07-25-spread-away-1pt5,0.06,0.025,0.035,0.0269,5.1,0.035,True,True
2026-07-25T22:59:25+00:00,mlb-stl-cin-2026-05-24,over_ladder,mlb-stl-cin-2026-05-24-total-12pt5,mlb-stl-cin-2026-05-24-total-11pt5,0.28,0.21,0.07,0.055,2.2,0.07,True,True
2026-07-25T22:59:50+00:00,mlb-stl-cin-2026-05-24,over_ladder,mlb-stl-cin-2026-05-24-total-12pt5,mlb-stl-cin-2026-05-24-total-11pt5,0.28,0.21,0.07,0.055,2.2,0.07,True,True
2026-07-25T23:00:16+00:00,mlb-stl-cin-2026-05-24,over_ladder,mlb-stl-cin-2026-05-24-total-12pt5,mlb-stl-cin-2026-05-24-total-11pt5,0.28,0.21,0.07,0.055,2.2,0.07,True,True
2026-07-25T23:00:41+00:00,mlb-stl-cin-2026-05-24,over_ladder,mlb-stl-cin-2026-05-24-total-12pt5,mlb-stl-cin-2026-05-24-total-11pt5,0.28,0.21,0.07,0.055,2.2,0.07,True,True
2026-07-25T23:01:07+00:00,mlb-stl-cin-2026-05-24,over_ladder,mlb-stl-cin-2026-05-24-total-12pt5,mlb-stl-cin-2026-05-24-total-11pt5,0.28,0.21,0.07,0.055,2.2,0.07,True,True
2026-07-25T23:01:33+00:00,mlb-stl-cin-2026-05-24,over_ladder,mlb-stl-cin-2026-05-24-total-12pt5,mlb-stl-cin-2026-05-24-total-11pt5,0.28,0.21,0.07,0.055,2.2,0.07,True,True
2026-07-25T23:01:58+00:00,mlb-stl-cin-2026-05-24,over_ladder,mlb-stl-cin-2026-05-24-total-12pt5,mlb-stl-cin-2026-05-24-total-11pt5,0.28,0.21,0.07,0.055,2.2,0.07,True,True
2026-07-25T23:02:25+00:00,mlb-stl-cin-2026-05-24,over_ladder,mlb-stl-cin-2026-05-24-total-12pt5,mlb-stl-cin-2026-05-24-total-11pt5,0.28,0.21,0.07,0.055,2.2,0.07,True,True
2026-07-25T23:02:50+00:00,mlb-stl-cin-2026-05-24,over_ladder,mlb-stl-cin-2026-05-24-total-12pt5,mlb-stl-cin-2026-05-24-total-11pt5,0.28,0.21,0.07,0.055,2.2,0.07,True,True
2026-07-25T23:03:16+00:00,mlb-stl-cin-2026-05-24,over_ladder,mlb-stl-cin-2026-05-24-total-12pt5,mlb-stl-cin-2026-05-24-total-11pt5,0.28,0.21,0.07,0.055,2.2,0.07,True,True
2026-07-25T23:03:41+00:00,mlb-stl-cin-2026-05-24,over_ladder,mlb-stl-cin-2026-05-24-total-12pt5,mlb-stl-cin-2026-05-24-total-11pt5,0.28,0.21,0.07,0.055,2.2,0.07,True,True
2026-07-25T23:04:07+00:00,mlb-stl-cin-2026-05-24,over_ladder,mlb-stl-cin-2026-05-24-total-12pt5,mlb-stl-cin-2026-05-24-total-11pt5,0.28,0.21,0.07,0.055,2.2,0.07,True,True
2026-07-25T23:04:33+00:00,mlb-stl-cin-2026-05-24,over_ladder,mlb-stl-cin-2026-05-24-total-12pt5,mlb-stl-cin-2026-05-24-total-11pt5,0.28,0.21,0.07,0.055,2.2,0.07,True,True
2026-07-25T23:04:58+00:00,mlb-stl-cin-2026-05-24,over_ladder,mlb-stl-cin-2026-05-24-total-12pt5,mlb-stl-cin-2026-05-24-total-11pt5,0.28,0.21,0.07,0.055,2.2,0.07,True,True
2026-07-25T23:05:24+00:00,mlb-stl-cin-2026-05-24,over_ladder,mlb-stl-cin-2026-05-24-total-12pt5,mlb-stl-cin-2026-05-24-total-11pt5,0.28,0.21,0.07,0.055,2.2,0.07,True,True
2026-07-25T23:05:49+00:00,mlb-stl-cin-2026-05-24,over_ladder,mlb-stl-cin-2026-05-24-total-12pt5,mlb-stl-cin-2026-05-24-total-11pt5,0.28,0.21,0.07,0.055,2.2,0.07,True,True
2026-07-25T23:06:15+00:00,mlb-stl-cin-2026-05-24,over_ladder,mlb-stl-cin-2026-05-24-total-12pt5,mlb-stl-cin-2026-05-24-total-11pt5,0.28,0.21,0.07,0.055,2.2,0.07,True,True
2026-07-25T23:06:40+00:00,mlb-stl-cin-2026-05-24,over_ladder,mlb-stl-cin-2026-05-24-total-12pt5,mlb-stl-cin-2026-05-24-total-11pt5,0.28,0.21,0.07,0.055,2.2,0.07,True,True
2026-07-25T23:07:06+00:00,mlb-stl-cin-2026-05-24,over_ladder,mlb-stl-cin-2026-05-24-total-12pt5,mlb-stl-cin-2026-05-24-total-11pt5,0.28,0.21,0.07,0.055,2.2,0.07,True,True
2026-07-25T23:07:31+00:00,mlb-stl-cin-2026-05-24,over_ladder,mlb-stl-cin-2026-05-24-total-12pt5,mlb-stl-cin-2026-05-24-total-11pt5,0.28,0.21,0.07,0.055,2.2,0.07,True,True
2026-07-25T23:07:57+00:00,mlb-stl-cin-2026-05-24,over_ladder,mlb-stl-cin-2026-05-24-total-12pt5,mlb-stl-cin-2026-05-24-total-11pt5,0.28,0.21,0.07,0.055,2.2,0.07,True,True
2026-07-25T23:08:22+00:00,mlb-stl-cin-2026-05-24,over_ladder,mlb-stl-cin-2026-05-24-total-12pt5,mlb-stl-cin-2026-05-24-total-11pt5,0.28,0.21,0.07,0.055,2.2,0.07,True,True
2026-07-25T23:08:48+00:00,mlb-stl-cin-2026-05-24,over_ladder,mlb-stl-cin-2026-05-24-total-12pt5,mlb-stl-cin-2026-05-24-total-11pt5,0.28,0.21,0.07,0.055,2.2,0.07,True,True
2026-07-25T23:09:14+00:00,mlb-stl-cin-2026-05-24,over_ladder,mlb-stl-cin-2026-05-24-total-12pt5,mlb-stl-cin-2026-05-24-total-11pt5,0.28,0.21,0.07,0.055,2.2,0.07,True,True
2026-07-25T23:09:39+00:00,mlb-stl-cin-2026-05-24,over_ladder,mlb-stl-cin-2026-05-24-total-12pt5,mlb-stl-cin-2026-05-24-total-11pt5,0.28,0.21,0.07,0.055,2.2,0.07,True,True
2026-07-25T23:10:05+00:00,mlb-stl-cin-2026-05-24,over_ladder,mlb-stl-cin-2026-05-24-total-12pt5,mlb-stl-cin-2026-05-24-total-11pt5,0.28,0.21,0.07,0.055,2.2,0.07,True,True
2026-07-25T23:10:30+00:00,mlb-stl-cin-2026-05-24,over_ladder,mlb-stl-cin-2026-05-24-total-12pt5,mlb-stl-cin-2026-05-24-total-11pt5,0.28,0.21,0.07,0.055,2.2,0.07,True,True
2026-07-25T23:10:56+00:00,mlb-stl-cin-2026-05-24,over_ladder,mlb-stl-cin-2026-05-24-total-12pt5,mlb-stl-cin-2026-05-24-total-11pt5,0.28,0.21,0.07,0.055,2.2,0.07,True,True
2026-07-25T23:11:21+00:00,mlb-stl-cin-2026-05-24,over_ladder,mlb-stl-cin-2026-05-24-total-12pt5,mlb-stl-cin-2026-05-24-total-11pt5,0.28,0.21,0.07,0.055,2.2,0.07,True,True
2026-07-25T23:11:47+00:00,mlb-stl-cin-2026-05-24,over_ladder,mlb-stl-cin-2026-05-24-total-12pt5,mlb-stl-cin-2026-05-24-total-11pt5,0.28,0.21,0.07,0.055,2.2,0.07,True,True
2026-07-25T23:12:12+00:00,mlb-stl-cin-2026-05-24,over_ladder,mlb-stl-cin-2026-05-24-total-12pt5,mlb-stl-cin-2026-05-24-total-11pt5,0.28,0.21,0.07,0.055,2.2,0.07,True,True
2026-07-25T23:12:39+00:00,mlb-stl-cin-2026-05-24,over_ladder,mlb-stl-cin-2026-05-24-total-12pt5,mlb-stl-cin-2026-05-24-total-11pt5,0.28,0.21,0.07,0.055,2.2,0.07,True,True
2026-07-25T23:13:04+00:00,mlb-stl-cin-2026-05-24,over_ladder,mlb-stl-cin-2026-05-24-total-12pt5,mlb-stl-cin-2026-05-24-total-11pt5,0.28,0.21,0.07,0.055,2.2,0.07,True,True
2026-07-25T23:13:30+00:00,mlb-stl-cin-2026-05-24,over_ladder,mlb-stl-cin-2026-05-24-total-12pt5,mlb-stl-cin-2026-05-24-total-11pt5,0.28,0.21,0.07,0.055,2.2,0.07,True,True
2026-07-25T23:13:55+00:00,mlb-stl-cin-2026-05-24,over_ladder,mlb-stl-cin-2026-05-24-total-12pt5,mlb-stl-cin-2026-05-24-total-11pt5,0.28,0.21,0.07,0.055,2.2,0.07,True,True
2026-07-25T23:14:21+00:00,mlb-stl-cin-2026-05-24,over_ladder,mlb-stl-cin-2026-05-24-total-12pt5,mlb-stl-cin-2026-05-24-total-11pt5,0.28,0.21,0.07,0.055,2.2,0.07,True,True
2026-07-25T23:14:47+00:00,mlb-stl-cin-2026-05-24,over_ladder,mlb-stl-cin-2026-05-24-total-12pt5,mlb-stl-cin-2026-05-24-total-11pt5,0.28,0.21,0.07,0.055,2.2,0.07,True,True
2026-07-25T23:15:12+00:00,mlb-stl-cin-2026-05-24,over_ladder,mlb-stl-cin-2026-05-24-total-12pt5,mlb-stl-cin-2026-05-24-total-11pt5,0.28,0.21,0.07,0.055,2.2,0.07,True,True
2026-07-25T23:15:38+00:00,mlb-stl-cin-2026-05-24,over_ladder,mlb-stl-cin-2026-05-24-total-12pt5,mlb-stl-cin-2026-05-24-total-11pt5,0.28,0.21,0.07,0.055,2.2,0.07,True,True
2026-07-25T23:16:03+00:00,mlb-stl-cin-2026-05-24,over_ladder,mlb-stl-cin-2026-05-24-total-12pt5,mlb-stl-cin-2026-05-24-total-11pt5,0.28,0.21,0.07,0.055,2.2,0.07,True,True
2026-07-25T23:16:29+00:00,mlb-stl-cin-2026-05-24,over_ladder,mlb-stl-cin-2026-05-24-total-12pt5,mlb-stl-cin-2026-05-24-total-11pt5,0.28,0.21,0.07,0.055,2.2,0.07,True,True
2026-07-25T23:16:54+00:00,mlb-stl-cin-2026-05-24,over_ladder,mlb-stl-cin-2026-05-24-total-12pt5,mlb-stl-cin-2026-05-24-total-11pt5,0.28,0.21,0.07,0.055,2.2,0.07,True,True
2026-07-25T23:17:20+00:00,mlb-stl-cin-2026-05-24,over_ladder,mlb-stl-cin-2026-05-24-total-12pt5,mlb-stl-cin-2026-05-24-total-11pt5,0.28,0.21,0.07,0.055,2.2,0.07,True,True
2026-07-25T23:17:45+00:00,mlb-stl-cin-2026-05-24,over_ladder,mlb-stl-cin-2026-05-24-total-12pt5,mlb-stl-cin-2026-05-24-total-11pt5,0.28,0.21,0.07,0.055,2.2,0.07,True,True
2026-07-25T23:18:11+00:00,mlb-stl-cin-2026-05-24,over_ladder,mlb-stl-cin-2026-05-24-total-12pt5,mlb-stl-cin-2026-05-24-total-11pt5,0.28,0.21,0.07,0.055,2.2,0.07,True,True
2026-07-25T23:18:37+00:00,mlb-stl-cin-2026-05-24,over_ladder,mlb-stl-cin-2026-05-24-total-12pt5,mlb-stl-cin-2026-05-24-total-11pt5,0.28,0.21,0.07,0.055,2.2,0.07,True,True
2026-07-25T23:19:02+00:00,mlb-stl-cin-2026-05-24,over_ladder,mlb-stl-cin-2026-05-24-total-12pt5,mlb-stl-cin-2026-05-24-total-11pt5,0.28,0.21,0.07,0.055,2.2,0.07,True,True
2026-07-25T23:19:28+00:00,mlb-stl-cin-2026-05-24,over_ladder,mlb-stl-cin-2026-05-24-total-12pt5,mlb-stl-cin-2026-05-24-total-11pt5,0.28,0.21,0.07,0.055,2.2,0.07,True,True
2026-07-25T23:19:53+00:00,mlb-stl-cin-2026-05-24,over_ladder,mlb-stl-cin-2026-05-24-total-12pt5,mlb-stl-cin-2026-05-24-total-11pt5,0.28,0.21,0.07,0.055,2.2,0.07,True,True
2026-07-25T23:20:19+00:00,mlb-stl-cin-2026-05-24,over_ladder,mlb-stl-cin-2026-05-24-total-12pt5,mlb-stl-cin-2026-05-24-total-11pt5,0.28,0.21,0.07,0.055,2.2,0.07,True,True
2026-07-25T23:20:44+00:00,mlb-stl-cin-2026-05-24,over_ladder,mlb-stl-cin-2026-05-24-total-12pt5,mlb-stl-cin-2026-05-24-total-11pt5,0.28,0.21,0.07,0.055,2.2,0.07,True,True
2026-07-25T23:21:10+00:00,mlb-stl-cin-2026-05-24,over_ladder,mlb-stl-cin-2026-05-24-total-12pt5,mlb-stl-cin-2026-05-24-total-11pt5,0.28,0.21,0.07,0.055,2.2,0.07,True,True
2026-07-25T23:21:35+00:00,mlb-stl-cin-2026-05-24,over_ladder,mlb-stl-cin-2026-05-24-total-12pt5,mlb-stl-cin-2026-05-24-total-11pt5,0.28,0.21,0.07,0.055,2.2,0.07,True,True
2026-07-25T23:22:01+00:00,mlb-stl-cin-2026-05-24,over_ladder,mlb-stl-cin-2026-05-24-total-12pt5,mlb-stl-cin-2026-05-24-total-11pt5,0.28,0.21,0.07,0.055,2.2,0.07,True,True
2026-07-25T23:22:26+00:00,mlb-stl-cin-2026-05-24,over_ladder,mlb-stl-cin-2026-05-24-total-12pt5,mlb-stl-cin-2026-05-24-total-11pt5,0.28,0.21,0.07,0.055,2.2,0.07,True,True
2026-07-25T23:22:53+00:00,mlb-stl-cin-2026-05-24,over_ladder,mlb-stl-cin-2026-05-24-total-12pt5,mlb-stl-cin-2026-05-24-total-11pt5,0.28,0.21,0.07,0.055,2.2,0.07,True,True
2026-07-25T23:23:18+00:00,mlb-stl-cin-2026-05-24,over_ladder,mlb-stl-cin-2026-05-24-total-12pt5,mlb-stl-cin-2026-05-24-total-11pt5,0.28,0.21,0.07,0.055,2.2,0.07,True,True
2026-07-25T23:23:44+00:00,mlb-stl-cin-2026-05-24,over_ladder,mlb-stl-cin-2026-05-24-total-12pt5,mlb-stl-cin-2026-05-24-total-11pt5,0.28,0.21,0.07,0.055,2.2,0.07,True,True
2026-07-25T23:24:09+00:00,mlb-stl-cin-2026-05-24,over_ladder,mlb-stl-cin-2026-05-24-total-12pt5,mlb-stl-cin-2026-05-24-total-11pt5,0.28,0.21,0.07,0.055,2.2,0.07,True,True
2026-07-25T23:24:35+00:00,mlb-stl-cin-2026-05-24,over_ladder,mlb-stl-cin-2026-05-24-total-12pt5,mlb-stl-cin-2026-05-24-total-11pt5,0.28,0.21,0.07,0.055,2.2,0.07,True,True
2026-07-25T23:25:01+00:00,mlb-stl-cin-2026-05-24,over_ladder,mlb-stl-cin-2026-05-24-total-12pt5,mlb-stl-cin-2026-05-24-total-11pt5,0.28,0.21,0.07,0.055,2.2,0.07,True,True
2026-07-25T23:25:26+00:00,mlb-stl-cin-2026-05-24,over_ladder,mlb-stl-cin-2026-05-24-total-12pt5,mlb-stl-cin-2026-05-24-total-11pt5,0.28,0.21,0.07,0.055,2.2,0.07,True,True
2026-07-25T23:25:52+00:00,mlb-stl-cin-2026-05-24,over_ladder,mlb-stl-cin-2026-05-24-total-12pt5,mlb-stl-cin-2026-05-24-total-11pt5,0.28,0.21,0.07,0.055,2.2,0.07,True,True
2026-07-25T23:26:17+00:00,mlb-stl-cin-2026-05-24,over_ladder,mlb-stl-cin-2026-05-24-total-12pt5,mlb-stl-cin-2026-05-24-total-11pt5,0.28,0.21,0.07,0.055,2.2,0.07,True,True
2026-07-25T23:26:43+00:00,mlb-stl-cin-2026-05-24,over_ladder,mlb-stl-cin-2026-05-24-total-12pt5,mlb-stl-cin-2026-05-24-total-11pt5,0.28,0.21,0.07,0.055,2.2,0.07,True,True
2026-07-25T23:27:08+00:00,mlb-stl-cin-2026-05-24,over_ladder,mlb-stl-cin-2026-05-24-total-12pt5,mlb-stl-cin-2026-05-24-total-11pt5,0.28,0.21,0.07,0.055,2.2,0.07,True,True
2026-07-25T23:27:34+00:00,mlb-stl-cin-2026-05-24,over_ladder,mlb-stl-cin-2026-05-24-total-12pt5,mlb-stl-cin-2026-05-24-total-11pt5,0.28,0.21,0.07,0.055,2.2,0.07,True,True
2026-07-25T23:27:59+00:00,mlb-stl-cin-2026-05-24,over_ladder,mlb-stl-cin-2026-05-24-total-12pt5,mlb-stl-cin-2026-05-24-total-11pt5,0.28,0.21,0.07,0.055,2.2,0.07,True,True
2026-07-25T23:28:25+00:00,mlb-stl-cin-2026-05-24,over_ladder,mlb-stl-cin-2026-05-24-total-12pt5,mlb-stl-cin-2026-05-24-total-11pt5,0.28,0.21,0.07,0.055,2.2,0.07,True,True
2026-07-25T23:28:50+00:00,mlb-stl-cin-2026-05-24,over_ladder,mlb-stl-cin-2026-05-24-total-12pt5,mlb-stl-cin-2026-05-24-total-11pt5,0.28,0.21,0.07,0.055,2.2,0.07,True,True
2026-07-25T23:29:16+00:00,mlb-stl-cin-2026-05-24,over_ladder,mlb-stl-cin-2026-05-24-total-12pt5,mlb-stl-cin-2026-05-24-total-11pt5,0.28,0.21,0.07,0.055,2.2,0.07,True,True
2026-07-25T23:29:41+00:00,mlb-stl-cin-2026-05-24,over_ladder,mlb-stl-cin-2026-05-24-total-12pt5,mlb-stl-cin-2026-05-24-total-11pt5,0.28,0.21,0.07,0.055,2.2,0.07,True,True
2026-07-25T23:30:07+00:00,mlb-stl-cin-2026-05-24,over_ladder,mlb-stl-cin-2026-05-24-total-12pt5,mlb-stl-cin-2026-05-24-total-11pt5,0.28,0.21,0.07,0.055,2.2,0.07,True,True
2026-07-25T23:30:32+00:00,mlb-stl-cin-2026-05-24,over_ladder,mlb-stl-cin-2026-05-24-total-12pt5,mlb-stl-cin-2026-05-24-total-11pt5,0.28,0.21,0.07,0.055,2.2,0.07,True,True
2026-07-25T23:30:58+00:00,mlb-stl-cin-2026-05-24,over_ladder,mlb-stl-cin-2026-05-24-total-12pt5,mlb-stl-cin-2026-05-24-total-11pt5,0.28,0.21,0.07,0.055,2.2,0.07,True,True
2026-07-25T23:31:23+00:00,mlb-stl-cin-2026-05-24,over_ladder,mlb-stl-cin-2026-05-24-total-12pt5,mlb-stl-cin-2026-05-24-total-11pt5,0.28,0.21,0.07,0.055,2.2,0.07,True,True
2026-07-25T23:31:49+00:00,mlb-stl-cin-2026-05-24,over_ladder,mlb-stl-cin-2026-05-24-total-12pt5,mlb-stl-cin-2026-05-24-total-11pt5,0.28,0.21,0.07,0.055,2.2,0.07,True,True
2026-07-25T23:32:14+00:00,mlb-stl-cin-2026-05-24,over_ladder,mlb-stl-cin-2026-05-24-total-12pt5,mlb-stl-cin-2026-05-24-total-11pt5,0.28,0.21,0.07,0.055,2.2,0.07,True,True
2026-07-25T23:32:40+00:00,mlb-stl-cin-2026-05-24,over_ladder,mlb-stl-cin-2026-05-24-total-12pt5,mlb-stl-cin-2026-05-24-total-11pt5,0.28,0.21,0.07,0.055,2.2,0.07,True,True
2026-07-25T23:33:06+00:00,mlb-stl-cin-2026-05-24,over_ladder,mlb-stl-cin-2026-05-24-total-12pt5,mlb-stl-cin-2026-05-24-total-11pt5,0.28,0.21,0.07,0.055,2.2,0.07,True,True
2026-07-25T23:33:32+00:00,mlb-stl-cin-2026-05-24,over_ladder,mlb-stl-cin-2026-05-24-total-12pt5,mlb-stl-cin-2026-05-24-total-11pt5,0.28,0.21,0.07,0.055,2.2,0.07,True,True
2026-07-25T23:33:58+00:00,mlb-stl-cin-2026-05-24,over_ladder,mlb-stl-cin-2026-05-24-total-12pt5,mlb-stl-cin-2026-05-24-total-11pt5,0.28,0.21,0.07,0.055,2.2,0.07,True,True
2026-07-25T23:34:23+00:00,mlb-stl-cin-2026-05-24,over_ladder,mlb-stl-cin-2026-05-24-total-12pt5,mlb-stl-cin-2026-05-24-total-11pt5,0.28,0.21,0.07,0.055,2.2,0.07,True,True
2026-07-25T23:34:49+00:00,mlb-stl-cin-2026-05-24,over_ladder,mlb-stl-cin-2026-05-24-total-12pt5,mlb-stl-cin-2026-05-24-total-11pt5,0.28,0.21,0.07,0.055,2.2,0.07,True,True
2026-07-25T23:35:14+00:00,mlb-stl-cin-2026-05-24,over_ladder,mlb-stl-cin-2026-05-24-total-12pt5,mlb-stl-cin-2026-05-24-total-11pt5,0.28,0.21,0.07,0.055,2.2,0.07,True,True
2026-07-25T23:35:40+00:00,mlb-stl-cin-2026-05-24,over_ladder,mlb-stl-cin-2026-05-24-total-12pt5,mlb-stl-cin-2026-05-24-total-11pt5,0.28,0.21,0.07,0.055,2.2,0.07,True,True
2026-07-25T23:36:05+00:00,mlb-stl-cin-2026-05-24,over_ladder,mlb-stl-cin-2026-05-24-total-12pt5,mlb-stl-cin-2026-05-24-total-11pt5,0.28,0.21,0.07,0.055,2.2,0.07,True,True
2026-07-25T23:36:31+00:00,mlb-stl-cin-2026-05-24,over_ladder,mlb-stl-cin-2026-05-24-total-12pt5,mlb-stl-cin-2026-05-24-total-11pt5,0.28,0.21,0.07,0.055,2.2,0.07,True,True
2026-07-25T23:36:57+00:00,mlb-stl-cin-2026-05-24,over_ladder,mlb-stl-cin-2026-05-24-total-12pt5,mlb-stl-cin-2026-05-24-total-11pt5,0.28,0.21,0.07,0.055,2.2,0.07,True,True
2026-07-25T23:37:22+00:00,mlb-stl-cin-2026-05-24,over_ladder,mlb-stl-cin-2026-05-24-total-12pt5,mlb-stl-cin-2026-05-24-total-11pt5,0.28,0.21,0.07,0.055,2.2,0.07,True,True
2026-07-25T23:37:48+00:00,mlb-stl-cin-2026-05-24,over_ladder,mlb-stl-cin-2026-05-24-total-12pt5,mlb-stl-cin-2026-05-24-total-11pt5,0.28,0.21,0.07,0.055,2.2,0.07,True,True
2026-07-25T23:38:13+00:00,mlb-stl-cin-2026-05-24,over_ladder,mlb-stl-cin-2026-05-24-total-12pt5,mlb-stl-cin-2026-05-24-total-11pt5,0.28,0.21,0.07,0.055,2.2,0.07,True,True
2026-07-25T23:38:39+00:00,mlb-stl-cin-2026-05-24,over_ladder,mlb-stl-cin-2026-05-24-total-12pt5,mlb-stl-cin-2026-05-24-total-11pt5,0.28,0.21,0.07,0.055,2.2,0.07,True,True
2026-07-25T23:39:04+00:00,mlb-stl-cin-2026-05-24,over_ladder,mlb-stl-cin-2026-05-24-total-12pt5,mlb-stl-cin-2026-05-24-total-11pt5,0.28,0.21,0.07,0.055,2.2,0.07,True,True
2026-07-25T23:39:30+00:00,mlb-stl-cin-2026-05-24,over_ladder,mlb-stl-cin-2026-05-24-total-12pt5,mlb-stl-cin-2026-05-24-total-11pt5,0.28,0.21,0.07,0.055,2.2,0.07,True,True
2026-07-25T23:39:55+00:00,mlb-stl-cin-2026-05-24,over_ladder,mlb-stl-cin-2026-05-24-total-12pt5,mlb-stl-cin-2026-05-24-total-11pt5,0.28,0.21,0.07,0.055,2.2,0.07,True,True
2026-07-25T23:40:21+00:00,mlb-stl-cin-2026-05-24,over_ladder,mlb-stl-cin-2026-05-24-total-12pt5,mlb-stl-cin-2026-05-24-total-11pt5,0.28,0.21,0.07,0.055,2.2,0.07,True,True
2026-07-25T23:40:46+00:00,mlb-stl-cin-2026-05-24,over_ladder,mlb-stl-cin-2026-05-24-total-12pt5,mlb-stl-cin-2026-05-24-total-11pt5,0.28,0.21,0.07,0.055,2.2,0.07,True,True
2026-07-25T23:41:12+00:00,mlb-stl-cin-2026-05-24,over_ladder,mlb-stl-cin-2026-05-24-total-12pt5,mlb-stl-cin-2026-05-24-total-11pt5,0.28,0.21,0.07,0.055,2.2,0.07,True,True
2026-07-25T23:41:37+00:00,mlb-stl-cin-2026-05-24,over_ladder,mlb-stl-cin-2026-05-24-total-12pt5,mlb-stl-cin-2026-05-24-total-11pt5,0.28,0.21,0.07,0.055,2.2,0.07,True,True
2026-07-25T23:42:03+00:00,mlb-stl-cin-2026-05-24,over_ladder,mlb-stl-cin-2026-05-24-total-12pt5,mlb-stl-cin-2026-05-24-total-11pt5,0.28,0.21,0.07,0.055,2.2,0.07,True,True
2026-07-25T23:42:28+00:00,mlb-stl-cin-2026-05-24,over_ladder,mlb-stl-cin-2026-05-24-total-12pt5,mlb-stl-cin-2026-05-24-total-11pt5,0.28,0.21,0.07,0.055,2.2,0.07,True,True
2026-07-25T23:42:54+00:00,mlb-stl-cin-2026-05-24,over_ladder,mlb-stl-cin-2026-05-24-total-12pt5,mlb-stl-cin-2026-05-24-total-11pt5,0.28,0.21,0.07,0.055,2.2,0.07,True,True
2026-07-25T23:43:20+00:00,mlb-stl-cin-2026-05-24,over_ladder,mlb-stl-cin-2026-05-24-total-12pt5,mlb-stl-cin-2026-05-24-total-11pt5,0.28,0.21,0.07,0.055,2.2,0.07,True,True
2026-07-25T23:43:46+00:00,mlb-stl-cin-2026-05-24,over_ladder,mlb-stl-cin-2026-05-24-total-12pt5,mlb-stl-cin-2026-05-24-total-11pt5,0.28,0.21,0.07,0.055,2.2,0.07,True,True
2026-07-25T23:44:11+00:00,mlb-stl-cin-2026-05-24,over_ladder,mlb-stl-cin-2026-05-24-total-12pt5,mlb-stl-cin-2026-05-24-total-11pt5,0.28,0.21,0.07,0.055,2.2,0.07,True,True
2026-07-25T23:44:37+00:00,mlb-stl-cin-2026-05-24,over_ladder,mlb-stl-cin-2026-05-24-total-12pt5,mlb-stl-cin-2026-05-24-total-11pt5,0.28,0.21,0.07,0.055,2.2,0.07,True,True
2026-07-25T23:45:03+00:00,mlb-stl-cin-2026-05-24,over_ladder,mlb-stl-cin-2026-05-24-total-12pt5,mlb-stl-cin-2026-05-24-total-11pt5,0.28,0.21,0.07,0.055,2.2,0.07,True,True
2026-07-25T23:45:28+00:00,mlb-stl-cin-2026-05-24,over_ladder,mlb-stl-cin-2026-05-24-total-12pt5,mlb-stl-cin-2026-05-24-total-11pt5,0.28,0.21,0.07,0.055,2.2,0.07,True,True
2026-07-25T23:45:54+00:00,mlb-stl-cin-2026-05-24,over_ladder,mlb-stl-cin-2026-05-24-total-12pt5,mlb-stl-cin-2026-05-24-total-11pt5,0.28,0.21,0.07,0.055,2.2,0.07,True,True
2026-07-25T23:46:19+00:00,mlb-stl-cin-2026-05-24,over_ladder,mlb-stl-cin-2026-05-24-total-12pt5,mlb-stl-cin-2026-05-24-total-11pt5,0.28,0.21,0.07,0.055,2.2,0.07,True,True
2026-07-25T23:46:44+00:00,mlb-stl-cin-2026-05-24,over_ladder,mlb-stl-cin-2026-05-24-total-12pt5,mlb-stl-cin-2026-05-24-total-11pt5,0.28,0.21,0.07,0.055,2.2,0.07,True,True
2026-07-25T23:47:10+00:00,mlb-stl-cin-2026-05-24,over_ladder,mlb-stl-cin-2026-05-24-total-12pt5,mlb-stl-cin-2026-05-24-total-11pt5,0.28,0.21,0.07,0.055,2.2,0.07,True,True
2026-07-25T23:47:35+00:00,mlb-stl-cin-2026-05-24,over_ladder,mlb-stl-cin-2026-05-24-total-12pt5,mlb-stl-cin-2026-05-24-total-11pt5,0.28,0.21,0.07,0.055,2.2,0.07,True,True
2026-07-25T23:48:01+00:00,mlb-stl-cin-2026-05-24,over_ladder,mlb-stl-cin-2026-05-24-total-12pt5,mlb-stl-cin-2026-05-24-total-11pt5,0.28,0.21,0.07,0.055,2.2,0.07,True,True
2026-07-25T23:48:26+00:00,mlb-stl-cin-2026-05-24,over_ladder,mlb-stl-cin-2026-05-24-total-12pt5,mlb-stl-cin-2026-05-24-total-11pt5,0.28,0.21,0.07,0.055,2.2,0.07,True,True
2026-07-25T23:48:52+00:00,mlb-stl-cin-2026-05-24,over_ladder,mlb-stl-cin-2026-05-24-total-12pt5,mlb-stl-cin-2026-05-24-total-11pt5,0.28,0.21,0.07,0.055,2.2,0.07,True,True
2026-07-25T23:49:17+00:00,mlb-stl-cin-2026-05-24,over_ladder,mlb-stl-cin-2026-05-24-total-12pt5,mlb-stl-cin-2026-05-24-total-11pt5,0.28,0.21,0.07,0.055,2.2,0.07,True,True
2026-07-25T23:49:43+00:00,mlb-stl-cin-2026-05-24,over_ladder,mlb-stl-cin-2026-05-24-total-12pt5,mlb-stl-cin-2026-05-24-total-11pt5,0.28,0.21,0.07,0.055,2.2,0.07,True,True
2026-07-25T23:50:09+00:00,mlb-stl-cin-2026-05-24,over_ladder,mlb-stl-cin-2026-05-24-total-12pt5,mlb-stl-cin-2026-05-24-total-11pt5,0.28,0.21,0.07,0.055,2.2,0.07,True,True
2026-07-25T23:50:34+00:00,mlb-stl-cin-2026-05-24,over_ladder,mlb-stl-cin-2026-05-24-total-12pt5,mlb-stl-cin-2026-05-24-total-11pt5,0.28,0.21,0.07,0.055,2.2,0.07,True,True
2026-07-25T23:51:00+00:00,mlb-stl-cin-2026-05-24,over_ladder,mlb-stl-cin-2026-05-24-total-12pt5,mlb-stl-cin-2026-05-24-total-11pt5,0.28,0.21,0.07,0.055,2.2,0.07,True,True
2026-07-25T23:51:25+00:00,mlb-stl-cin-2026-05-24,over_ladder,mlb-stl-cin-2026-05-24-total-12pt5,mlb-stl-cin-2026-05-24-total-11pt5,0.28,0.21,0.07,0.055,2.2,0.07,True,True
2026-07-25T23:51:25+00:00,mls-nyc-chi-2026-07-25-more-markets,cover_ladder,mls-nyc-chi-2026-07-25-spread-home-2pt5,mls-nyc-chi-2026-07-25-spread-home-1pt5,0.62,0.51,0.11,0.095,1.0,-0.29,False,True
2026-07-25T23:51:51+00:00,mlb-stl-cin-2026-05-24,over_ladder,mlb-stl-cin-2026-05-24-total-12pt5,mlb-stl-cin-2026-05-24-total-11pt5,0.28,0.21,0.07,0.055,2.2,0.07,True,True
2026-07-25T23:52:16+00:00,mlb-stl-cin-2026-05-24,over_ladder,mlb-stl-cin-2026-05-24-total-12pt5,mlb-stl-cin-2026-05-24-total-11pt5,0.28,0.21,0.07,0.055,2.2,0.07,True,True
2026-07-25T23:52:42+00:00,mlb-stl-cin-2026-05-24,over_ladder,mlb-stl-cin-2026-05-24-total-12pt5,mlb-stl-cin-2026-05-24-total-11pt5,0.28,0.21,0.07,0.055,2.2,0.07,True,True
2026-07-25T23:53:07+00:00,mlb-stl-cin-2026-05-24,over_ladder,mlb-stl-cin-2026-05-24-total-12pt5,mlb-stl-cin-2026-05-24-total-11pt5,0.28,0.21,0.07,0.055,2.2,0.07,True,True
2026-07-25T23:53:34+00:00,mlb-stl-cin-2026-05-24,over_ladder,mlb-stl-cin-2026-05-24-total-12pt5,mlb-stl-cin-2026-05-24-total-11pt5,0.28,0.21,0.07,0.055,2.2,0.07,True,True
2026-07-25T23:53:59+00:00,mlb-stl-cin-2026-05-24,over_ladder,mlb-stl-cin-2026-05-24-total-12pt5,mlb-stl-cin-2026-05-24-total-11pt5,0.28,0.21,0.07,0.055,2.2,0.07,True,True
2026-07-25T23:54:25+00:00,mlb-stl-cin-2026-05-24,over_ladder,mlb-stl-cin-2026-05-24-total-12pt5,mlb-stl-cin-2026-05-24-total-11pt5,0.28,0.21,0.07,0.055,2.2,0.07,True,True
2026-07-25T23:54:50+00:00,mlb-stl-cin-2026-05-24,over_ladder,mlb-stl-cin-2026-05-24-total-12pt5,mlb-stl-cin-2026-05-24-total-11pt5,0.28,0.21,0.07,0.055,2.2,0.07,True,True
2026-07-25T23:55:16+00:00,mlb-stl-cin-2026-05-24,over_ladder,mlb-stl-cin-2026-05-24-total-12pt5,mlb-stl-cin-2026-05-24-total-11pt5,0.28,0.21,0.07,0.055,2.2,0.07,True,True
2026-07-25T23:55:42+00:00,mlb-stl-cin-2026-05-24,over_ladder,mlb-stl-cin-2026-05-24-total-12pt5,mlb-stl-cin-2026-05-24-total-11pt5,0.28,0.21,0.07,0.055,2.2,0.07,True,True
2026-07-25T23:56:07+00:00,mlb-stl-cin-2026-05-24,over_ladder,mlb-stl-cin-2026-05-24-total-12pt5,mlb-stl-cin-2026-05-24-total-11pt5,0.28,0.21,0.07,0.055,2.2,0.07,True,True
2026-07-25T23:56:32+00:00,mlb-stl-cin-2026-05-24,over_ladder,mlb-stl-cin-2026-05-24-total-12pt5,mlb-stl-cin-2026-05-24-total-11pt5,0.28,0.21,0.07,0.055,2.2,0.07,True,True
2026-07-25T23:56:58+00:00,mlb-stl-cin-2026-05-24,over_ladder,mlb-stl-cin-2026-05-24-total-12pt5,mlb-stl-cin-2026-05-24-total-11pt5,0.28,0.21,0.07,0.055,2.2,0.07,True,True
2026-07-25T23:57:24+00:00,mlb-stl-cin-2026-05-24,over_ladder,mlb-stl-cin-2026-05-24-total-12pt5,mlb-stl-cin-2026-05-24-total-11pt5,0.28,0.21,0.07,0.055,2.2,0.07,True,True
2026-07-25T23:57:49+00:00,mlb-stl-cin-2026-05-24,over_ladder,mlb-stl-cin-2026-05-24-total-12pt5,mlb-stl-cin-2026-05-24-total-11pt5,0.28,0.21,0.07,0.055,2.2,0.07,True,True
2026-07-25T23:58:15+00:00,mlb-stl-cin-2026-05-24,over_ladder,mlb-stl-cin-2026-05-24-total-12pt5,mlb-stl-cin-2026-05-24-total-11pt5,0.28,0.21,0.07,0.055,2.2,0.07,True,True
2026-07-25T23:58:40+00:00,mlb-stl-cin-2026-05-24,over_ladder,mlb-stl-cin-2026-05-24-total-12pt5,mlb-stl-cin-2026-05-24-total-11pt5,0.28,0.21,0.07,0.055,2.2,0.07,True,True
2026-07-25T23:59:06+00:00,mlb-stl-cin-2026-05-24,over_ladder,mlb-stl-cin-2026-05-24-total-12pt5,mlb-stl-cin-2026-05-24-total-11pt5,0.28,0.21,0.07,0.055,2.2,0.07,True,True
2026-07-25T23:59:31+00:00,mlb-stl-cin-2026-05-24,over_ladder,mlb-stl-cin-2026-05-24-total-12pt5,mlb-stl-cin-2026-05-24-total-11pt5,0.28,0.21,0.07,0.055,2.2,0.07,True,True
2026-07-25T23:59:57+00:00,mlb-stl-cin-2026-05-24,over_ladder,mlb-stl-cin-2026-05-24-total-12pt5,mlb-stl-cin-2026-05-24-total-11pt5,0.28,0.21,0.07,0.055,2.2,0.07,True,True
2026-07-26T00:00:23+00:00,mlb-stl-cin-2026-05-24,over_ladder,mlb-stl-cin-2026-05-24-total-12pt5,mlb-stl-cin-2026-05-24-total-11pt5,0.28,0.21,0.07,0.055,2.2,0.07,True,True
2026-07-26T00:00:48+00:00,mlb-stl-cin-2026-05-24,over_ladder,mlb-stl-cin-2026-05-24-total-12pt5,mlb-stl-cin-2026-05-24-total-11pt5,0.28,0.21,0.07,0.055,2.2,0.07,True,True
2026-07-26T00:01:14+00:00,mlb-stl-cin-2026-05-24,over_ladder,mlb-stl-cin-2026-05-24-total-12pt5,mlb-stl-cin-2026-05-24-total-11pt5,0.28,0.21,0.07,0.055,2.2,0.07,True,True
2026-07-26T00:01:39+00:00,mlb-stl-cin-2026-05-24,over_ladder,mlb-stl-cin-2026-05-24-total-12pt5,mlb-stl-cin-2026-05-24-total-11pt5,0.28,0.21,0.07,0.055,2.2,0.07,True,True
2026-07-26T00:02:05+00:00,mlb-stl-cin-2026-05-24,over_ladder,mlb-stl-cin-2026-05-24-total-12pt5,mlb-stl-cin-2026-05-24-total-11pt5,0.28,0.21,0.07,0.055,2.2,0.07,True,True
2026-07-26T00:02:30+00:00,mlb-stl-cin-2026-05-24,over_ladder,mlb-stl-cin-2026-05-24-total-12pt5,mlb-stl-cin-2026-05-24-total-11pt5,0.28,0.21,0.07,0.055,2.2,0.07,True,True
2026-07-26T00:02:56+00:00,mlb-stl-cin-2026-05-24,over_ladder,mlb-stl-cin-2026-05-24-total-12pt5,mlb-stl-cin-2026-05-24-total-11pt5,0.28,0.21,0.07,0.055,2.2,0.07,True,True
2026-07-26T00:03:21+00:00,mlb-stl-cin-2026-05-24,over_ladder,mlb-stl-cin-2026-05-24-total-12pt5,mlb-stl-cin-2026-05-24-total-11pt5,0.28,0.21,0.07,0.055,2.2,0.07,True,True
2026-07-26T00:03:48+00:00,mlb-stl-cin-2026-05-24,over_ladder,mlb-stl-cin-2026-05-24-total-12pt5,mlb-stl-cin-2026-05-24-total-11pt5,0.28,0.21,0.07,0.055,2.2,0.07,True,True
2026-07-26T00:04:13+00:00,mlb-stl-cin-2026-05-24,over_ladder,mlb-stl-cin-2026-05-24-total-12pt5,mlb-stl-cin-2026-05-24-total-11pt5,0.28,0.21,0.07,0.055,2.2,0.07,True,True
2026-07-26T00:04:39+00:00,mlb-stl-cin-2026-05-24,over_ladder,mlb-stl-cin-2026-05-24-total-12pt5,mlb-stl-cin-2026-05-24-total-11pt5,0.28,0.21,0.07,0.055,2.2,0.07,True,True
2026-07-26T00:05:04+00:00,mlb-stl-cin-2026-05-24,over_ladder,mlb-stl-cin-2026-05-24-total-12pt5,mlb-stl-cin-2026-05-24-total-11pt5,0.28,0.21,0.07,0.055,2.2,0.07,True,True
2026-07-26T00:05:04+00:00,mlb-tor-chc-2026-06-21,over_ladder,mlb-tor-chc-2026-06-21-total-9pt5,mlb-tor-chc-2026-06-21-total-7pt5,0.16,0.14,0.02,0.005,50.0,0.02,True,True
2026-07-26T00:05:30+00:00,mlb-stl-cin-2026-05-24,over_ladder,mlb-stl-cin-2026-05-24-total-12pt5,mlb-stl-cin-2026-05-24-total-11pt5,0.28,0.21,0.07,0.055,2.2,0.07,True,True
2026-07-26T00:05:30+00:00,mlb-tor-chc-2026-06-21,over_ladder,mlb-tor-chc-2026-06-21-total-9pt5,mlb-tor-chc-2026-06-21-total-7pt5,0.16,0.14,0.02,0.005,50.0,0.02,True,True
2026-07-26T00:05:56+00:00,mlb-stl-cin-2026-05-24,over_ladder,mlb-stl-cin-2026-05-24-total-12pt5,mlb-stl-cin-2026-05-24-total-11pt5,0.28,0.21,0.07,0.055,2.2,0.07,True,True
2026-07-26T00:06:21+00:00,mlb-stl-cin-2026-05-24,over_ladder,mlb-stl-cin-2026-05-24-total-12pt5,mlb-stl-cin-2026-05-24-total-11pt5,0.28,0.21,0.07,0.055,2.2,0.07,True,True
2026-07-26T00:06:46+00:00,mlb-stl-cin-2026-05-24,over_ladder,mlb-stl-cin-2026-05-24-total-12pt5,mlb-stl-cin-2026-05-24-total-11pt5,0.28,0.21,0.07,0.055,2.2,0.07,True,True
2026-07-26T00:07:12+00:00,mlb-stl-cin-2026-05-24,over_ladder,mlb-stl-cin-2026-05-24-total-12pt5,mlb-stl-cin-2026-05-24-total-11pt5,0.28,0.21,0.07,0.055,2.2,0.07,True,True
2026-07-26T00:07:38+00:00,mlb-stl-cin-2026-05-24,over_ladder,mlb-stl-cin-2026-05-24-total-12pt5,mlb-stl-cin-2026-05-24-total-11pt5,0.28,0.21,0.07,0.055,2.2,0.07,True,True
2026-07-26T00:08:03+00:00,mlb-stl-cin-2026-05-24,over_ladder,mlb-stl-cin-2026-05-24-total-12pt5,mlb-stl-cin-2026-05-24-total-11pt5,0.28,0.21,0.07,0.055,2.2,0.07,True,True
2026-07-26T00:08:29+00:00,mlb-stl-cin-2026-05-24,over_ladder,mlb-stl-cin-2026-05-24-total-12pt5,mlb-stl-cin-2026-05-24-total-11pt5,0.28,0.21,0.07,0.055,2.2,0.07,True,True
2026-07-26T00:08:54+00:00,mlb-stl-cin-2026-05-24,over_ladder,mlb-stl-cin-2026-05-24-total-12pt5,mlb-stl-cin-2026-05-24-total-11pt5,0.28,0.21,0.07,0.055,2.2,0.07,True,True
2026-07-26T00:09:20+00:00,mlb-stl-cin-2026-05-24,over_ladder,mlb-stl-cin-2026-05-24-total-12pt5,mlb-stl-cin-2026-05-24-total-11pt5,0.28,0.21,0.07,0.055,2.2,0.07,True,True
2026-07-26T00:09:45+00:00,mlb-stl-cin-2026-05-24,over_ladder,mlb-stl-cin-2026-05-24-total-12pt5,mlb-stl-cin-2026-05-24-total-11pt5,0.28,0.21,0.07,0.055,2.2,0.07,True,True
2026-07-26T00:10:11+00:00,mlb-stl-cin-2026-05-24,over_ladder,mlb-stl-cin-2026-05-24-total-12pt5,mlb-stl-cin-2026-05-24-total-11pt5,0.28,0.21,0.07,0.055,2.2,0.07,True,True
2026-07-26T00:10:37+00:00,mlb-stl-cin-2026-05-24,over_ladder,mlb-stl-cin-2026-05-24-total-12pt5,mlb-stl-cin-2026-05-24-total-11pt5,0.28,0.21,0.07,0.055,2.2,0.07,True,True
2026-07-26T00:11:02+00:00,mlb-stl-cin-2026-05-24,over_ladder,mlb-stl-cin-2026-05-24-total-12pt5,mlb-stl-cin-2026-05-24-total-11pt5,0.28,0.21,0.07,0.055,2.2,0.07,True,True
2026-07-26T00:11:28+00:00,mlb-stl-cin-2026-05-24,over_ladder,mlb-stl-cin-2026-05-24-total-12pt5,mlb-stl-cin-2026-05-24-total-11pt5,0.28,0.21,0.07,0.055,2.2,0.07,True,True
2026-07-26T00:11:53+00:00,mlb-stl-cin-2026-05-24,over_ladder,mlb-stl-cin-2026-05-24-total-12pt5,mlb-stl-cin-2026-05-24-total-11pt5,0.28,0.21,0.07,0.055,2.2,0.07,True,True
2026-07-26T00:12:18+00:00,mlb-stl-cin-2026-05-24,over_ladder,mlb-stl-cin-2026-05-24-total-12pt5,mlb-stl-cin-2026-05-24-total-11pt5,0.28,0.21,0.07,0.055,2.2,0.07,True,True
2026-07-26T00:12:44+00:00,mlb-stl-cin-2026-05-24,over_ladder,mlb-stl-cin-2026-05-24-total-12pt5,mlb-stl-cin-2026-05-24-total-11pt5,0.28,0.21,0.07,0.055,2.2,0.07,True,True
2026-07-26T00:13:10+00:00,mlb-stl-cin-2026-05-24,over_ladder,mlb-stl-cin-2026-05-24-total-12pt5,mlb-stl-cin-2026-05-24-total-11pt5,0.28,0.21,0.07,0.055,2.2,0.07,True,True
2026-07-26T00:13:35+00:00,mlb-stl-cin-2026-05-24,over_ladder,mlb-stl-cin-2026-05-24-total-12pt5,mlb-stl-cin-2026-05-24-total-11pt5,0.28,0.21,0.07,0.055,2.2,0.07,True,True
2026-07-26T00:14:02+00:00,mlb-stl-cin-2026-05-24,over_ladder,mlb-stl-cin-2026-05-24-total-12pt5,mlb-stl-cin-2026-05-24-total-11pt5,0.28,0.21,0.07,0.055,2.2,0.07,True,True
2026-07-26T00:14:27+00:00,mlb-stl-cin-2026-05-24,over_ladder,mlb-stl-cin-2026-05-24-total-12pt5,mlb-stl-cin-2026-05-24-total-11pt5,0.28,0.21,0.07,0.055,2.2,0.07,True,True
2026-07-26T00:14:53+00:00,mlb-stl-cin-2026-05-24,over_ladder,mlb-stl-cin-2026-05-24-total-12pt5,mlb-stl-cin-2026-05-24-total-11pt5,0.28,0.21,0.07,0.055,2.2,0.07,True,True
2026-07-26T00:15:18+00:00,mlb-stl-cin-2026-05-24,over_ladder,mlb-stl-cin-2026-05-24-total-12pt5,mlb-stl-cin-2026-05-24-total-11pt5,0.28,0.21,0.07,0.055,2.2,0.07,True,True
2026-07-26T00:15:44+00:00,mlb-stl-cin-2026-05-24,over_ladder,mlb-stl-cin-2026-05-24-total-12pt5,mlb-stl-cin-2026-05-24-total-11pt5,0.28,0.21,0.07,0.055,2.2,0.07,True,True
2026-07-26T00:16:10+00:00,mlb-stl-cin-2026-05-24,over_ladder,mlb-stl-cin-2026-05-24-total-12pt5,mlb-stl-cin-2026-05-24-total-11pt5,0.28,0.21,0.07,0.055,2.2,0.07,True,True
2026-07-26T00:16:35+00:00,mlb-stl-cin-2026-05-24,over_ladder,mlb-stl-cin-2026-05-24-total-12pt5,mlb-stl-cin-2026-05-24-total-11pt5,0.28,0.21,0.07,0.055,2.2,0.07,True,True
2026-07-26T00:17:01+00:00,mlb-stl-cin-2026-05-24,over_ladder,mlb-stl-cin-2026-05-24-total-12pt5,mlb-stl-cin-2026-05-24-total-11pt5,0.28,0.21,0.07,0.055,2.2,0.07,True,True
2026-07-26T00:17:26+00:00,mlb-stl-cin-2026-05-24,over_ladder,mlb-stl-cin-2026-05-24-total-12pt5,mlb-stl-cin-2026-05-24-total-11pt5,0.28,0.21,0.07,0.055,2.2,0.07,True,True
2026-07-26T00:17:52+00:00,mlb-stl-cin-2026-05-24,over_ladder,mlb-stl-cin-2026-05-24-total-12pt5,mlb-stl-cin-2026-05-24-total-11pt5,0.28,0.21,0.07,0.055,2.2,0.07,True,True
2026-07-26T00:18:17+00:00,mlb-stl-cin-2026-05-24,over_ladder,mlb-stl-cin-2026-05-24-total-12pt5,mlb-stl-cin-2026-05-24-total-11pt5,0.28,0.21,0.07,0.055,2.2,0.07,True,True
2026-07-26T00:18:43+00:00,mlb-stl-cin-2026-05-24,over_ladder,mlb-stl-cin-2026-05-24-total-12pt5,mlb-stl-cin-2026-05-24-total-11pt5,0.28,0.21,0.07,0.055,2.2,0.07,True,True
2026-07-26T00:19:08+00:00,mlb-stl-cin-2026-05-24,over_ladder,mlb-stl-cin-2026-05-24-total-12pt5,mlb-stl-cin-2026-05-24-total-11pt5,0.28,0.21,0.07,0.055,2.2,0.07,True,True
2026-07-26T00:19:34+00:00,mlb-stl-cin-2026-05-24,over_ladder,mlb-stl-cin-2026-05-24-total-12pt5,mlb-stl-cin-2026-05-24-total-11pt5,0.28,0.21,0.07,0.055,2.2,0.07,True,True
2026-07-26T00:19:59+00:00,mlb-stl-cin-2026-05-24,over_ladder,mlb-stl-cin-2026-05-24-total-12pt5,mlb-stl-cin-2026-05-24-total-11pt5,0.28,0.21,0.07,0.055,2.2,0.07,True,True
2026-07-26T00:20:25+00:00,mlb-stl-cin-2026-05-24,over_ladder,mlb-stl-cin-2026-05-24-total-12pt5,mlb-stl-cin-2026-05-24-total-11pt5,0.28,0.21,0.07,0.055,2.2,0.07,True,True
2026-07-26T00:20:51+00:00,mlb-stl-cin-2026-05-24,over_ladder,mlb-stl-cin-2026-05-24-total-12pt5,mlb-stl-cin-2026-05-24-total-11pt5,0.28,0.21,0.07,0.055,2.2,0.07,True,True
2026-07-26T00:21:16+00:00,mlb-stl-cin-2026-05-24,over_ladder,mlb-stl-cin-2026-05-24-total-12pt5,mlb-stl-cin-2026-05-24-total-11pt5,0.28,0.21,0.07,0.055,2.2,0.07,True,True
2026-07-26T00:21:42+00:00,mlb-stl-cin-2026-05-24,over_ladder,mlb-stl-cin-2026-05-24-total-12pt5,mlb-stl-cin-2026-05-24-total-11pt5,0.28,0.21,0.07,0.055,2.2,0.07,True,True
2026-07-26T00:22:07+00:00,mlb-stl-cin-2026-05-24,over_ladder,mlb-stl-cin-2026-05-24-total-12pt5,mlb-stl-cin-2026-05-24-total-11pt5,0.28,0.21,0.07,0.055,2.2,0.07,True,True
2026-07-26T00:22:32+00:00,mlb-stl-cin-2026-05-24,over_ladder,mlb-stl-cin-2026-05-24-total-12pt5,mlb-stl-cin-2026-05-24-total-11pt5,0.28,0.21,0.07,0.055,2.2,0.07,True,True
2026-07-26T00:22:58+00:00,mlb-stl-cin-2026-05-24,over_ladder,mlb-stl-cin-2026-05-24-total-12pt5,mlb-stl-cin-2026-05-24-total-11pt5,0.28,0.21,0.07,0.055,2.2,0.07,True,True
2026-07-26T00:23:24+00:00,mlb-stl-cin-2026-05-24,over_ladder,mlb-stl-cin-2026-05-24-total-12pt5,mlb-stl-cin-2026-05-24-total-11pt5,0.28,0.21,0.07,0.055,2.2,0.07,True,True
2026-07-26T00:23:49+00:00,mlb-stl-cin-2026-05-24,over_ladder,mlb-stl-cin-2026-05-24-total-12pt5,mlb-stl-cin-2026-05-24-total-11pt5,0.28,0.21,0.07,0.055,2.2,0.07,True,True
2026-07-26T00:24:16+00:00,mlb-stl-cin-2026-05-24,over_ladder,mlb-stl-cin-2026-05-24-total-12pt5,mlb-stl-cin-2026-05-24-total-11pt5,0.28,0.21,0.07,0.055,2.2,0.07,True,True
2026-07-26T00:24:41+00:00,mlb-stl-cin-2026-05-24,over_ladder,mlb-stl-cin-2026-05-24-total-12pt5,mlb-stl-cin-2026-05-24-total-11pt5,0.28,0.21,0.07,0.055,2.2,0.07,True,True
2026-07-26T00:25:07+00:00,mlb-stl-cin-2026-05-24,over_ladder,mlb-stl-cin-2026-05-24-total-12pt5,mlb-stl-cin-2026-05-24-total-11pt5,0.28,0.21,0.07,0.055,2.2,0.07,True,True
2026-07-26T00:25:32+00:00,mlb-stl-cin-2026-05-24,over_ladder,mlb-stl-cin-2026-05-24-total-12pt5,mlb-stl-cin-2026-05-24-total-11pt5,0.28,0.21,0.07,0.055,2.2,0.07,True,True
2026-07-26T00:25:58+00:00,mlb-stl-cin-2026-05-24,over_ladder,mlb-stl-cin-2026-05-24-total-12pt5,mlb-stl-cin-2026-05-24-total-11pt5,0.28,0.21,0.07,0.055,2.2,0.07,True,True
2026-07-26T00:26:23+00:00,mlb-stl-cin-2026-05-24,over_ladder,mlb-stl-cin-2026-05-24-total-12pt5,mlb-stl-cin-2026-05-24-total-11pt5,0.28,0.21,0.07,0.055,2.2,0.07,True,True
2026-07-26T00:26:49+00:00,mlb-chc-pit-2026-07-25,spread_implies_ml,mlb-chc-pit-2026-07-25-spread-home-1pt5,mlb-chc-pit-2026-07-25,0.01,0.008,0.002,0.0002,24.0,0.002,True,True
2026-07-26T00:26:49+00:00,mlb-chc-pit-2026-07-25,spread_implies_ml,mlb-chc-pit-2026-07-25-spread-home-2pt5,mlb-chc-pit-2026-07-25,0.01,0.008,0.002,0.0002,25.0,0.002,True,True
2026-07-26T00:26:49+00:00,mlb-stl-cin-2026-05-24,over_ladder,mlb-stl-cin-2026-05-24-total-12pt5,mlb-stl-cin-2026-05-24-total-11pt5,0.28,0.21,0.07,0.055,2.2,0.07,True,True
2026-07-26T00:27:15+00:00,mlb-chc-pit-2026-07-25,spread_implies_ml,mlb-chc-pit-2026-07-25-spread-home-1pt5,mlb-chc-pit-2026-07-25,0.01,0.008,0.002,0.0002,24.0,0.002,True,True
2026-07-26T00:27:15+00:00,mlb-chc-pit-2026-07-25,spread_implies_ml,mlb-chc-pit-2026-07-25-spread-home-2pt5,mlb-chc-pit-2026-07-25,0.01,0.008,0.002,0.0002,25.0,0.002,True,True
2026-07-26T00:27:15+00:00,mlb-stl-cin-2026-05-24,over_ladder,mlb-stl-cin-2026-05-24-total-12pt5,mlb-stl-cin-2026-05-24-total-11pt5,0.28,0.21,0.07,0.055,2.2,0.07,True,True
2026-07-26T00:27:40+00:00,mlb-chc-pit-2026-07-25,spread_implies_ml,mlb-chc-pit-2026-07-25-spread-home-1pt5,mlb-chc-pit-2026-07-25,0.01,0.008,0.002,0.0002,24.0,0.002,True,True
2026-07-26T00:27:40+00:00,mlb-chc-pit-2026-07-25,spread_implies_ml,mlb-chc-pit-2026-07-25-spread-home-2pt5,mlb-chc-pit-2026-07-25,0.01,0.008,0.002,0.0002,25.0,0.002,True,True
2026-07-26T00:27:40+00:00,mlb-stl-cin-2026-05-24,over_ladder,mlb-stl-cin-2026-05-24-total-12pt5,mlb-stl-cin-2026-05-24-total-11pt5,0.28,0.21,0.07,0.055,2.2,0.07,True,True
2026-07-26T00:28:06+00:00,mlb-chc-pit-2026-07-25,spread_implies_ml,mlb-chc-pit-2026-07-25-spread-home-1pt5,mlb-chc-pit-2026-07-25,0.01,0.008,0.002,0.0002,24.0,0.002,True,True
2026-07-26T00:28:06+00:00,mlb-chc-pit-2026-07-25,spread_implies_ml,mlb-chc-pit-2026-07-25-spread-home-2pt5,mlb-chc-pit-2026-07-25,0.01,0.008,0.002,0.0002,25.0,0.002,True,True
2026-07-26T00:28:06+00:00,mlb-stl-cin-2026-05-24,over_ladder,mlb-stl-cin-2026-05-24-total-12pt5,mlb-stl-cin-2026-05-24-total-11pt5,0.28,0.21,0.07,0.055,2.2,0.07,True,True
2026-07-26T00:28:31+00:00,mlb-chc-pit-2026-07-25,spread_implies_ml,mlb-chc-pit-2026-07-25-spread-home-1pt5,mlb-chc-pit-2026-07-25,0.01,0.008,0.002,0.0002,24.0,0.002,True,True
2026-07-26T00:28:31+00:00,mlb-chc-pit-2026-07-25,spread_implies_ml,mlb-chc-pit-2026-07-25-spread-home-2pt5,mlb-chc-pit-2026-07-25,0.01,0.008,0.002,0.0002,25.0,0.002,True,True
2026-07-26T00:28:31+00:00,mlb-stl-cin-2026-05-24,over_ladder,mlb-stl-cin-2026-05-24-total-12pt5,mlb-stl-cin-2026-05-24-total-11pt5,0.28,0.21,0.07,0.055,2.2,0.07,True,True
2026-07-26T00:28:57+00:00,mlb-chc-pit-2026-07-25,spread_implies_ml,mlb-chc-pit-2026-07-25-spread-home-1pt5,mlb-chc-pit-2026-07-25,0.01,0.008,0.002,0.0002,24.0,0.002,True,True
2026-07-26T00:28:57+00:00,mlb-chc-pit-2026-07-25,spread_implies_ml,mlb-chc-pit-2026-07-25-spread-home-2pt5,mlb-chc-pit-2026-07-25,0.01,0.008,0.002,0.0002,25.0,0.002,True,True
2026-07-26T00:28:57+00:00,mlb-stl-cin-2026-05-24,over_ladder,mlb-stl-cin-2026-05-24-total-12pt5,mlb-stl-cin-2026-05-24-total-11pt5,0.28,0.21,0.07,0.055,2.2,0.07,True,True
2026-07-26T00:29:23+00:00,mlb-chc-pit-2026-07-25,spread_implies_ml,mlb-chc-pit-2026-07-25-spread-home-1pt5,mlb-chc-pit-2026-07-25,0.01,0.008,0.002,0.0002,24.0,0.002,True,True
2026-07-26T00:29:23+00:00,mlb-chc-pit-2026-07-25,spread_implies_ml,mlb-chc-pit-2026-07-25-spread-home-2pt5,mlb-chc-pit-2026-07-25,0.01,0.008,0.002,0.0002,25.0,0.002,True,True
2026-07-26T00:29:23+00:00,mlb-stl-cin-2026-05-24,over_ladder,mlb-stl-cin-2026-05-24-total-12pt5,mlb-stl-cin-2026-05-24-total-11pt5,0.28,0.21,0.07,0.055,2.2,0.07,True,True
2026-07-26T00:29:48+00:00,mlb-chc-pit-2026-07-25,spread_implies_ml,mlb-chc-pit-2026-07-25-spread-home-1pt5,mlb-chc-pit-2026-07-25,0.01,0.008,0.002,0.0002,24.0,0.002,True,True
2026-07-26T00:29:48+00:00,mlb-chc-pit-2026-07-25,spread_implies_ml,mlb-chc-pit-2026-07-25-spread-home-2pt5,mlb-chc-pit-2026-07-25,0.01,0.008,0.002,0.0002,25.0,0.002,True,True
2026-07-26T00:29:48+00:00,mlb-stl-cin-2026-05-24,over_ladder,mlb-stl-cin-2026-05-24-total-12pt5,mlb-stl-cin-2026-05-24-total-11pt5,0.28,0.21,0.07,0.055,2.2,0.07,True,True
2026-07-26T00:30:14+00:00,mlb-chc-pit-2026-07-25,spread_implies_ml,mlb-chc-pit-2026-07-25-spread-home-1pt5,mlb-chc-pit-2026-07-25,0.01,0.008,0.002,0.0002,24.0,0.002,True,True
2026-07-26T00:30:14+00:00,mlb-chc-pit-2026-07-25,spread_implies_ml,mlb-chc-pit-2026-07-25-spread-home-2pt5,mlb-chc-pit-2026-07-25,0.01,0.008,0.002,0.0002,25.0,0.002,True,True
2026-07-26T00:30:14+00:00,mlb-stl-cin-2026-05-24,over_ladder,mlb-stl-cin-2026-05-24-total-12pt5,mlb-stl-cin-2026-05-24-total-11pt5,0.28,0.21,0.07,0.055,2.2,0.07,True,True
2026-07-26T00:30:39+00:00,mlb-chc-pit-2026-07-25,spread_implies_ml,mlb-chc-pit-2026-07-25-spread-home-1pt5,mlb-chc-pit-2026-07-25,0.01,0.008,0.002,0.0002,24.0,0.003,True,True
2026-07-26T00:30:39+00:00,mlb-chc-pit-2026-07-25,spread_implies_ml,mlb-chc-pit-2026-07-25-spread-home-2pt5,mlb-chc-pit-2026-07-25,0.01,0.008,0.002,0.0002,25.0,0.003,True,True
2026-07-26T00:30:39+00:00,mlb-stl-cin-2026-05-24,over_ladder,mlb-stl-cin-2026-05-24-total-12pt5,mlb-stl-cin-2026-05-24-total-11pt5,0.28,0.21,0.07,0.055,2.2,0.07,True,True
2026-07-26T00:31:05+00:00,mlb-chc-pit-2026-07-25,spread_implies_ml,mlb-chc-pit-2026-07-25-spread-home-1pt5,mlb-chc-pit-2026-07-25,0.01,0.007,0.003,0.0013,24.0,0.003,True,True
2026-07-26T00:31:05+00:00,mlb-chc-pit-2026-07-25,spread_implies_ml,mlb-chc-pit-2026-07-25-spread-home-2pt5,mlb-chc-pit-2026-07-25,0.01,0.007,0.003,0.0013,25.0,0.003,True,True
2026-07-26T00:31:05+00:00,mlb-stl-cin-2026-05-24,over_ladder,mlb-stl-cin-2026-05-24-total-12pt5,mlb-stl-cin-2026-05-24-total-11pt5,0.28,0.21,0.07,0.055,2.2,0.07,True,True
2026-07-26T00:31:31+00:00,mlb-chc-pit-2026-07-25,spread_implies_ml,mlb-chc-pit-2026-07-25-spread-home-1pt5,mlb-chc-pit-2026-07-25,0.01,0.008,0.002,0.0002,24.0,0.002,True,True
2026-07-26T00:31:31+00:00,mlb-chc-pit-2026-07-25,spread_implies_ml,mlb-chc-pit-2026-07-25-spread-home-2pt5,mlb-chc-pit-2026-07-25,0.01,0.008,0.002,0.0002,25.0,0.002,True,True
2026-07-26T00:31:31+00:00,mlb-stl-cin-2026-05-24,over_ladder,mlb-stl-cin-2026-05-24-total-12pt5,mlb-stl-cin-2026-05-24-total-11pt5,0.28,0.21,0.07,0.055,2.2,0.07,True,True
2026-07-26T00:31:56+00:00,mlb-chc-pit-2026-07-25,spread_implies_ml,mlb-chc-pit-2026-07-25-spread-home-1pt5,mlb-chc-pit-2026-07-25,0.01,0.008,0.002,0.0002,24.0,0.002,True,True
2026-07-26T00:31:56+00:00,mlb-chc-pit-2026-07-25,spread_implies_ml,mlb-chc-pit-2026-07-25-spread-home-2pt5,mlb-chc-pit-2026-07-25,0.01,0.008,0.002,0.0002,25.0,0.002,True,True
2026-07-26T00:31:56+00:00,mlb-stl-cin-2026-05-24,over_ladder,mlb-stl-cin-2026-05-24-total-12pt5,mlb-stl-cin-2026-05-24-total-11pt5,0.28,0.21,0.07,0.055,2.2,0.07,True,True
2026-07-26T00:32:22+00:00,mlb-chc-pit-2026-07-25,spread_implies_ml,mlb-chc-pit-2026-07-25-spread-home-1pt5,mlb-chc-pit-2026-07-25,0.01,0.008,0.002,0.0002,24.0,0.002,True,True
2026-07-26T00:32:22+00:00,mlb-chc-pit-2026-07-25,spread_implies_ml,mlb-chc-pit-2026-07-25-spread-home-2pt5,mlb-chc-pit-2026-07-25,0.01,0.008,0.002,0.0002,25.0,0.002,True,True
2026-07-26T00:32:22+00:00,mlb-stl-cin-2026-05-24,over_ladder,mlb-stl-cin-2026-05-24-total-12pt5,mlb-stl-cin-2026-05-24-total-11pt5,0.28,0.21,0.07,0.055,2.2,0.07,True,True
2026-07-26T00:32:48+00:00,mlb-chc-pit-2026-07-25,spread_implies_ml,mlb-chc-pit-2026-07-25-spread-home-1pt5,mlb-chc-pit-2026-07-25,0.01,0.008,0.002,0.0002,24.0,0.002,True,True
2026-07-26T00:32:48+00:00,mlb-chc-pit-2026-07-25,spread_implies_ml,mlb-chc-pit-2026-07-25-spread-home-2pt5,mlb-chc-pit-2026-07-25,0.01,0.008,0.002,0.0002,25.0,0.002,True,True
2026-07-26T00:32:48+00:00,mlb-stl-cin-2026-05-24,over_ladder,mlb-stl-cin-2026-05-24-total-12pt5,mlb-stl-cin-2026-05-24-total-11pt5,0.28,0.21,0.07,0.055,2.2,0.07,True,True
2026-07-26T00:33:13+00:00,mlb-chc-pit-2026-07-25,spread_implies_ml,mlb-chc-pit-2026-07-25-spread-home-1pt5,mlb-chc-pit-2026-07-25,0.01,0.009,0.001,-0.0009,24.0,,,
2026-07-26T00:33:13+00:00,mlb-chc-pit-2026-07-25,spread_implies_ml,mlb-chc-pit-2026-07-25-spread-home-2pt5,mlb-chc-pit-2026-07-25,0.01,0.009,0.001,-0.0009,25.0,,,
2026-07-26T00:33:13+00:00,mlb-stl-cin-2026-05-24,over_ladder,mlb-stl-cin-2026-05-24-total-12pt5,mlb-stl-cin-2026-05-24-total-11pt5,0.28,0.21,0.07,0.055,2.2,0.07,True,True
2026-07-26T00:33:39+00:00,mlb-stl-cin-2026-05-24,over_ladder,mlb-stl-cin-2026-05-24-total-12pt5,mlb-stl-cin-2026-05-24-total-11pt5,0.28,0.21,0.07,0.055,2.2,0.07,True,True
2026-07-26T00:34:04+00:00,mlb-stl-cin-2026-05-24,over_ladder,mlb-stl-cin-2026-05-24-total-12pt5,mlb-stl-cin-2026-05-24-total-11pt5,0.28,0.21,0.07,0.055,2.2,0.07,True,True
2026-07-26T00:34:31+00:00,mlb-stl-cin-2026-05-24,over_ladder,mlb-stl-cin-2026-05-24-total-12pt5,mlb-stl-cin-2026-05-24-total-11pt5,0.28,0.21,0.07,0.055,2.2,0.07,True,True
2026-07-26T00:34:56+00:00,mlb-stl-cin-2026-05-24,over_ladder,mlb-stl-cin-2026-05-24-total-12pt5,mlb-stl-cin-2026-05-24-total-11pt5,0.28,0.21,0.07,0.055,2.2,0.07,True,True
2026-07-26T00:35:22+00:00,mlb-stl-cin-2026-05-24,over_ladder,mlb-stl-cin-2026-05-24-total-12pt5,mlb-stl-cin-2026-05-24-total-11pt5,0.28,0.21,0.07,0.055,2.2,0.07,True,True
2026-07-26T00:35:48+00:00,mlb-stl-cin-2026-05-24,over_ladder,mlb-stl-cin-2026-05-24-total-12pt5,mlb-stl-cin-2026-05-24-total-11pt5,0.28,0.21,0.07,0.055,2.2,0.07,True,True
2026-07-26T00:36:13+00:00,mlb-stl-cin-2026-05-24,over_ladder,mlb-stl-cin-2026-05-24-total-12pt5,mlb-stl-cin-2026-05-24-total-11pt5,0.28,0.21,0.07,0.055,2.2,0.07,True,True
2026-07-26T00:36:39+00:00,mlb-stl-cin-2026-05-24,over_ladder,mlb-stl-cin-2026-05-24-total-12pt5,mlb-stl-cin-2026-05-24-total-11pt5,0.28,0.21,0.07,0.055,2.2,0.07,True,True
2026-07-26T00:37:04+00:00,mlb-stl-cin-2026-05-24,over_ladder,mlb-stl-cin-2026-05-24-total-12pt5,mlb-stl-cin-2026-05-24-total-11pt5,0.28,0.21,0.07,0.055,2.2,0.07,True,True
2026-07-26T00:37:30+00:00,mlb-stl-cin-2026-05-24,over_ladder,mlb-stl-cin-2026-05-24-total-12pt5,mlb-stl-cin-2026-05-24-total-11pt5,0.28,0.21,0.07,0.055,2.2,0.07,True,True
2026-07-26T00:37:55+00:00,mlb-stl-cin-2026-05-24,over_ladder,mlb-stl-cin-2026-05-24-total-12pt5,mlb-stl-cin-2026-05-24-total-11pt5,0.28,0.21,0.07,0.055,2.2,0.07,True,True
2026-07-26T00:38:21+00:00,mlb-stl-cin-2026-05-24,over_ladder,mlb-stl-cin-2026-05-24-total-12pt5,mlb-stl-cin-2026-05-24-total-11pt5,0.28,0.21,0.07,0.055,2.2,0.07,True,True
2026-07-26T00:38:46+00:00,mlb-stl-cin-2026-05-24,over_ladder,mlb-stl-cin-2026-05-24-total-12pt5,mlb-stl-cin-2026-05-24-total-11pt5,0.28,0.21,0.07,0.055,2.2,0.07,True,True
2026-07-26T00:39:12+00:00,mlb-stl-cin-2026-05-24,over_ladder,mlb-stl-cin-2026-05-24-total-12pt5,mlb-stl-cin-2026-05-24-total-11pt5,0.28,0.21,0.07,0.055,2.2,0.07,True,True
2026-07-26T00:39:37+00:00,mlb-stl-cin-2026-05-24,over_ladder,mlb-stl-cin-2026-05-24-total-12pt5,mlb-stl-cin-2026-05-24-total-11pt5,0.28,0.21,0.07,0.055,2.2,0.07,True,True
2026-07-26T00:40:03+00:00,mlb-stl-cin-2026-05-24,over_ladder,mlb-stl-cin-2026-05-24-total-12pt5,mlb-stl-cin-2026-05-24-total-11pt5,0.28,0.21,0.07,0.055,2.2,0.07,True,True
2026-07-26T00:40:29+00:00,mlb-stl-cin-2026-05-24,over_ladder,mlb-stl-cin-2026-05-24-total-12pt5,mlb-stl-cin-2026-05-24-total-11pt5,0.28,0.21,0.07,0.055,2.2,0.07,True,True
2026-07-26T00:40:54+00:00,mlb-stl-cin-2026-05-24,over_ladder,mlb-stl-cin-2026-05-24-total-12pt5,mlb-stl-cin-2026-05-24-total-11pt5,0.28,0.21,0.07,0.055,2.2,0.07,True,True
2026-07-26T00:41:20+00:00,mlb-stl-cin-2026-05-24,over_ladder,mlb-stl-cin-2026-05-24-total-12pt5,mlb-stl-cin-2026-05-24-total-11pt5,0.28,0.21,0.07,0.055,2.2,0.07,True,True
2026-07-26T00:41:45+00:00,mlb-stl-cin-2026-05-24,over_ladder,mlb-stl-cin-2026-05-24-total-12pt5,mlb-stl-cin-2026-05-24-total-11pt5,0.28,0.21,0.07,0.055,2.2,0.07,True,True
